<?xml version="1.0" encoding="UTF-8"?>
<root>
  <language id="english">
  <!-- New Monster -->
  <entry id="str_monstername_crab_raiju_D"><![CDATA[Redoubtable Raiju]]></entry>
  
  <entry id="str_monstername_crab_shinobi_A"><![CDATA[Novice Iga-Gani]]></entry>
  <entry id="str_monstername_crab_shinobi_B"><![CDATA[Practiced Iga-Gani]]></entry>
  <entry id="str_monstername_crab_shinobi_C"><![CDATA[Deft Iga-Gani]]></entry>
  <entry id="str_monstername_crab_shinobi_G"><![CDATA[Novice Iga-Gani]]></entry>
  <entry id="str_monstername_crab_shinobi_H"><![CDATA[Practiced Iga-Gani]]></entry>
  <entry id="str_monstername_crab_shinobi_I"><![CDATA[Deft Iga-Gani]]></entry>
  <!-- Monster Attacks -->
  <entry id="str_monster_skill_raiju_melee"><![CDATA[Skyward Swing]]></entry>
  <entry id="str_monster_skill_raiju_gunshot"><![CDATA[Blast the Backline]]></entry>
  <entry id="str_monster_skill_raiju_affliction"><![CDATA[Skewered Psyche]]></entry>
  <entry id="str_monster_skill_raiju_virtue"><![CDATA[Skewered Psyche]]></entry>
  
  <entry id="str_monster_skill_raiju_virtued_melee"><![CDATA[Thunderous Strike]]></entry>
  <entry id="str_monster_skill_raiju_virtued_act_out1"><![CDATA[Unfaltering Repose]]></entry>
  <entry id="str_monster_skill_raiju_virtued_act_out2"><![CDATA[Unfaltering Repose]]></entry>
  <entry id="str_monster_skill_raiju_virtued_act_out3"><![CDATA[Unfaltering Repose]]></entry>
  <entry id="str_monster_skill_raiju_revert_virtued"><![CDATA[Return to Reality]]></entry>
  
  <entry id="str_monster_skill_raiju_afflicted_gunshot"><![CDATA[Eldritch Blast]]></entry>
  <entry id="str_monster_skill_raiju_afflicted_act_out1"><![CDATA[Unfathomable Dread]]></entry>
  <entry id="str_monster_skill_raiju_afflicted_act_out2"><![CDATA[Unfathomable Dread]]></entry>
  <entry id="str_monster_skill_raiju_afflicted_act_out3"><![CDATA[Unfathomable Dread]]></entry>
  <entry id="str_monster_skill_raiju_revert_afflicted"><![CDATA[Return to Reality]]></entry>
  
  <entry id="str_raiju_virtue"><![CDATA[A clear sky fears not the thunder!]]></entry>
  <entry id="str_raiju_virtue"><![CDATA[Lightning never strikes the same place twice!]]></entry>
  <entry id="str_raiju_affliction"><![CDATA[Spiralling madness claims this one too...]]></entry>
  <entry id="str_raiju_affliction"><![CDATA[What a familiar sight...]]></entry>
  <entry id="jester+str_raiju_affliction"><![CDATA[That sickle...]]></entry>
  
  <entry id="str_monster_skill_crab_shinobi_slice"><![CDATA[Swift Sunder]]></entry>
  <entry id="str_monster_skill_crab_shinobi_lightning"><![CDATA[Blade of Lightning]]></entry>
  <entry id="str_monster_skill_crab_shinobi_shuriken"><![CDATA[Shuriken Sling]]></entry>
  <entry id="str_monster_skill_crab_shinobi_chains"><![CDATA[Chain Down]]></entry>
  <entry id="str_monster_skill_crab_shinobi_shadow_step"><![CDATA[Umbral Retreat]]></entry>
  <!-- Buffs -->
  <entry id="buff_stat_tooltip_upgrade_discount_raiju_tooltip_on_crit"><![CDATA[Gains buffs on crit]]></entry>
  <entry id="buff_stat_tooltip_upgrade_discount_raiju_tooltip_resolve"><![CDATA[Suffers from resolve checks]]></entry>
  
  <entry id="buff_stat_tooltip_upgrade_discount_raiju_trinket_on_crit"><![CDATA[On Attack Crit: {colour_start|buff}Buffs Self:{colour_end} +2%% CRT while {colour_start|afflicted}Afflicted{colour_end} and]]></entry>
  <entry id="buff_stat_tooltip_upgrade_discount_raiju_trinket_on_crit2"><![CDATA[+3%% PROT while {colour_start|virtue}Virtued{colour_end} (Both Last Whole Quest)]]></entry>

  <entry id="buff_stat_tooltip_combat_stat_multiply_crit_chance"><![CDATA[%+d%% CRT Multiplier]]></entry>
  <entry id="buff_stat_tooltip_stress_heal_percent_hero_crit"><![CDATA[%+d%% {colour_start|stress}Stress{colour_end} Healing Done from Crits]]></entry>
  <entry id="trinket_melee_attack_skill_additional_effects_hit"><![CDATA[On Melee Attack Hit:]]></entry>
  <entry id="trinket_ranged_attack_skill_additional_effects_hit"><![CDATA[On Ranged Attack Hit:]]></entry>
  <!-- Trinkets -->
  <entry id="str_inventory_title_trinketraiju_gun"><![CDATA[Triple-Barrel Teppo]]></entry>
  <entry id="str_inventory_title_trinketraiju_kanabo"><![CDATA[Iron Thunder]]></entry>
  <entry id="str_inventory_title_trinketraiju_head"><![CDATA[Splintered Encephalon]]></entry>
  <entry id="str_inventory_set_title_crab_raiju_set"><![CDATA["His demented laughs pierced further than his sickle..."]]></entry>
  <entry id="trinket_rarity_crab_sakura"><![CDATA[Sunward]]></entry>
  
  <!-- Plot Quest and Town Events -->
  <entry id="town_quest_name_plot_raiju_crab"><![CDATA[Rumbling of Thunder]]></entry>
  <entry id="str_plot_raiju_crab_tip"><![CDATA[The sickle left in its head causes the Raiju to relive some of its past as a human. This causes it to go through resolve checks similar to your characters.]]></entry>
  <entry id="str_returned_from_plot_raiju_crab_failure"><![CDATA[{?hero_names}%s failed to subdue the Raiju]]></entry>
  <entry id="str_returned_from_plot_raiju_crab_success"><![CDATA[{?hero_names}%s slayed the Raiju!]]></entry>
  <entry id="town_quest_description_plot_raiju_crab"><![CDATA[Someone has attacked a Raiju! The now provoked crustacean is now going on murderous frenzy, butchering anything it comes across. Put this savage down before it destroys the whole archipelago!]]></entry>
  
  <entry id="str_roaming_tooltip_ninja"><![CDATA[The followers of the Raiju hunt for you!]]></entry>
  
  </language>
  <language id="french">
   <!-- New Monster -->
  <entry id="str_monstername_crab_raiju_D"><![CDATA[Redoubtable Raiju]]></entry>
  
  <entry id="str_monstername_crab_shinobi_A"><![CDATA[Novice Iga-Gani]]></entry>
  <entry id="str_monstername_crab_shinobi_B"><![CDATA[Practiced Iga-Gani]]></entry>
  <entry id="str_monstername_crab_shinobi_C"><![CDATA[Deft Iga-Gani]]></entry>
  <entry id="str_monstername_crab_shinobi_G"><![CDATA[Novice Iga-Gani]]></entry>
  <entry id="str_monstername_crab_shinobi_H"><![CDATA[Practiced Iga-Gani]]></entry>
  <entry id="str_monstername_crab_shinobi_I"><![CDATA[Deft Iga-Gani]]></entry>
  <!-- Monster Attacks -->
  <entry id="str_monster_skill_raiju_melee"><![CDATA[Skyward Swing]]></entry>
  <entry id="str_monster_skill_raiju_gunshot"><![CDATA[Blast the Backline]]></entry>
  <entry id="str_monster_skill_raiju_affliction"><![CDATA[Skewered Psyche]]></entry>
  <entry id="str_monster_skill_raiju_virtue"><![CDATA[Skewered Psyche]]></entry>
  
  <entry id="str_monster_skill_raiju_virtued_melee"><![CDATA[Thunderous Strike]]></entry>
  <entry id="str_monster_skill_raiju_virtued_act_out1"><![CDATA[Unfaltering Repose]]></entry>
  <entry id="str_monster_skill_raiju_virtued_act_out2"><![CDATA[Unfaltering Repose]]></entry>
  <entry id="str_monster_skill_raiju_virtued_act_out3"><![CDATA[Unfaltering Repose]]></entry>
  <entry id="str_monster_skill_raiju_revert_virtued"><![CDATA[Return to Reality]]></entry>
  
  <entry id="str_monster_skill_raiju_afflicted_gunshot"><![CDATA[Eldritch Blast]]></entry>
  <entry id="str_monster_skill_raiju_afflicted_act_out1"><![CDATA[Unfathomable Dread]]></entry>
  <entry id="str_monster_skill_raiju_afflicted_act_out2"><![CDATA[Unfathomable Dread]]></entry>
  <entry id="str_monster_skill_raiju_afflicted_act_out3"><![CDATA[Unfathomable Dread]]></entry>
  <entry id="str_monster_skill_raiju_revert_afflicted"><![CDATA[Return to Reality]]></entry>
  
  <entry id="str_raiju_virtue"><![CDATA[A clear sky fears not the thunder!]]></entry>
  <entry id="str_raiju_virtue"><![CDATA[Lightning never strikes the same place twice!]]></entry>
  <entry id="str_raiju_affliction"><![CDATA[Spiralling madness claims this one too...]]></entry>
  <entry id="str_raiju_affliction"><![CDATA[What a familiar sight...]]></entry>
  <entry id="jester+str_raiju_affliction"><![CDATA[That sickle...]]></entry>
  
  <entry id="str_monster_skill_crab_shinobi_slice"><![CDATA[Swift Sunder]]></entry>
  <entry id="str_monster_skill_crab_shinobi_lightning"><![CDATA[Blade of Lightning]]></entry>
  <entry id="str_monster_skill_crab_shinobi_shuriken"><![CDATA[Shuriken Sling]]></entry>
  <entry id="str_monster_skill_crab_shinobi_chains"><![CDATA[Chain Down]]></entry>
  <entry id="str_monster_skill_crab_shinobi_shadow_step"><![CDATA[Umbral Retreat]]></entry>
  <!-- Buffs -->
  <entry id="buff_stat_tooltip_upgrade_discount_raiju_tooltip_on_crit"><![CDATA[Gains buffs on crit]]></entry>
  <entry id="buff_stat_tooltip_upgrade_discount_raiju_tooltip_resolve"><![CDATA[Suffers from resolve checks]]></entry>
  
  <entry id="buff_stat_tooltip_upgrade_discount_raiju_trinket_on_crit"><![CDATA[On Attack Crit: {colour_start|buff}Buffs Self:{colour_end} +2%% CRT while {colour_start|afflicted}Afflicted{colour_end} and]]></entry>
  <entry id="buff_stat_tooltip_upgrade_discount_raiju_trinket_on_crit2"><![CDATA[+3%% PROT while {colour_start|virtue}Virtued{colour_end} (Both Last Whole Quest)]]></entry>

  <entry id="buff_stat_tooltip_combat_stat_multiply_crit_chance"><![CDATA[%+d%% CRT Multiplier]]></entry>
  <entry id="buff_stat_tooltip_stress_heal_percent_hero_crit"><![CDATA[%+d%% {colour_start|stress}Stress{colour_end} Healing Done from Crits]]></entry>
  <entry id="trinket_melee_attack_skill_additional_effects_hit"><![CDATA[On Melee Attack Hit:]]></entry>
  <entry id="trinket_ranged_attack_skill_additional_effects_hit"><![CDATA[On Ranged Attack Hit:]]></entry>
  <!-- Trinkets -->
  <entry id="str_inventory_title_trinketraiju_gun"><![CDATA[Triple-Barrel Teppo]]></entry>
  <entry id="str_inventory_title_trinketraiju_kanabo"><![CDATA[Iron Thunder]]></entry>
  <entry id="str_inventory_title_trinketraiju_head"><![CDATA[Splintered Encephalon]]></entry>
  <entry id="str_inventory_set_title_crab_raiju_set"><![CDATA["His demented laughs pierced further than his sickle..."]]></entry>
  <entry id="trinket_rarity_crab_sakura"><![CDATA[Sunward]]></entry>
  
  <!-- Plot Quest and Town Events -->
  <entry id="town_quest_name_plot_raiju_crab"><![CDATA[Rumbling of Thunder]]></entry>
  <entry id="str_plot_raiju_crab_tip"><![CDATA[The sickle left in its head causes the Raiju to relive some of its past as a human. This causes it to go through resolve checks similar to your characters.]]></entry>
  <entry id="str_returned_from_plot_raiju_crab_failure"><![CDATA[{?hero_names}%s failed to subdue the Raiju]]></entry>
  <entry id="str_returned_from_plot_raiju_crab_success"><![CDATA[{?hero_names}%s slayed the Raiju!]]></entry>
  <entry id="town_quest_description_plot_raiju_crab"><![CDATA[Someone has attacked a Raiju! The now provoked crustacean is now going on murderous frenzy, butchering anything it comes across. Put this savage down before it destroys the whole archipelago!]]></entry>
  
  <entry id="str_roaming_tooltip_ninja"><![CDATA[The followers of the Raiju hunt for you!]]></entry>
</language>
<language id="german">
 <!-- New Monster -->
  <entry id="str_monstername_crab_raiju_D"><![CDATA[Redoubtable Raiju]]></entry>
  
  <entry id="str_monstername_crab_shinobi_A"><![CDATA[Novice Iga-Gani]]></entry>
  <entry id="str_monstername_crab_shinobi_B"><![CDATA[Practiced Iga-Gani]]></entry>
  <entry id="str_monstername_crab_shinobi_C"><![CDATA[Deft Iga-Gani]]></entry>
  <entry id="str_monstername_crab_shinobi_G"><![CDATA[Novice Iga-Gani]]></entry>
  <entry id="str_monstername_crab_shinobi_H"><![CDATA[Practiced Iga-Gani]]></entry>
  <entry id="str_monstername_crab_shinobi_I"><![CDATA[Deft Iga-Gani]]></entry>
  <!-- Monster Attacks -->
  <entry id="str_monster_skill_raiju_melee"><![CDATA[Skyward Swing]]></entry>
  <entry id="str_monster_skill_raiju_gunshot"><![CDATA[Blast the Backline]]></entry>
  <entry id="str_monster_skill_raiju_affliction"><![CDATA[Skewered Psyche]]></entry>
  <entry id="str_monster_skill_raiju_virtue"><![CDATA[Skewered Psyche]]></entry>
  
  <entry id="str_monster_skill_raiju_virtued_melee"><![CDATA[Thunderous Strike]]></entry>
  <entry id="str_monster_skill_raiju_virtued_act_out1"><![CDATA[Unfaltering Repose]]></entry>
  <entry id="str_monster_skill_raiju_virtued_act_out2"><![CDATA[Unfaltering Repose]]></entry>
  <entry id="str_monster_skill_raiju_virtued_act_out3"><![CDATA[Unfaltering Repose]]></entry>
  <entry id="str_monster_skill_raiju_revert_virtued"><![CDATA[Return to Reality]]></entry>
  
  <entry id="str_monster_skill_raiju_afflicted_gunshot"><![CDATA[Eldritch Blast]]></entry>
  <entry id="str_monster_skill_raiju_afflicted_act_out1"><![CDATA[Unfathomable Dread]]></entry>
  <entry id="str_monster_skill_raiju_afflicted_act_out2"><![CDATA[Unfathomable Dread]]></entry>
  <entry id="str_monster_skill_raiju_afflicted_act_out3"><![CDATA[Unfathomable Dread]]></entry>
  <entry id="str_monster_skill_raiju_revert_afflicted"><![CDATA[Return to Reality]]></entry>
  
  <entry id="str_raiju_virtue"><![CDATA[A clear sky fears not the thunder!]]></entry>
  <entry id="str_raiju_virtue"><![CDATA[Lightning never strikes the same place twice!]]></entry>
  <entry id="str_raiju_affliction"><![CDATA[Spiralling madness claims this one too...]]></entry>
  <entry id="str_raiju_affliction"><![CDATA[What a familiar sight...]]></entry>
  <entry id="jester+str_raiju_affliction"><![CDATA[That sickle...]]></entry>
  
  <entry id="str_monster_skill_crab_shinobi_slice"><![CDATA[Swift Sunder]]></entry>
  <entry id="str_monster_skill_crab_shinobi_lightning"><![CDATA[Blade of Lightning]]></entry>
  <entry id="str_monster_skill_crab_shinobi_shuriken"><![CDATA[Shuriken Sling]]></entry>
  <entry id="str_monster_skill_crab_shinobi_chains"><![CDATA[Chain Down]]></entry>
  <entry id="str_monster_skill_crab_shinobi_shadow_step"><![CDATA[Umbral Retreat]]></entry>
  <!-- Buffs -->
  <entry id="buff_stat_tooltip_upgrade_discount_raiju_tooltip_on_crit"><![CDATA[Gains buffs on crit]]></entry>
  <entry id="buff_stat_tooltip_upgrade_discount_raiju_tooltip_resolve"><![CDATA[Suffers from resolve checks]]></entry>
  
  <entry id="buff_stat_tooltip_upgrade_discount_raiju_trinket_on_crit"><![CDATA[On Attack Crit: {colour_start|buff}Buffs Self:{colour_end} +2%% CRT while {colour_start|afflicted}Afflicted{colour_end} and]]></entry>
  <entry id="buff_stat_tooltip_upgrade_discount_raiju_trinket_on_crit2"><![CDATA[+3%% PROT while {colour_start|virtue}Virtued{colour_end} (Both Last Whole Quest)]]></entry>

  <entry id="buff_stat_tooltip_combat_stat_multiply_crit_chance"><![CDATA[%+d%% CRT Multiplier]]></entry>
  <entry id="buff_stat_tooltip_stress_heal_percent_hero_crit"><![CDATA[%+d%% {colour_start|stress}Stress{colour_end} Healing Done from Crits]]></entry>
  <entry id="trinket_melee_attack_skill_additional_effects_hit"><![CDATA[On Melee Attack Hit:]]></entry>
  <entry id="trinket_ranged_attack_skill_additional_effects_hit"><![CDATA[On Ranged Attack Hit:]]></entry>
  <!-- Trinkets -->
  <entry id="str_inventory_title_trinketraiju_gun"><![CDATA[Triple-Barrel Teppo]]></entry>
  <entry id="str_inventory_title_trinketraiju_kanabo"><![CDATA[Iron Thunder]]></entry>
  <entry id="str_inventory_title_trinketraiju_head"><![CDATA[Splintered Encephalon]]></entry>
  <entry id="str_inventory_set_title_crab_raiju_set"><![CDATA["His demented laughs pierced further than his sickle..."]]></entry>
  <entry id="trinket_rarity_crab_sakura"><![CDATA[Sunward]]></entry>
  
  <!-- Plot Quest and Town Events -->
  <entry id="town_quest_name_plot_raiju_crab"><![CDATA[Rumbling of Thunder]]></entry>
  <entry id="str_plot_raiju_crab_tip"><![CDATA[The sickle left in its head causes the Raiju to relive some of its past as a human. This causes it to go through resolve checks similar to your characters.]]></entry>
  <entry id="str_returned_from_plot_raiju_crab_failure"><![CDATA[{?hero_names}%s failed to subdue the Raiju]]></entry>
  <entry id="str_returned_from_plot_raiju_crab_success"><![CDATA[{?hero_names}%s slayed the Raiju!]]></entry>
  <entry id="town_quest_description_plot_raiju_crab"><![CDATA[Someone has attacked a Raiju! The now provoked crustacean is now going on murderous frenzy, butchering anything it comes across. Put this savage down before it destroys the whole archipelago!]]></entry>
  
  <entry id="str_roaming_tooltip_ninja"><![CDATA[The followers of the Raiju hunt for you!]]></entry>
</language>
<language id="spanish">
 <!-- New Monster -->
  <entry id="str_monstername_crab_raiju_D"><![CDATA[Redoubtable Raiju]]></entry>
  
  <entry id="str_monstername_crab_shinobi_A"><![CDATA[Novice Iga-Gani]]></entry>
  <entry id="str_monstername_crab_shinobi_B"><![CDATA[Practiced Iga-Gani]]></entry>
  <entry id="str_monstername_crab_shinobi_C"><![CDATA[Deft Iga-Gani]]></entry>
  <entry id="str_monstername_crab_shinobi_G"><![CDATA[Novice Iga-Gani]]></entry>
  <entry id="str_monstername_crab_shinobi_H"><![CDATA[Practiced Iga-Gani]]></entry>
  <entry id="str_monstername_crab_shinobi_I"><![CDATA[Deft Iga-Gani]]></entry>
  <!-- Monster Attacks -->
  <entry id="str_monster_skill_raiju_melee"><![CDATA[Skyward Swing]]></entry>
  <entry id="str_monster_skill_raiju_gunshot"><![CDATA[Blast the Backline]]></entry>
  <entry id="str_monster_skill_raiju_affliction"><![CDATA[Skewered Psyche]]></entry>
  <entry id="str_monster_skill_raiju_virtue"><![CDATA[Skewered Psyche]]></entry>
  
  <entry id="str_monster_skill_raiju_virtued_melee"><![CDATA[Thunderous Strike]]></entry>
  <entry id="str_monster_skill_raiju_virtued_act_out1"><![CDATA[Unfaltering Repose]]></entry>
  <entry id="str_monster_skill_raiju_virtued_act_out2"><![CDATA[Unfaltering Repose]]></entry>
  <entry id="str_monster_skill_raiju_virtued_act_out3"><![CDATA[Unfaltering Repose]]></entry>
  <entry id="str_monster_skill_raiju_revert_virtued"><![CDATA[Return to Reality]]></entry>
  
  <entry id="str_monster_skill_raiju_afflicted_gunshot"><![CDATA[Eldritch Blast]]></entry>
  <entry id="str_monster_skill_raiju_afflicted_act_out1"><![CDATA[Unfathomable Dread]]></entry>
  <entry id="str_monster_skill_raiju_afflicted_act_out2"><![CDATA[Unfathomable Dread]]></entry>
  <entry id="str_monster_skill_raiju_afflicted_act_out3"><![CDATA[Unfathomable Dread]]></entry>
  <entry id="str_monster_skill_raiju_revert_afflicted"><![CDATA[Return to Reality]]></entry>
  
  <entry id="str_raiju_virtue"><![CDATA[A clear sky fears not the thunder!]]></entry>
  <entry id="str_raiju_virtue"><![CDATA[Lightning never strikes the same place twice!]]></entry>
  <entry id="str_raiju_affliction"><![CDATA[Spiralling madness claims this one too...]]></entry>
  <entry id="str_raiju_affliction"><![CDATA[What a familiar sight...]]></entry>
  <entry id="jester+str_raiju_affliction"><![CDATA[That sickle...]]></entry>
  
  <entry id="str_monster_skill_crab_shinobi_slice"><![CDATA[Swift Sunder]]></entry>
  <entry id="str_monster_skill_crab_shinobi_lightning"><![CDATA[Blade of Lightning]]></entry>
  <entry id="str_monster_skill_crab_shinobi_shuriken"><![CDATA[Shuriken Sling]]></entry>
  <entry id="str_monster_skill_crab_shinobi_chains"><![CDATA[Chain Down]]></entry>
  <entry id="str_monster_skill_crab_shinobi_shadow_step"><![CDATA[Umbral Retreat]]></entry>
  <!-- Buffs -->
  <entry id="buff_stat_tooltip_upgrade_discount_raiju_tooltip_on_crit"><![CDATA[Gains buffs on crit]]></entry>
  <entry id="buff_stat_tooltip_upgrade_discount_raiju_tooltip_resolve"><![CDATA[Suffers from resolve checks]]></entry>
  
  <entry id="buff_stat_tooltip_upgrade_discount_raiju_trinket_on_crit"><![CDATA[On Attack Crit: {colour_start|buff}Buffs Self:{colour_end} +2%% CRT while {colour_start|afflicted}Afflicted{colour_end} and]]></entry>
  <entry id="buff_stat_tooltip_upgrade_discount_raiju_trinket_on_crit2"><![CDATA[+3%% PROT while {colour_start|virtue}Virtued{colour_end} (Both Last Whole Quest)]]></entry>

  <entry id="buff_stat_tooltip_combat_stat_multiply_crit_chance"><![CDATA[%+d%% CRT Multiplier]]></entry>
  <entry id="buff_stat_tooltip_stress_heal_percent_hero_crit"><![CDATA[%+d%% {colour_start|stress}Stress{colour_end} Healing Done from Crits]]></entry>
  <entry id="trinket_melee_attack_skill_additional_effects_hit"><![CDATA[On Melee Attack Hit:]]></entry>
  <entry id="trinket_ranged_attack_skill_additional_effects_hit"><![CDATA[On Ranged Attack Hit:]]></entry>
  <!-- Trinkets -->
  <entry id="str_inventory_title_trinketraiju_gun"><![CDATA[Triple-Barrel Teppo]]></entry>
  <entry id="str_inventory_title_trinketraiju_kanabo"><![CDATA[Iron Thunder]]></entry>
  <entry id="str_inventory_title_trinketraiju_head"><![CDATA[Splintered Encephalon]]></entry>
  <entry id="str_inventory_set_title_crab_raiju_set"><![CDATA["His demented laughs pierced further than his sickle..."]]></entry>
  <entry id="trinket_rarity_crab_sakura"><![CDATA[Sunward]]></entry>
  
  <!-- Plot Quest and Town Events -->
  <entry id="town_quest_name_plot_raiju_crab"><![CDATA[Rumbling of Thunder]]></entry>
  <entry id="str_plot_raiju_crab_tip"><![CDATA[The sickle left in its head causes the Raiju to relive some of its past as a human. This causes it to go through resolve checks similar to your characters.]]></entry>
  <entry id="str_returned_from_plot_raiju_crab_failure"><![CDATA[{?hero_names}%s failed to subdue the Raiju]]></entry>
  <entry id="str_returned_from_plot_raiju_crab_success"><![CDATA[{?hero_names}%s slayed the Raiju!]]></entry>
  <entry id="town_quest_description_plot_raiju_crab"><![CDATA[Someone has attacked a Raiju! The now provoked crustacean is now going on murderous frenzy, butchering anything it comes across. Put this savage down before it destroys the whole archipelago!]]></entry>
  
  <entry id="str_roaming_tooltip_ninja"><![CDATA[The followers of the Raiju hunt for you!]]></entry>
 </language>
<language id="brazilian">
 <!-- New Monster -->
  <entry id="str_monstername_crab_raiju_D"><![CDATA[Redoubtable Raiju]]></entry>
  
  <entry id="str_monstername_crab_shinobi_A"><![CDATA[Novice Iga-Gani]]></entry>
  <entry id="str_monstername_crab_shinobi_B"><![CDATA[Practiced Iga-Gani]]></entry>
  <entry id="str_monstername_crab_shinobi_C"><![CDATA[Deft Iga-Gani]]></entry>
  <entry id="str_monstername_crab_shinobi_G"><![CDATA[Novice Iga-Gani]]></entry>
  <entry id="str_monstername_crab_shinobi_H"><![CDATA[Practiced Iga-Gani]]></entry>
  <entry id="str_monstername_crab_shinobi_I"><![CDATA[Deft Iga-Gani]]></entry>
  <!-- Monster Attacks -->
  <entry id="str_monster_skill_raiju_melee"><![CDATA[Skyward Swing]]></entry>
  <entry id="str_monster_skill_raiju_gunshot"><![CDATA[Blast the Backline]]></entry>
  <entry id="str_monster_skill_raiju_affliction"><![CDATA[Skewered Psyche]]></entry>
  <entry id="str_monster_skill_raiju_virtue"><![CDATA[Skewered Psyche]]></entry>
  
  <entry id="str_monster_skill_raiju_virtued_melee"><![CDATA[Thunderous Strike]]></entry>
  <entry id="str_monster_skill_raiju_virtued_act_out1"><![CDATA[Unfaltering Repose]]></entry>
  <entry id="str_monster_skill_raiju_virtued_act_out2"><![CDATA[Unfaltering Repose]]></entry>
  <entry id="str_monster_skill_raiju_virtued_act_out3"><![CDATA[Unfaltering Repose]]></entry>
  <entry id="str_monster_skill_raiju_revert_virtued"><![CDATA[Return to Reality]]></entry>
  
  <entry id="str_monster_skill_raiju_afflicted_gunshot"><![CDATA[Eldritch Blast]]></entry>
  <entry id="str_monster_skill_raiju_afflicted_act_out1"><![CDATA[Unfathomable Dread]]></entry>
  <entry id="str_monster_skill_raiju_afflicted_act_out2"><![CDATA[Unfathomable Dread]]></entry>
  <entry id="str_monster_skill_raiju_afflicted_act_out3"><![CDATA[Unfathomable Dread]]></entry>
  <entry id="str_monster_skill_raiju_revert_afflicted"><![CDATA[Return to Reality]]></entry>
  
  <entry id="str_raiju_virtue"><![CDATA[A clear sky fears not the thunder!]]></entry>
  <entry id="str_raiju_virtue"><![CDATA[Lightning never strikes the same place twice!]]></entry>
  <entry id="str_raiju_affliction"><![CDATA[Spiralling madness claims this one too...]]></entry>
  <entry id="str_raiju_affliction"><![CDATA[What a familiar sight...]]></entry>
  <entry id="jester+str_raiju_affliction"><![CDATA[That sickle...]]></entry>
  
  <entry id="str_monster_skill_crab_shinobi_slice"><![CDATA[Swift Sunder]]></entry>
  <entry id="str_monster_skill_crab_shinobi_lightning"><![CDATA[Blade of Lightning]]></entry>
  <entry id="str_monster_skill_crab_shinobi_shuriken"><![CDATA[Shuriken Sling]]></entry>
  <entry id="str_monster_skill_crab_shinobi_chains"><![CDATA[Chain Down]]></entry>
  <entry id="str_monster_skill_crab_shinobi_shadow_step"><![CDATA[Umbral Retreat]]></entry>
  <!-- Buffs -->
  <entry id="buff_stat_tooltip_upgrade_discount_raiju_tooltip_on_crit"><![CDATA[Gains buffs on crit]]></entry>
  <entry id="buff_stat_tooltip_upgrade_discount_raiju_tooltip_resolve"><![CDATA[Suffers from resolve checks]]></entry>
  
  <entry id="buff_stat_tooltip_upgrade_discount_raiju_trinket_on_crit"><![CDATA[On Attack Crit: {colour_start|buff}Buffs Self:{colour_end} +2%% CRT while {colour_start|afflicted}Afflicted{colour_end} and]]></entry>
  <entry id="buff_stat_tooltip_upgrade_discount_raiju_trinket_on_crit2"><![CDATA[+3%% PROT while {colour_start|virtue}Virtued{colour_end} (Both Last Whole Quest)]]></entry>

  <entry id="buff_stat_tooltip_combat_stat_multiply_crit_chance"><![CDATA[%+d%% CRT Multiplier]]></entry>
  <entry id="buff_stat_tooltip_stress_heal_percent_hero_crit"><![CDATA[%+d%% {colour_start|stress}Stress{colour_end} Healing Done from Crits]]></entry>
  <entry id="trinket_melee_attack_skill_additional_effects_hit"><![CDATA[On Melee Attack Hit:]]></entry>
  <entry id="trinket_ranged_attack_skill_additional_effects_hit"><![CDATA[On Ranged Attack Hit:]]></entry>
  <!-- Trinkets -->
  <entry id="str_inventory_title_trinketraiju_gun"><![CDATA[Triple-Barrel Teppo]]></entry>
  <entry id="str_inventory_title_trinketraiju_kanabo"><![CDATA[Iron Thunder]]></entry>
  <entry id="str_inventory_title_trinketraiju_head"><![CDATA[Splintered Encephalon]]></entry>
  <entry id="str_inventory_set_title_crab_raiju_set"><![CDATA["His demented laughs pierced further than his sickle..."]]></entry>
  <entry id="trinket_rarity_crab_sakura"><![CDATA[Sunward]]></entry>
  
  <!-- Plot Quest and Town Events -->
  <entry id="town_quest_name_plot_raiju_crab"><![CDATA[Rumbling of Thunder]]></entry>
  <entry id="str_plot_raiju_crab_tip"><![CDATA[The sickle left in its head causes the Raiju to relive some of its past as a human. This causes it to go through resolve checks similar to your characters.]]></entry>
  <entry id="str_returned_from_plot_raiju_crab_failure"><![CDATA[{?hero_names}%s failed to subdue the Raiju]]></entry>
  <entry id="str_returned_from_plot_raiju_crab_success"><![CDATA[{?hero_names}%s slayed the Raiju!]]></entry>
  <entry id="town_quest_description_plot_raiju_crab"><![CDATA[Someone has attacked a Raiju! The now provoked crustacean is now going on murderous frenzy, butchering anything it comes across. Put this savage down before it destroys the whole archipelago!]]></entry>
  
  <entry id="str_roaming_tooltip_ninja"><![CDATA[The followers of the Raiju hunt for you!]]></entry>
 </language>
<language id="russian">
 <!-- New Monster -->
  <entry id="str_monstername_crab_raiju_D"><![CDATA[Redoubtable Raiju]]></entry>
  
  <entry id="str_monstername_crab_shinobi_A"><![CDATA[Novice Iga-Gani]]></entry>
  <entry id="str_monstername_crab_shinobi_B"><![CDATA[Practiced Iga-Gani]]></entry>
  <entry id="str_monstername_crab_shinobi_C"><![CDATA[Deft Iga-Gani]]></entry>
  <entry id="str_monstername_crab_shinobi_G"><![CDATA[Novice Iga-Gani]]></entry>
  <entry id="str_monstername_crab_shinobi_H"><![CDATA[Practiced Iga-Gani]]></entry>
  <entry id="str_monstername_crab_shinobi_I"><![CDATA[Deft Iga-Gani]]></entry>
  <!-- Monster Attacks -->
  <entry id="str_monster_skill_raiju_melee"><![CDATA[Skyward Swing]]></entry>
  <entry id="str_monster_skill_raiju_gunshot"><![CDATA[Blast the Backline]]></entry>
  <entry id="str_monster_skill_raiju_affliction"><![CDATA[Skewered Psyche]]></entry>
  <entry id="str_monster_skill_raiju_virtue"><![CDATA[Skewered Psyche]]></entry>
  
  <entry id="str_monster_skill_raiju_virtued_melee"><![CDATA[Thunderous Strike]]></entry>
  <entry id="str_monster_skill_raiju_virtued_act_out1"><![CDATA[Unfaltering Repose]]></entry>
  <entry id="str_monster_skill_raiju_virtued_act_out2"><![CDATA[Unfaltering Repose]]></entry>
  <entry id="str_monster_skill_raiju_virtued_act_out3"><![CDATA[Unfaltering Repose]]></entry>
  <entry id="str_monster_skill_raiju_revert_virtued"><![CDATA[Return to Reality]]></entry>
  
  <entry id="str_monster_skill_raiju_afflicted_gunshot"><![CDATA[Eldritch Blast]]></entry>
  <entry id="str_monster_skill_raiju_afflicted_act_out1"><![CDATA[Unfathomable Dread]]></entry>
  <entry id="str_monster_skill_raiju_afflicted_act_out2"><![CDATA[Unfathomable Dread]]></entry>
  <entry id="str_monster_skill_raiju_afflicted_act_out3"><![CDATA[Unfathomable Dread]]></entry>
  <entry id="str_monster_skill_raiju_revert_afflicted"><![CDATA[Return to Reality]]></entry>
  
  <entry id="str_raiju_virtue"><![CDATA[A clear sky fears not the thunder!]]></entry>
  <entry id="str_raiju_virtue"><![CDATA[Lightning never strikes the same place twice!]]></entry>
  <entry id="str_raiju_affliction"><![CDATA[Spiralling madness claims this one too...]]></entry>
  <entry id="str_raiju_affliction"><![CDATA[What a familiar sight...]]></entry>
  <entry id="jester+str_raiju_affliction"><![CDATA[That sickle...]]></entry>
  
  <entry id="str_monster_skill_crab_shinobi_slice"><![CDATA[Swift Sunder]]></entry>
  <entry id="str_monster_skill_crab_shinobi_lightning"><![CDATA[Blade of Lightning]]></entry>
  <entry id="str_monster_skill_crab_shinobi_shuriken"><![CDATA[Shuriken Sling]]></entry>
  <entry id="str_monster_skill_crab_shinobi_chains"><![CDATA[Chain Down]]></entry>
  <entry id="str_monster_skill_crab_shinobi_shadow_step"><![CDATA[Umbral Retreat]]></entry>
  <!-- Buffs -->
  <entry id="buff_stat_tooltip_upgrade_discount_raiju_tooltip_on_crit"><![CDATA[Gains buffs on crit]]></entry>
  <entry id="buff_stat_tooltip_upgrade_discount_raiju_tooltip_resolve"><![CDATA[Suffers from resolve checks]]></entry>
  
  <entry id="buff_stat_tooltip_upgrade_discount_raiju_trinket_on_crit"><![CDATA[On Attack Crit: {colour_start|buff}Buffs Self:{colour_end} +2%% CRT while {colour_start|afflicted}Afflicted{colour_end} and]]></entry>
  <entry id="buff_stat_tooltip_upgrade_discount_raiju_trinket_on_crit2"><![CDATA[+3%% PROT while {colour_start|virtue}Virtued{colour_end} (Both Last Whole Quest)]]></entry>

  <entry id="buff_stat_tooltip_combat_stat_multiply_crit_chance"><![CDATA[%+d%% CRT Multiplier]]></entry>
  <entry id="buff_stat_tooltip_stress_heal_percent_hero_crit"><![CDATA[%+d%% {colour_start|stress}Stress{colour_end} Healing Done from Crits]]></entry>
  <entry id="trinket_melee_attack_skill_additional_effects_hit"><![CDATA[On Melee Attack Hit:]]></entry>
  <entry id="trinket_ranged_attack_skill_additional_effects_hit"><![CDATA[On Ranged Attack Hit:]]></entry>
  <!-- Trinkets -->
  <entry id="str_inventory_title_trinketraiju_gun"><![CDATA[Triple-Barrel Teppo]]></entry>
  <entry id="str_inventory_title_trinketraiju_kanabo"><![CDATA[Iron Thunder]]></entry>
  <entry id="str_inventory_title_trinketraiju_head"><![CDATA[Splintered Encephalon]]></entry>
  <entry id="str_inventory_set_title_crab_raiju_set"><![CDATA["His demented laughs pierced further than his sickle..."]]></entry>
  <entry id="trinket_rarity_crab_sakura"><![CDATA[Sunward]]></entry>
  
  <!-- Plot Quest and Town Events -->
  <entry id="town_quest_name_plot_raiju_crab"><![CDATA[Rumbling of Thunder]]></entry>
  <entry id="str_plot_raiju_crab_tip"><![CDATA[The sickle left in its head causes the Raiju to relive some of its past as a human. This causes it to go through resolve checks similar to your characters.]]></entry>
  <entry id="str_returned_from_plot_raiju_crab_failure"><![CDATA[{?hero_names}%s failed to subdue the Raiju]]></entry>
  <entry id="str_returned_from_plot_raiju_crab_success"><![CDATA[{?hero_names}%s slayed the Raiju!]]></entry>
  <entry id="town_quest_description_plot_raiju_crab"><![CDATA[Someone has attacked a Raiju! The now provoked crustacean is now going on murderous frenzy, butchering anything it comes across. Put this savage down before it destroys the whole archipelago!]]></entry>
  
  <entry id="str_roaming_tooltip_ninja"><![CDATA[The followers of the Raiju hunt for you!]]></entry>
 </language>
<language id="czech">
 <!-- New Monster -->
  <entry id="str_monstername_crab_raiju_D"><![CDATA[Redoubtable Raiju]]></entry>
  
  <entry id="str_monstername_crab_shinobi_A"><![CDATA[Novice Iga-Gani]]></entry>
  <entry id="str_monstername_crab_shinobi_B"><![CDATA[Practiced Iga-Gani]]></entry>
  <entry id="str_monstername_crab_shinobi_C"><![CDATA[Deft Iga-Gani]]></entry>
  <entry id="str_monstername_crab_shinobi_G"><![CDATA[Novice Iga-Gani]]></entry>
  <entry id="str_monstername_crab_shinobi_H"><![CDATA[Practiced Iga-Gani]]></entry>
  <entry id="str_monstername_crab_shinobi_I"><![CDATA[Deft Iga-Gani]]></entry>
  <!-- Monster Attacks -->
  <entry id="str_monster_skill_raiju_melee"><![CDATA[Skyward Swing]]></entry>
  <entry id="str_monster_skill_raiju_gunshot"><![CDATA[Blast the Backline]]></entry>
  <entry id="str_monster_skill_raiju_affliction"><![CDATA[Skewered Psyche]]></entry>
  <entry id="str_monster_skill_raiju_virtue"><![CDATA[Skewered Psyche]]></entry>
  
  <entry id="str_monster_skill_raiju_virtued_melee"><![CDATA[Thunderous Strike]]></entry>
  <entry id="str_monster_skill_raiju_virtued_act_out1"><![CDATA[Unfaltering Repose]]></entry>
  <entry id="str_monster_skill_raiju_virtued_act_out2"><![CDATA[Unfaltering Repose]]></entry>
  <entry id="str_monster_skill_raiju_virtued_act_out3"><![CDATA[Unfaltering Repose]]></entry>
  <entry id="str_monster_skill_raiju_revert_virtued"><![CDATA[Return to Reality]]></entry>
  
  <entry id="str_monster_skill_raiju_afflicted_gunshot"><![CDATA[Eldritch Blast]]></entry>
  <entry id="str_monster_skill_raiju_afflicted_act_out1"><![CDATA[Unfathomable Dread]]></entry>
  <entry id="str_monster_skill_raiju_afflicted_act_out2"><![CDATA[Unfathomable Dread]]></entry>
  <entry id="str_monster_skill_raiju_afflicted_act_out3"><![CDATA[Unfathomable Dread]]></entry>
  <entry id="str_monster_skill_raiju_revert_afflicted"><![CDATA[Return to Reality]]></entry>
  
  <entry id="str_raiju_virtue"><![CDATA[A clear sky fears not the thunder!]]></entry>
  <entry id="str_raiju_virtue"><![CDATA[Lightning never strikes the same place twice!]]></entry>
  <entry id="str_raiju_affliction"><![CDATA[Spiralling madness claims this one too...]]></entry>
  <entry id="str_raiju_affliction"><![CDATA[What a familiar sight...]]></entry>
  <entry id="jester+str_raiju_affliction"><![CDATA[That sickle...]]></entry>
  
  <entry id="str_monster_skill_crab_shinobi_slice"><![CDATA[Swift Sunder]]></entry>
  <entry id="str_monster_skill_crab_shinobi_lightning"><![CDATA[Blade of Lightning]]></entry>
  <entry id="str_monster_skill_crab_shinobi_shuriken"><![CDATA[Shuriken Sling]]></entry>
  <entry id="str_monster_skill_crab_shinobi_chains"><![CDATA[Chain Down]]></entry>
  <entry id="str_monster_skill_crab_shinobi_shadow_step"><![CDATA[Umbral Retreat]]></entry>
  <!-- Buffs -->
  <entry id="buff_stat_tooltip_upgrade_discount_raiju_tooltip_on_crit"><![CDATA[Gains buffs on crit]]></entry>
  <entry id="buff_stat_tooltip_upgrade_discount_raiju_tooltip_resolve"><![CDATA[Suffers from resolve checks]]></entry>
  
  <entry id="buff_stat_tooltip_upgrade_discount_raiju_trinket_on_crit"><![CDATA[On Attack Crit: {colour_start|buff}Buffs Self:{colour_end} +2%% CRT while {colour_start|afflicted}Afflicted{colour_end} and]]></entry>
  <entry id="buff_stat_tooltip_upgrade_discount_raiju_trinket_on_crit2"><![CDATA[+3%% PROT while {colour_start|virtue}Virtued{colour_end} (Both Last Whole Quest)]]></entry>

  <entry id="buff_stat_tooltip_combat_stat_multiply_crit_chance"><![CDATA[%+d%% CRT Multiplier]]></entry>
  <entry id="buff_stat_tooltip_stress_heal_percent_hero_crit"><![CDATA[%+d%% {colour_start|stress}Stress{colour_end} Healing Done from Crits]]></entry>
  <entry id="trinket_melee_attack_skill_additional_effects_hit"><![CDATA[On Melee Attack Hit:]]></entry>
  <entry id="trinket_ranged_attack_skill_additional_effects_hit"><![CDATA[On Ranged Attack Hit:]]></entry>
  <!-- Trinkets -->
  <entry id="str_inventory_title_trinketraiju_gun"><![CDATA[Triple-Barrel Teppo]]></entry>
  <entry id="str_inventory_title_trinketraiju_kanabo"><![CDATA[Iron Thunder]]></entry>
  <entry id="str_inventory_title_trinketraiju_head"><![CDATA[Splintered Encephalon]]></entry>
  <entry id="str_inventory_set_title_crab_raiju_set"><![CDATA["His demented laughs pierced further than his sickle..."]]></entry>
  <entry id="trinket_rarity_crab_sakura"><![CDATA[Sunward]]></entry>
  
  <!-- Plot Quest and Town Events -->
  <entry id="town_quest_name_plot_raiju_crab"><![CDATA[Rumbling of Thunder]]></entry>
  <entry id="str_plot_raiju_crab_tip"><![CDATA[The sickle left in its head causes the Raiju to relive some of its past as a human. This causes it to go through resolve checks similar to your characters.]]></entry>
  <entry id="str_returned_from_plot_raiju_crab_failure"><![CDATA[{?hero_names}%s failed to subdue the Raiju]]></entry>
  <entry id="str_returned_from_plot_raiju_crab_success"><![CDATA[{?hero_names}%s slayed the Raiju!]]></entry>
  <entry id="town_quest_description_plot_raiju_crab"><![CDATA[Someone has attacked a Raiju! The now provoked crustacean is now going on murderous frenzy, butchering anything it comes across. Put this savage down before it destroys the whole archipelago!]]></entry>
  
  <entry id="str_roaming_tooltip_ninja"><![CDATA[The followers of the Raiju hunt for you!]]></entry>
 </language>
<language id="italian">
 <!-- New Monster -->
  <entry id="str_monstername_crab_raiju_D"><![CDATA[Redoubtable Raiju]]></entry>
  
  <entry id="str_monstername_crab_shinobi_A"><![CDATA[Novice Iga-Gani]]></entry>
  <entry id="str_monstername_crab_shinobi_B"><![CDATA[Practiced Iga-Gani]]></entry>
  <entry id="str_monstername_crab_shinobi_C"><![CDATA[Deft Iga-Gani]]></entry>
  <entry id="str_monstername_crab_shinobi_G"><![CDATA[Novice Iga-Gani]]></entry>
  <entry id="str_monstername_crab_shinobi_H"><![CDATA[Practiced Iga-Gani]]></entry>
  <entry id="str_monstername_crab_shinobi_I"><![CDATA[Deft Iga-Gani]]></entry>
  <!-- Monster Attacks -->
  <entry id="str_monster_skill_raiju_melee"><![CDATA[Skyward Swing]]></entry>
  <entry id="str_monster_skill_raiju_gunshot"><![CDATA[Blast the Backline]]></entry>
  <entry id="str_monster_skill_raiju_affliction"><![CDATA[Skewered Psyche]]></entry>
  <entry id="str_monster_skill_raiju_virtue"><![CDATA[Skewered Psyche]]></entry>
  
  <entry id="str_monster_skill_raiju_virtued_melee"><![CDATA[Thunderous Strike]]></entry>
  <entry id="str_monster_skill_raiju_virtued_act_out1"><![CDATA[Unfaltering Repose]]></entry>
  <entry id="str_monster_skill_raiju_virtued_act_out2"><![CDATA[Unfaltering Repose]]></entry>
  <entry id="str_monster_skill_raiju_virtued_act_out3"><![CDATA[Unfaltering Repose]]></entry>
  <entry id="str_monster_skill_raiju_revert_virtued"><![CDATA[Return to Reality]]></entry>
  
  <entry id="str_monster_skill_raiju_afflicted_gunshot"><![CDATA[Eldritch Blast]]></entry>
  <entry id="str_monster_skill_raiju_afflicted_act_out1"><![CDATA[Unfathomable Dread]]></entry>
  <entry id="str_monster_skill_raiju_afflicted_act_out2"><![CDATA[Unfathomable Dread]]></entry>
  <entry id="str_monster_skill_raiju_afflicted_act_out3"><![CDATA[Unfathomable Dread]]></entry>
  <entry id="str_monster_skill_raiju_revert_afflicted"><![CDATA[Return to Reality]]></entry>
  
  <entry id="str_raiju_virtue"><![CDATA[A clear sky fears not the thunder!]]></entry>
  <entry id="str_raiju_virtue"><![CDATA[Lightning never strikes the same place twice!]]></entry>
  <entry id="str_raiju_affliction"><![CDATA[Spiralling madness claims this one too...]]></entry>
  <entry id="str_raiju_affliction"><![CDATA[What a familiar sight...]]></entry>
  <entry id="jester+str_raiju_affliction"><![CDATA[That sickle...]]></entry>
  
  <entry id="str_monster_skill_crab_shinobi_slice"><![CDATA[Swift Sunder]]></entry>
  <entry id="str_monster_skill_crab_shinobi_lightning"><![CDATA[Blade of Lightning]]></entry>
  <entry id="str_monster_skill_crab_shinobi_shuriken"><![CDATA[Shuriken Sling]]></entry>
  <entry id="str_monster_skill_crab_shinobi_chains"><![CDATA[Chain Down]]></entry>
  <entry id="str_monster_skill_crab_shinobi_shadow_step"><![CDATA[Umbral Retreat]]></entry>
  <!-- Buffs -->
  <entry id="buff_stat_tooltip_upgrade_discount_raiju_tooltip_on_crit"><![CDATA[Gains buffs on crit]]></entry>
  <entry id="buff_stat_tooltip_upgrade_discount_raiju_tooltip_resolve"><![CDATA[Suffers from resolve checks]]></entry>
  
  <entry id="buff_stat_tooltip_upgrade_discount_raiju_trinket_on_crit"><![CDATA[On Attack Crit: {colour_start|buff}Buffs Self:{colour_end} +2%% CRT while {colour_start|afflicted}Afflicted{colour_end} and]]></entry>
  <entry id="buff_stat_tooltip_upgrade_discount_raiju_trinket_on_crit2"><![CDATA[+3%% PROT while {colour_start|virtue}Virtued{colour_end} (Both Last Whole Quest)]]></entry>

  <entry id="buff_stat_tooltip_combat_stat_multiply_crit_chance"><![CDATA[%+d%% CRT Multiplier]]></entry>
  <entry id="buff_stat_tooltip_stress_heal_percent_hero_crit"><![CDATA[%+d%% {colour_start|stress}Stress{colour_end} Healing Done from Crits]]></entry>
  <entry id="trinket_melee_attack_skill_additional_effects_hit"><![CDATA[On Melee Attack Hit:]]></entry>
  <entry id="trinket_ranged_attack_skill_additional_effects_hit"><![CDATA[On Ranged Attack Hit:]]></entry>
  <!-- Trinkets -->
  <entry id="str_inventory_title_trinketraiju_gun"><![CDATA[Triple-Barrel Teppo]]></entry>
  <entry id="str_inventory_title_trinketraiju_kanabo"><![CDATA[Iron Thunder]]></entry>
  <entry id="str_inventory_title_trinketraiju_head"><![CDATA[Splintered Encephalon]]></entry>
  <entry id="str_inventory_set_title_crab_raiju_set"><![CDATA["His demented laughs pierced further than his sickle..."]]></entry>
  <entry id="trinket_rarity_crab_sakura"><![CDATA[Sunward]]></entry>
  
  <!-- Plot Quest and Town Events -->
  <entry id="town_quest_name_plot_raiju_crab"><![CDATA[Rumbling of Thunder]]></entry>
  <entry id="str_plot_raiju_crab_tip"><![CDATA[The sickle left in its head causes the Raiju to relive some of its past as a human. This causes it to go through resolve checks similar to your characters.]]></entry>
  <entry id="str_returned_from_plot_raiju_crab_failure"><![CDATA[{?hero_names}%s failed to subdue the Raiju]]></entry>
  <entry id="str_returned_from_plot_raiju_crab_success"><![CDATA[{?hero_names}%s slayed the Raiju!]]></entry>
  <entry id="town_quest_description_plot_raiju_crab"><![CDATA[Someone has attacked a Raiju! The now provoked crustacean is now going on murderous frenzy, butchering anything it comes across. Put this savage down before it destroys the whole archipelago!]]></entry>
  
  <entry id="str_roaming_tooltip_ninja"><![CDATA[The followers of the Raiju hunt for you!]]></entry>
 </language>
<language id="polish">
 <!-- New Monster -->
  <entry id="str_monstername_crab_raiju_D"><![CDATA[Redoubtable Raiju]]></entry>
  
  <entry id="str_monstername_crab_shinobi_A"><![CDATA[Novice Iga-Gani]]></entry>
  <entry id="str_monstername_crab_shinobi_B"><![CDATA[Practiced Iga-Gani]]></entry>
  <entry id="str_monstername_crab_shinobi_C"><![CDATA[Deft Iga-Gani]]></entry>
  <entry id="str_monstername_crab_shinobi_G"><![CDATA[Novice Iga-Gani]]></entry>
  <entry id="str_monstername_crab_shinobi_H"><![CDATA[Practiced Iga-Gani]]></entry>
  <entry id="str_monstername_crab_shinobi_I"><![CDATA[Deft Iga-Gani]]></entry>
  <!-- Monster Attacks -->
  <entry id="str_monster_skill_raiju_melee"><![CDATA[Skyward Swing]]></entry>
  <entry id="str_monster_skill_raiju_gunshot"><![CDATA[Blast the Backline]]></entry>
  <entry id="str_monster_skill_raiju_affliction"><![CDATA[Skewered Psyche]]></entry>
  <entry id="str_monster_skill_raiju_virtue"><![CDATA[Skewered Psyche]]></entry>
  
  <entry id="str_monster_skill_raiju_virtued_melee"><![CDATA[Thunderous Strike]]></entry>
  <entry id="str_monster_skill_raiju_virtued_act_out1"><![CDATA[Unfaltering Repose]]></entry>
  <entry id="str_monster_skill_raiju_virtued_act_out2"><![CDATA[Unfaltering Repose]]></entry>
  <entry id="str_monster_skill_raiju_virtued_act_out3"><![CDATA[Unfaltering Repose]]></entry>
  <entry id="str_monster_skill_raiju_revert_virtued"><![CDATA[Return to Reality]]></entry>
  
  <entry id="str_monster_skill_raiju_afflicted_gunshot"><![CDATA[Eldritch Blast]]></entry>
  <entry id="str_monster_skill_raiju_afflicted_act_out1"><![CDATA[Unfathomable Dread]]></entry>
  <entry id="str_monster_skill_raiju_afflicted_act_out2"><![CDATA[Unfathomable Dread]]></entry>
  <entry id="str_monster_skill_raiju_afflicted_act_out3"><![CDATA[Unfathomable Dread]]></entry>
  <entry id="str_monster_skill_raiju_revert_afflicted"><![CDATA[Return to Reality]]></entry>
  
  <entry id="str_raiju_virtue"><![CDATA[A clear sky fears not the thunder!]]></entry>
  <entry id="str_raiju_virtue"><![CDATA[Lightning never strikes the same place twice!]]></entry>
  <entry id="str_raiju_affliction"><![CDATA[Spiralling madness claims this one too...]]></entry>
  <entry id="str_raiju_affliction"><![CDATA[What a familiar sight...]]></entry>
  <entry id="jester+str_raiju_affliction"><![CDATA[That sickle...]]></entry>
  
  <entry id="str_monster_skill_crab_shinobi_slice"><![CDATA[Swift Sunder]]></entry>
  <entry id="str_monster_skill_crab_shinobi_lightning"><![CDATA[Blade of Lightning]]></entry>
  <entry id="str_monster_skill_crab_shinobi_shuriken"><![CDATA[Shuriken Sling]]></entry>
  <entry id="str_monster_skill_crab_shinobi_chains"><![CDATA[Chain Down]]></entry>
  <entry id="str_monster_skill_crab_shinobi_shadow_step"><![CDATA[Umbral Retreat]]></entry>
  <!-- Buffs -->
  <entry id="buff_stat_tooltip_upgrade_discount_raiju_tooltip_on_crit"><![CDATA[Gains buffs on crit]]></entry>
  <entry id="buff_stat_tooltip_upgrade_discount_raiju_tooltip_resolve"><![CDATA[Suffers from resolve checks]]></entry>
  
  <entry id="buff_stat_tooltip_upgrade_discount_raiju_trinket_on_crit"><![CDATA[On Attack Crit: {colour_start|buff}Buffs Self:{colour_end} +2%% CRT while {colour_start|afflicted}Afflicted{colour_end} and]]></entry>
  <entry id="buff_stat_tooltip_upgrade_discount_raiju_trinket_on_crit2"><![CDATA[+3%% PROT while {colour_start|virtue}Virtued{colour_end} (Both Last Whole Quest)]]></entry>

  <entry id="buff_stat_tooltip_combat_stat_multiply_crit_chance"><![CDATA[%+d%% CRT Multiplier]]></entry>
  <entry id="buff_stat_tooltip_stress_heal_percent_hero_crit"><![CDATA[%+d%% {colour_start|stress}Stress{colour_end} Healing Done from Crits]]></entry>
  <entry id="trinket_melee_attack_skill_additional_effects_hit"><![CDATA[On Melee Attack Hit:]]></entry>
  <entry id="trinket_ranged_attack_skill_additional_effects_hit"><![CDATA[On Ranged Attack Hit:]]></entry>
  <!-- Trinkets -->
  <entry id="str_inventory_title_trinketraiju_gun"><![CDATA[Triple-Barrel Teppo]]></entry>
  <entry id="str_inventory_title_trinketraiju_kanabo"><![CDATA[Iron Thunder]]></entry>
  <entry id="str_inventory_title_trinketraiju_head"><![CDATA[Splintered Encephalon]]></entry>
  <entry id="str_inventory_set_title_crab_raiju_set"><![CDATA["His demented laughs pierced further than his sickle..."]]></entry>
  <entry id="trinket_rarity_crab_sakura"><![CDATA[Sunward]]></entry>
  
  <!-- Plot Quest and Town Events -->
  <entry id="town_quest_name_plot_raiju_crab"><![CDATA[Rumbling of Thunder]]></entry>
  <entry id="str_plot_raiju_crab_tip"><![CDATA[The sickle left in its head causes the Raiju to relive some of its past as a human. This causes it to go through resolve checks similar to your characters.]]></entry>
  <entry id="str_returned_from_plot_raiju_crab_failure"><![CDATA[{?hero_names}%s failed to subdue the Raiju]]></entry>
  <entry id="str_returned_from_plot_raiju_crab_success"><![CDATA[{?hero_names}%s slayed the Raiju!]]></entry>
  <entry id="town_quest_description_plot_raiju_crab"><![CDATA[Someone has attacked a Raiju! The now provoked crustacean is now going on murderous frenzy, butchering anything it comes across. Put this savage down before it destroys the whole archipelago!]]></entry>
  
  <entry id="str_roaming_tooltip_ninja"><![CDATA[The followers of the Raiju hunt for you!]]></entry>
</language>
<language id="koreana">
 <!-- New Monster -->
  <entry id="str_monstername_crab_raiju_D"><![CDATA[Redoubtable Raiju]]></entry>
  
  <entry id="str_monstername_crab_shinobi_A"><![CDATA[Novice Iga-Gani]]></entry>
  <entry id="str_monstername_crab_shinobi_B"><![CDATA[Practiced Iga-Gani]]></entry>
  <entry id="str_monstername_crab_shinobi_C"><![CDATA[Deft Iga-Gani]]></entry>
  <entry id="str_monstername_crab_shinobi_G"><![CDATA[Novice Iga-Gani]]></entry>
  <entry id="str_monstername_crab_shinobi_H"><![CDATA[Practiced Iga-Gani]]></entry>
  <entry id="str_monstername_crab_shinobi_I"><![CDATA[Deft Iga-Gani]]></entry>
  <!-- Monster Attacks -->
  <entry id="str_monster_skill_raiju_melee"><![CDATA[Skyward Swing]]></entry>
  <entry id="str_monster_skill_raiju_gunshot"><![CDATA[Blast the Backline]]></entry>
  <entry id="str_monster_skill_raiju_affliction"><![CDATA[Skewered Psyche]]></entry>
  <entry id="str_monster_skill_raiju_virtue"><![CDATA[Skewered Psyche]]></entry>
  
  <entry id="str_monster_skill_raiju_virtued_melee"><![CDATA[Thunderous Strike]]></entry>
  <entry id="str_monster_skill_raiju_virtued_act_out1"><![CDATA[Unfaltering Repose]]></entry>
  <entry id="str_monster_skill_raiju_virtued_act_out2"><![CDATA[Unfaltering Repose]]></entry>
  <entry id="str_monster_skill_raiju_virtued_act_out3"><![CDATA[Unfaltering Repose]]></entry>
  <entry id="str_monster_skill_raiju_revert_virtued"><![CDATA[Return to Reality]]></entry>
  
  <entry id="str_monster_skill_raiju_afflicted_gunshot"><![CDATA[Eldritch Blast]]></entry>
  <entry id="str_monster_skill_raiju_afflicted_act_out1"><![CDATA[Unfathomable Dread]]></entry>
  <entry id="str_monster_skill_raiju_afflicted_act_out2"><![CDATA[Unfathomable Dread]]></entry>
  <entry id="str_monster_skill_raiju_afflicted_act_out3"><![CDATA[Unfathomable Dread]]></entry>
  <entry id="str_monster_skill_raiju_revert_afflicted"><![CDATA[Return to Reality]]></entry>
  
  <entry id="str_raiju_virtue"><![CDATA[A clear sky fears not the thunder!]]></entry>
  <entry id="str_raiju_virtue"><![CDATA[Lightning never strikes the same place twice!]]></entry>
  <entry id="str_raiju_affliction"><![CDATA[Spiralling madness claims this one too...]]></entry>
  <entry id="str_raiju_affliction"><![CDATA[What a familiar sight...]]></entry>
  <entry id="jester+str_raiju_affliction"><![CDATA[That sickle...]]></entry>
  
  <entry id="str_monster_skill_crab_shinobi_slice"><![CDATA[Swift Sunder]]></entry>
  <entry id="str_monster_skill_crab_shinobi_lightning"><![CDATA[Blade of Lightning]]></entry>
  <entry id="str_monster_skill_crab_shinobi_shuriken"><![CDATA[Shuriken Sling]]></entry>
  <entry id="str_monster_skill_crab_shinobi_chains"><![CDATA[Chain Down]]></entry>
  <entry id="str_monster_skill_crab_shinobi_shadow_step"><![CDATA[Umbral Retreat]]></entry>
  <!-- Buffs -->
  <entry id="buff_stat_tooltip_upgrade_discount_raiju_tooltip_on_crit"><![CDATA[Gains buffs on crit]]></entry>
  <entry id="buff_stat_tooltip_upgrade_discount_raiju_tooltip_resolve"><![CDATA[Suffers from resolve checks]]></entry>
  
  <entry id="buff_stat_tooltip_upgrade_discount_raiju_trinket_on_crit"><![CDATA[On Attack Crit: {colour_start|buff}Buffs Self:{colour_end} +2%% CRT while {colour_start|afflicted}Afflicted{colour_end} and]]></entry>
  <entry id="buff_stat_tooltip_upgrade_discount_raiju_trinket_on_crit2"><![CDATA[+3%% PROT while {colour_start|virtue}Virtued{colour_end} (Both Last Whole Quest)]]></entry>

  <entry id="buff_stat_tooltip_combat_stat_multiply_crit_chance"><![CDATA[%+d%% CRT Multiplier]]></entry>
  <entry id="buff_stat_tooltip_stress_heal_percent_hero_crit"><![CDATA[%+d%% {colour_start|stress}Stress{colour_end} Healing Done from Crits]]></entry>
  <entry id="trinket_melee_attack_skill_additional_effects_hit"><![CDATA[On Melee Attack Hit:]]></entry>
  <entry id="trinket_ranged_attack_skill_additional_effects_hit"><![CDATA[On Ranged Attack Hit:]]></entry>
  <!-- Trinkets -->
  <entry id="str_inventory_title_trinketraiju_gun"><![CDATA[Triple-Barrel Teppo]]></entry>
  <entry id="str_inventory_title_trinketraiju_kanabo"><![CDATA[Iron Thunder]]></entry>
  <entry id="str_inventory_title_trinketraiju_head"><![CDATA[Splintered Encephalon]]></entry>
  <entry id="str_inventory_set_title_crab_raiju_set"><![CDATA["His demented laughs pierced further than his sickle..."]]></entry>
  <entry id="trinket_rarity_crab_sakura"><![CDATA[Sunward]]></entry>
  
  <!-- Plot Quest and Town Events -->
  <entry id="town_quest_name_plot_raiju_crab"><![CDATA[Rumbling of Thunder]]></entry>
  <entry id="str_plot_raiju_crab_tip"><![CDATA[The sickle left in its head causes the Raiju to relive some of its past as a human. This causes it to go through resolve checks similar to your characters.]]></entry>
  <entry id="str_returned_from_plot_raiju_crab_failure"><![CDATA[{?hero_names}%s failed to subdue the Raiju]]></entry>
  <entry id="str_returned_from_plot_raiju_crab_success"><![CDATA[{?hero_names}%s slayed the Raiju!]]></entry>
  <entry id="town_quest_description_plot_raiju_crab"><![CDATA[Someone has attacked a Raiju! The now provoked crustacean is now going on murderous frenzy, butchering anything it comes across. Put this savage down before it destroys the whole archipelago!]]></entry>
  
  <entry id="str_roaming_tooltip_ninja"><![CDATA[The followers of the Raiju hunt for you!]]></entry>
</language>
<language id="koreanb">
 <!-- New Monster -->
  <entry id="str_monstername_crab_raiju_D"><![CDATA[Redoubtable Raiju]]></entry>
  
  <entry id="str_monstername_crab_shinobi_A"><![CDATA[Novice Iga-Gani]]></entry>
  <entry id="str_monstername_crab_shinobi_B"><![CDATA[Practiced Iga-Gani]]></entry>
  <entry id="str_monstername_crab_shinobi_C"><![CDATA[Deft Iga-Gani]]></entry>
  <entry id="str_monstername_crab_shinobi_G"><![CDATA[Novice Iga-Gani]]></entry>
  <entry id="str_monstername_crab_shinobi_H"><![CDATA[Practiced Iga-Gani]]></entry>
  <entry id="str_monstername_crab_shinobi_I"><![CDATA[Deft Iga-Gani]]></entry>
  <!-- Monster Attacks -->
  <entry id="str_monster_skill_raiju_melee"><![CDATA[Skyward Swing]]></entry>
  <entry id="str_monster_skill_raiju_gunshot"><![CDATA[Blast the Backline]]></entry>
  <entry id="str_monster_skill_raiju_affliction"><![CDATA[Skewered Psyche]]></entry>
  <entry id="str_monster_skill_raiju_virtue"><![CDATA[Skewered Psyche]]></entry>
  
  <entry id="str_monster_skill_raiju_virtued_melee"><![CDATA[Thunderous Strike]]></entry>
  <entry id="str_monster_skill_raiju_virtued_act_out1"><![CDATA[Unfaltering Repose]]></entry>
  <entry id="str_monster_skill_raiju_virtued_act_out2"><![CDATA[Unfaltering Repose]]></entry>
  <entry id="str_monster_skill_raiju_virtued_act_out3"><![CDATA[Unfaltering Repose]]></entry>
  <entry id="str_monster_skill_raiju_revert_virtued"><![CDATA[Return to Reality]]></entry>
  
  <entry id="str_monster_skill_raiju_afflicted_gunshot"><![CDATA[Eldritch Blast]]></entry>
  <entry id="str_monster_skill_raiju_afflicted_act_out1"><![CDATA[Unfathomable Dread]]></entry>
  <entry id="str_monster_skill_raiju_afflicted_act_out2"><![CDATA[Unfathomable Dread]]></entry>
  <entry id="str_monster_skill_raiju_afflicted_act_out3"><![CDATA[Unfathomable Dread]]></entry>
  <entry id="str_monster_skill_raiju_revert_afflicted"><![CDATA[Return to Reality]]></entry>
  
  <entry id="str_raiju_virtue"><![CDATA[A clear sky fears not the thunder!]]></entry>
  <entry id="str_raiju_virtue"><![CDATA[Lightning never strikes the same place twice!]]></entry>
  <entry id="str_raiju_affliction"><![CDATA[Spiralling madness claims this one too...]]></entry>
  <entry id="str_raiju_affliction"><![CDATA[What a familiar sight...]]></entry>
  <entry id="jester+str_raiju_affliction"><![CDATA[That sickle...]]></entry>
  
  <entry id="str_monster_skill_crab_shinobi_slice"><![CDATA[Swift Sunder]]></entry>
  <entry id="str_monster_skill_crab_shinobi_lightning"><![CDATA[Blade of Lightning]]></entry>
  <entry id="str_monster_skill_crab_shinobi_shuriken"><![CDATA[Shuriken Sling]]></entry>
  <entry id="str_monster_skill_crab_shinobi_chains"><![CDATA[Chain Down]]></entry>
  <entry id="str_monster_skill_crab_shinobi_shadow_step"><![CDATA[Umbral Retreat]]></entry>
  <!-- Buffs -->
  <entry id="buff_stat_tooltip_upgrade_discount_raiju_tooltip_on_crit"><![CDATA[Gains buffs on crit]]></entry>
  <entry id="buff_stat_tooltip_upgrade_discount_raiju_tooltip_resolve"><![CDATA[Suffers from resolve checks]]></entry>
  
  <entry id="buff_stat_tooltip_upgrade_discount_raiju_trinket_on_crit"><![CDATA[On Attack Crit: {colour_start|buff}Buffs Self:{colour_end} +2%% CRT while {colour_start|afflicted}Afflicted{colour_end} and]]></entry>
  <entry id="buff_stat_tooltip_upgrade_discount_raiju_trinket_on_crit2"><![CDATA[+3%% PROT while {colour_start|virtue}Virtued{colour_end} (Both Last Whole Quest)]]></entry>

  <entry id="buff_stat_tooltip_combat_stat_multiply_crit_chance"><![CDATA[%+d%% CRT Multiplier]]></entry>
  <entry id="buff_stat_tooltip_stress_heal_percent_hero_crit"><![CDATA[%+d%% {colour_start|stress}Stress{colour_end} Healing Done from Crits]]></entry>
  <entry id="trinket_melee_attack_skill_additional_effects_hit"><![CDATA[On Melee Attack Hit:]]></entry>
  <entry id="trinket_ranged_attack_skill_additional_effects_hit"><![CDATA[On Ranged Attack Hit:]]></entry>
  <!-- Trinkets -->
  <entry id="str_inventory_title_trinketraiju_gun"><![CDATA[Triple-Barrel Teppo]]></entry>
  <entry id="str_inventory_title_trinketraiju_kanabo"><![CDATA[Iron Thunder]]></entry>
  <entry id="str_inventory_title_trinketraiju_head"><![CDATA[Splintered Encephalon]]></entry>
  <entry id="str_inventory_set_title_crab_raiju_set"><![CDATA["His demented laughs pierced further than his sickle..."]]></entry>
  <entry id="trinket_rarity_crab_sakura"><![CDATA[Sunward]]></entry>
  
  <!-- Plot Quest and Town Events -->
  <entry id="town_quest_name_plot_raiju_crab"><![CDATA[Rumbling of Thunder]]></entry>
  <entry id="str_plot_raiju_crab_tip"><![CDATA[The sickle left in its head causes the Raiju to relive some of its past as a human. This causes it to go through resolve checks similar to your characters.]]></entry>
  <entry id="str_returned_from_plot_raiju_crab_failure"><![CDATA[{?hero_names}%s failed to subdue the Raiju]]></entry>
  <entry id="str_returned_from_plot_raiju_crab_success"><![CDATA[{?hero_names}%s slayed the Raiju!]]></entry>
  <entry id="town_quest_description_plot_raiju_crab"><![CDATA[Someone has attacked a Raiju! The now provoked crustacean is now going on murderous frenzy, butchering anything it comes across. Put this savage down before it destroys the whole archipelago!]]></entry>
  
  <entry id="str_roaming_tooltip_ninja"><![CDATA[The followers of the Raiju hunt for you!]]></entry>
 </language>
<language id="schinese">
 <!-- New Monster -->
  <entry id="str_monstername_crab_raiju_D"><![CDATA[可畏的雷兽]]></entry>
  
  <entry id="str_monstername_crab_shinobi_A"><![CDATA[新手伊贺蟹忍]]></entry>
  <entry id="str_monstername_crab_shinobi_B"><![CDATA[百炼伊贺蟹忍]]></entry>
  <entry id="str_monstername_crab_shinobi_C"><![CDATA[疾敏伊贺蟹忍]]></entry>
  <entry id="str_monstername_crab_shinobi_G"><![CDATA[新手伊贺蟹忍]]></entry>
  <entry id="str_monstername_crab_shinobi_H"><![CDATA[百炼伊贺蟹忍]]></entry>
  <entry id="str_monstername_crab_shinobi_I"><![CDATA[疾敏伊贺蟹忍]]></entry>
  <!-- Monster Attacks -->
  <entry id="str_monster_skill_raiju_melee"><![CDATA[扬天劲扫]]></entry>
  <entry id="str_monster_skill_raiju_gunshot"><![CDATA[轰扫后排]]></entry>
  <entry id="str_monster_skill_raiju_affliction"><![CDATA[扭曲心理]]></entry>
  <entry id="str_monster_skill_raiju_virtue"><![CDATA[扭曲心理]]></entry>
  
  <entry id="str_monster_skill_raiju_virtued_melee"><![CDATA[雷霆一击]]></entry>
  <entry id="str_monster_skill_raiju_virtued_act_out1"><![CDATA[坚毅稳重]]></entry>
  <entry id="str_monster_skill_raiju_virtued_act_out2"><![CDATA[坚毅稳重]]></entry>
  <entry id="str_monster_skill_raiju_virtued_act_out3"><![CDATA[坚毅稳重]]></entry>
  <entry id="str_monster_skill_raiju_revert_virtued"><![CDATA[回归现实]]></entry>
  
  <entry id="str_monster_skill_raiju_afflicted_gunshot"><![CDATA[异魔轰扫]]></entry>
  <entry id="str_monster_skill_raiju_afflicted_act_out1"><![CDATA[无底恐惧]]></entry>
  <entry id="str_monster_skill_raiju_afflicted_act_out2"><![CDATA[无底恐惧]]></entry>
  <entry id="str_monster_skill_raiju_afflicted_act_out3"><![CDATA[无底恐惧]]></entry>
  <entry id="str_monster_skill_raiju_revert_afflicted"><![CDATA[回归现实]]></entry>
  
  <entry id="str_raiju_virtue"><![CDATA[晴空不惧闪电！]]></entry>
  <entry id="str_raiju_virtue"><![CDATA[闪电不会击中同一个地方两次！]]></entry>
  <entry id="str_raiju_affliction"><![CDATA[肆虐的疯狂也占据了这个家伙……]]></entry>
  <entry id="str_raiju_affliction"><![CDATA[多么熟悉的景象……]]></entry>
  <entry id="jester+str_raiju_affliction"><![CDATA[那把镰刀……]]></entry>
  
  <entry id="str_monster_skill_crab_shinobi_slice"><![CDATA[迅捷割裂]]></entry>
  <entry id="str_monster_skill_crab_shinobi_lightning"><![CDATA[闪电之刃]]></entry>
  <entry id="str_monster_skill_crab_shinobi_shuriken"><![CDATA[投掷手里剑]]></entry>
  <entry id="str_monster_skill_crab_shinobi_chains"><![CDATA[束缚]]></entry>
  <entry id="str_monster_skill_crab_shinobi_shadow_step"><![CDATA[暗影撤缩]]></entry>
  <!-- Buffs -->
  <entry id="buff_stat_tooltip_upgrade_discount_raiju_tooltip_on_crit"><![CDATA[获得增益 暴击时]]></entry>
  <entry id="buff_stat_tooltip_upgrade_discount_raiju_tooltip_resolve"><![CDATA[承受折磨检定]]></entry>
  
  <entry id="buff_stat_tooltip_upgrade_discount_raiju_trinket_on_crit"><![CDATA[攻击暴击：{colour_start|buff}增益自身：{colour_end}+2%%暴击 当{colour_start|afflicted}折磨{colour_end}时 和]]></entry>
  <entry id="buff_stat_tooltip_upgrade_discount_raiju_trinket_on_crit2"><![CDATA[+3%%防御 当{colour_start|virtue}美德时{colour_end}（皆持续直到任务结束）]]></entry>

  <entry id="buff_stat_tooltip_combat_stat_multiply_crit_chance"><![CDATA[%+d%%暴击倍率]]></entry>
  <entry id="buff_stat_tooltip_stress_heal_percent_hero_crit"><![CDATA[%+d%%造成的{colour_start|stress}压力治疗{colour_end}治疗 来自暴击]]></entry>
  <entry id="trinket_melee_attack_skill_additional_effects_hit"><![CDATA[近战攻击命中：]]></entry>
  <entry id="trinket_ranged_attack_skill_additional_effects_hit"><![CDATA[远程攻击命中：]]></entry>
  <!-- Trinkets -->
  <entry id="str_inventory_title_trinketraiju_gun"><![CDATA[三管铁炮]]></entry>
  <entry id="str_inventory_title_trinketraiju_kanabo"><![CDATA[铁雷]]></entry>
  <entry id="str_inventory_title_trinketraiju_head"><![CDATA[裂开的脑壳]]></entry>
  <entry id="str_inventory_set_title_crab_raiju_set"><![CDATA[“他疯狂的笑声比他的镰刀还要刺痛……”]]></entry>
  <entry id="trinket_rarity_crab_sakura"><![CDATA[朝日]]></entry>
  
  <!-- Plot Quest and Town Events -->
  <entry id="town_quest_name_plot_raiju_crab"><![CDATA[隆隆的雷声]]></entry>
  <entry id="str_plot_raiju_crab_tip"><![CDATA[留在雷兽头上的镰刀让他想起了自己作为人类的过去。这会导致他和你的角色一样经历折磨检定。]]></entry>
  <entry id="str_returned_from_plot_raiju_crab_failure"><![CDATA[{?hero_names}%s没能制服雷兽]]></entry>
  <entry id="str_returned_from_plot_raiju_crab_success"><![CDATA[{?hero_names}%s屠杀了雷兽！]]></entry>
  <entry id="town_quest_description_plot_raiju_crab"><![CDATA[有人袭击了一只雷兽！现在这只被激怒的甲壳动物现在正在疯狂地杀人，屠戮它遇到的任何东西。在这个蛮兽摧毁整个群岛之前把它撂倒！]]></entry>
  
  <entry id="str_roaming_tooltip_ninja"><![CDATA[雷兽的追随者在猎杀你！]]></entry>
  </language>
<language id="japanese">
 <!-- New Monster -->
  <entry id="str_monstername_crab_raiju_D"><![CDATA[Redoubtable Raiju]]></entry>
  
  <entry id="str_monstername_crab_shinobi_A"><![CDATA[Novice Iga-Gani]]></entry>
  <entry id="str_monstername_crab_shinobi_B"><![CDATA[Practiced Iga-Gani]]></entry>
  <entry id="str_monstername_crab_shinobi_C"><![CDATA[Deft Iga-Gani]]></entry>
  <entry id="str_monstername_crab_shinobi_G"><![CDATA[Novice Iga-Gani]]></entry>
  <entry id="str_monstername_crab_shinobi_H"><![CDATA[Practiced Iga-Gani]]></entry>
  <entry id="str_monstername_crab_shinobi_I"><![CDATA[Deft Iga-Gani]]></entry>
  <!-- Monster Attacks -->
  <entry id="str_monster_skill_raiju_melee"><![CDATA[Skyward Swing]]></entry>
  <entry id="str_monster_skill_raiju_gunshot"><![CDATA[Blast the Backline]]></entry>
  <entry id="str_monster_skill_raiju_affliction"><![CDATA[Skewered Psyche]]></entry>
  <entry id="str_monster_skill_raiju_virtue"><![CDATA[Skewered Psyche]]></entry>
  
  <entry id="str_monster_skill_raiju_virtued_melee"><![CDATA[Thunderous Strike]]></entry>
  <entry id="str_monster_skill_raiju_virtued_act_out1"><![CDATA[Unfaltering Repose]]></entry>
  <entry id="str_monster_skill_raiju_virtued_act_out2"><![CDATA[Unfaltering Repose]]></entry>
  <entry id="str_monster_skill_raiju_virtued_act_out3"><![CDATA[Unfaltering Repose]]></entry>
  <entry id="str_monster_skill_raiju_revert_virtued"><![CDATA[Return to Reality]]></entry>
  
  <entry id="str_monster_skill_raiju_afflicted_gunshot"><![CDATA[Eldritch Blast]]></entry>
  <entry id="str_monster_skill_raiju_afflicted_act_out1"><![CDATA[Unfathomable Dread]]></entry>
  <entry id="str_monster_skill_raiju_afflicted_act_out2"><![CDATA[Unfathomable Dread]]></entry>
  <entry id="str_monster_skill_raiju_afflicted_act_out3"><![CDATA[Unfathomable Dread]]></entry>
  <entry id="str_monster_skill_raiju_revert_afflicted"><![CDATA[Return to Reality]]></entry>
  
  <entry id="str_raiju_virtue"><![CDATA[A clear sky fears not the thunder!]]></entry>
  <entry id="str_raiju_virtue"><![CDATA[Lightning never strikes the same place twice!]]></entry>
  <entry id="str_raiju_affliction"><![CDATA[Spiralling madness claims this one too...]]></entry>
  <entry id="str_raiju_affliction"><![CDATA[What a familiar sight...]]></entry>
  <entry id="jester+str_raiju_affliction"><![CDATA[That sickle...]]></entry>
  
  <entry id="str_monster_skill_crab_shinobi_slice"><![CDATA[Swift Sunder]]></entry>
  <entry id="str_monster_skill_crab_shinobi_lightning"><![CDATA[Blade of Lightning]]></entry>
  <entry id="str_monster_skill_crab_shinobi_shuriken"><![CDATA[Shuriken Sling]]></entry>
  <entry id="str_monster_skill_crab_shinobi_chains"><![CDATA[Chain Down]]></entry>
  <entry id="str_monster_skill_crab_shinobi_shadow_step"><![CDATA[Umbral Retreat]]></entry>
  <!-- Buffs -->
  <entry id="buff_stat_tooltip_upgrade_discount_raiju_tooltip_on_crit"><![CDATA[Gains buffs on crit]]></entry>
  <entry id="buff_stat_tooltip_upgrade_discount_raiju_tooltip_resolve"><![CDATA[Suffers from resolve checks]]></entry>
  
  <entry id="buff_stat_tooltip_upgrade_discount_raiju_trinket_on_crit"><![CDATA[On Attack Crit: {colour_start|buff}Buffs Self:{colour_end} +2%% CRT while {colour_start|afflicted}Afflicted{colour_end} and]]></entry>
  <entry id="buff_stat_tooltip_upgrade_discount_raiju_trinket_on_crit2"><![CDATA[+3%% PROT while {colour_start|virtue}Virtued{colour_end} (Both Last Whole Quest)]]></entry>

  <entry id="buff_stat_tooltip_combat_stat_multiply_crit_chance"><![CDATA[%+d%% CRT Multiplier]]></entry>
  <entry id="buff_stat_tooltip_stress_heal_percent_hero_crit"><![CDATA[%+d%% {colour_start|stress}Stress{colour_end} Healing Done from Crits]]></entry>
  <entry id="trinket_melee_attack_skill_additional_effects_hit"><![CDATA[On Melee Attack Hit:]]></entry>
  <entry id="trinket_ranged_attack_skill_additional_effects_hit"><![CDATA[On Ranged Attack Hit:]]></entry>
  <!-- Trinkets -->
  <entry id="str_inventory_title_trinketraiju_gun"><![CDATA[Triple-Barrel Teppo]]></entry>
  <entry id="str_inventory_title_trinketraiju_kanabo"><![CDATA[Iron Thunder]]></entry>
  <entry id="str_inventory_title_trinketraiju_head"><![CDATA[Splintered Encephalon]]></entry>
  <entry id="str_inventory_set_title_crab_raiju_set"><![CDATA["His demented laughs pierced further than his sickle..."]]></entry>
  <entry id="trinket_rarity_crab_sakura"><![CDATA[Sunward]]></entry>
  
  <!-- Plot Quest and Town Events -->
  <entry id="town_quest_name_plot_raiju_crab"><![CDATA[Rumbling of Thunder]]></entry>
  <entry id="str_plot_raiju_crab_tip"><![CDATA[The sickle left in its head causes the Raiju to relive some of its past as a human. This causes it to go through resolve checks similar to your characters.]]></entry>
  <entry id="str_returned_from_plot_raiju_crab_failure"><![CDATA[{?hero_names}%s failed to subdue the Raiju]]></entry>
  <entry id="str_returned_from_plot_raiju_crab_success"><![CDATA[{?hero_names}%s slayed the Raiju!]]></entry>
  <entry id="town_quest_description_plot_raiju_crab"><![CDATA[Someone has attacked a Raiju! The now provoked crustacean is now going on murderous frenzy, butchering anything it comes across. Put this savage down before it destroys the whole archipelago!]]></entry>
  
  <entry id="str_roaming_tooltip_ninja"><![CDATA[The followers of the Raiju hunt for you!]]></entry>
</language>
</root>

