<?xml version="1.0" encoding="UTF-8"?>
<root>
  <language id="schinese">
<entry id="str_monstername_meat_A"><![CDATA[烂肉]]></entry>
<entry id="str_monstername_meat_B"><![CDATA[大块的烂肉]]></entry>
<entry id="str_monstername_meat_C"><![CDATA[厚实的烂肉]]></entry>
      
<entry id="str_monstername_meat_X"><![CDATA[烂肉]]></entry>
<entry id="str_monstername_meat_Y"><![CDATA[大块的烂肉]]></entry>
<entry id="str_monstername_meat_Z"><![CDATA[厚实的烂肉]]></entry>

<entry id="str_monster_skill_Quarter_Pounder"><![CDATA[松肉一击]]></entry>
<entry id="str_monster_skill_Parasite"><![CDATA[寄生感染]]></entry>
<entry id="str_monster_skill_Summon_Meat"><![CDATA[猪肉堆积]]></entry>


  </language>
</root>