<?xml version="1.0" encoding="UTF-8"?>
<root>
  <language id="english">

<entry id="str_inventory_title_trinketboss_meat"><![CDATA[奇怪的肉]]></entry>
<entry id="str_inventory_title_trinketweird_meat"><![CDATA[诡异的肉]]></entry>

<entry id="str_caretaker_goal_plot_kill_meat_1"><![CDATA[烂肉]]></entry>
<entry id="str_caretaker_goal_plot_kill_meat_2"><![CDATA[更多烂肉]]></entry>
<entry id="str_caretaker_goal_plot_kill_meat_3"><![CDATA[甚至更多的烂肉]]></entry>

<entry id="str_embarked_on_plot_kill_meat_1"><![CDATA[{?hero_names}%s 想要锤松些肉。 ({?difficulty}%s {?length}%s)]]></entry>
<entry id="str_embarked_on_plot_kill_meat_2"><![CDATA[{?hero_names}%s 想要锤松些肉。 ({?difficulty}%s {?length}%s)]]></entry>
<entry id="str_embarked_on_plot_kill_meat_3"><![CDATA[{?hero_names}%s 想要锤松些肉。 ({?difficulty}%s {?length}%s)]]></entry>

<entry id="str_returned_from_plot_kill_meat_1_success"><![CDATA[{?hero_names}%s 搅碎了那些烂肉！ ({?difficulty}%s {?length}%s)]]></entry>
<entry id="str_returned_from_plot_kill_meat_2_success"><![CDATA[{?hero_names}%s 搅碎了那些烂肉！ ({?difficulty}%s {?length}%s)]]></entry>
<entry id="str_returned_from_plot_kill_meat_3_success"><![CDATA[{?hero_names}%s 搅碎了那些烂肉！ ({?difficulty}%s {?length}%s)]]></entry>

<entry id="town_quest_progress_plot_kill_meat_1"><![CDATA[击杀首领!]]></entry>
<entry id="town_quest_progress_plot_kill_meat_2"><![CDATA[击杀首领!]]></entry>
<entry id="town_quest_progress_plot_kill_meat_3"><![CDATA[击杀首领!]]></entry>


<entry id="town_quest_name_plot_kill_meat_1"><![CDATA[杀死烂肉]]></entry>
<entry id="town_quest_description_plot_kill_meat_1"><![CDATA[一堆骨头和烂肉，以邪秽的手段被赋予了生命。结束它悲惨的生命吧，越快越好！]]></entry>

<entry id="town_quest_name_plot_kill_meat_2"><![CDATA[杀死烂肉堆]]></entry>
<entry id="town_quest_description_plot_kill_meat_2"><![CDATA[一堆骨头和烂肉，以邪秽的手段被赋予了生命。结束它悲惨的生命吧，越快越好！]]></entry>

<entry id="town_quest_name_plot_kill_meat_3"><![CDATA[杀死烂肉山]]></entry>
<entry id="town_quest_description_plot_kill_meat_3"><![CDATA[一堆骨头和烂肉，以邪秽的手段被赋予了生命。结束它悲惨的生命吧，越快越好！]]></entry>
      

<entry id="str_plot_kill_meat_1_tip"><![CDATA[烂肉容易流血和腐蚀……]]></entry>
<entry id="str_plot_kill_meat_2_tip"><![CDATA[算好你攻击的时间，因为烂肉会再生……]]></entry>
<entry id="str_plot_kill_meat_3_tip"><![CDATA[最好同时杀死所有烂肉……]]></entry>


  </language>
</root>

