<?xml version="1.0" encoding="UTF-8"?>
<root>
  <language id="english">
<entry id="str_monstername_pile_A"><![CDATA[烂肉堆]]></entry>
<entry id="str_monstername_pile_B"><![CDATA[烂肉山]]></entry>
<entry id="str_monstername_pile_C"><![CDATA[秽物堆]]></entry>

<entry id="str_monster_skill_taste_meat"><![CDATA[吸收]]></entry>
<entry id="str_monster_skill_foul_meat"><![CDATA[腐臭之肉]]></entry>
<entry id="str_monster_skill_meat_slap"><![CDATA[烂肉拍打]]></entry>

  </language>
</root>