<?xml version="1.0" encoding="UTF-8"?>
<root>
  <language id="schinese">
	
<entry id="buff_stat_tooltip_upgrade_discount_cho_focus_ring"><![CDATA[{colour_start|very_rare}专注戒指{colour_end}
+10精准
+5%%暴击
-8闪避]]></entry>
<entry id="buff_stat_tooltip_upgrade_discount_cho_berserk_charm"><![CDATA[{colour_start|rare}狂暴吊坠{colour_end}
+3速度
+15%%伤害
-5精准]]></entry>
<entry id="buff_stat_tooltip_upgrade_discount_cho_ancestors_pen"><![CDATA[{colour_start|ancestral}先祖的蘸水笔{colour_end}
+10%%伤害 {colour_start|attacktype}近战{colour_end}技能
+8%%暴击 {colour_start|attacktype}近战{colour_end}技能]]></entry>
<entry id="buff_stat_tooltip_upgrade_discount_cho_vengeful_kill_list"><![CDATA[{colour_start|harmful}充满仇恨的杀戮名单{colour_end}
+50%%{colour_start|move}位移{colour_end}技能概率
+35%%{colour_start|bleed}流血{colour_end}技能概率
+15精准 {colour_start|attacktype}远程{colour_end}技能]]></entry>
<entry id="buff_stat_tooltip_upgrade_discount_cho_stun_amulet"><![CDATA[{colour_start|uncommon}眩晕项链{colour_end}
+10%%{colour_start|stun}眩晕{colour_end}技能概率
+20%%{colour_start|stun}眩晕{colour_end}抗性
-4闪避]]></entry>
<entry id="buff_stat_tooltip_upgrade_discount_cho_prophet_eye"><![CDATA[{colour_start|trophy}先知的眼睛{colour_end}
+15精准如果在位置4
+3速度如果在位置4]]></entry>
<entry id="buff_stat_tooltip_upgrade_discount_cho_wrathful_bandana"><![CDATA[{colour_start|very_rare}愤怒头巾{colour_end}
+25%%伤害如果在位置4
+30%%{colour_start|debuff}减益{colour_end}技能概率
-50%%{colour_start|healhp}生命治疗{colour_end}]]></entry>
<entry id="buff_stat_tooltip_upgrade_discount_cho_blood_pact"><![CDATA[{colour_start|harmful}血之契约{colour_end}
+4速度如果亮度低于60
+25%%如果亮度低于60
-25%%{colour_start|bleed}流血{colour_end}技能概率
-10%%最大生命]]></entry>
<entry id="buff_stat_tooltip_upgrade_discount_cho_vial_of_sand"><![CDATA[{colour_start|harmful}一瓶黄沙{colour_end}
+20%%{colour_start|debuff}减益{colour_end}技能概率
+20%%{colour_start|stun}眩晕{colour_end}技能概率
+20%%{colour_start|move}位移{colour_end}技能概率
+20%%{colour_start|stun}眩晕{colour_end}抗性]]></entry>
<entry id="buff_stat_tooltip_upgrade_discount_cho_ancestors_musket_ball"><![CDATA[{colour_start|ancestral}先祖的弹丸{colour_end}
+10%%伤害 {colour_start|attacktype}远程{colour_end}技能
+8%%暴击 {colour_start|attacktype}远程{colour_end}技能]]></entry>
<entry id="buff_stat_tooltip_upgrade_discount_cho_ancestors_coat"><![CDATA[{colour_start|ancestral}先祖的外套{colour_end}
+15闪避]]></entry>
<entry id="buff_stat_tooltip_upgrade_discount_cho_ancestors_signet_ring"><![CDATA[{colour_start|very_rare}先祖的家印戒指{colour_end}
+10精准
+10%%防御]]></entry>
<entry id="buff_stat_tooltip_upgrade_discount_cho_crescendo_box"><![CDATA[{colour_start|madman}渐响乐盒{colour_end}
+2速度
+15%%伤害]]></entry>
<entry id="buff_stat_tooltip_upgrade_discount_cho_junias_head"><![CDATA[{colour_start|very_rare}朱妮娅的头颅{colour_end}
+30%%{colour_start|healhp}生命治疗{colour_end}]]></entry>
<entry id="buff_stat_tooltip_upgrade_discount_cho_salacious_diary"><![CDATA[{colour_start|harmful}背德日记{colour_end}
+25%%{colour_start|healhp}生命治疗{colour_end}]]></entry>
<entry id="buff_stat_tooltip_upgrade_discount_cho_blas_vial"><![CDATA[{colour_start|very_rare}亵渎魔瓶{colour_end}
+10精准 {colour_start|attacktype}远程{colour_end}技能
+20%%{colour_start|stun}眩晕{colour_end}技能概率
+20%%{colour_start|blight}腐蚀{colour_end}技能概率]]></entry>
<entry id="buff_stat_tooltip_upgrade_discount_cho_heartburst"><![CDATA[{colour_start|common}裂心头巾{colour_end}
+4速度 如果生命值低于40%%]]></entry>
<entry id="buff_stat_tooltip_upgrade_discount_cho_shard_of_glass"><![CDATA[{colour_start|harmful}玻璃碎片{colour_end}
+35%%{colour_start|bleed}流血{colour_end}技能概率
-20%%{colour_start|bleed}流血{colour_end}抗性]]></entry>
<entry id="buff_stat_tooltip_upgrade_discount_cho_toy_soldier"><![CDATA[{colour_start|harmful}玩具士兵{colour_end}
+10%%防御
+5%%暴击]]></entry>
<entry id="buff_stat_tooltip_upgrade_discount_cho_toy_soldier"><![CDATA[{colour_start|harmful}旧役旗标{colour_end}
+15%%{colour_start|stun}眩晕{colour_end}技能概率
+20%%{colour_start|stun}减益{colour_end}技能概率]]></entry>
<entry id="buff_stat_tooltip_upgrade_discount_cho_dismas_head"><![CDATA[{colour_start|very_rare}迪斯马的头颅{colour_end}
+25%%伤害
-10%%最大生命]]></entry>
<entry id="buff_stat_tooltip_upgrade_discount_cho_overture_box"><![CDATA[{colour_start|madman}序曲乐盒{colour_end}
+15%%最大生命
+8闪避
-2精准]]></entry>
<entry id="buff_stat_tooltip_upgrade_discount_cho_master_essence"><![CDATA[{colour_start|harmful}主人的精华{colour_end}
+50%%{colour_start|healhp}生命治疗{colour_end}
+35%%{colour_start|blight}腐蚀{colour_end}技能概率
+35%%{colour_start|debuff}减益{colour_end}技能概率]]></entry>
<entry id="buff_stat_tooltip_upgrade_discount_cho_two_of_three"><![CDATA[{colour_start|harmful}三相之二{colour_end}
+50%%伤害 对{colour_start|blight}腐蚀ed{colour_end}
+8%%暴击 对{colour_start|blight}腐蚀ed{colour_end}]]></entry>
<entry id="buff_stat_tooltip_upgrade_discount_cho_protective_padlock"><![CDATA[{colour_start|uncommon}守护枷锁{colour_end}
+15%%防御
-1速度]]></entry>
<entry id="buff_stat_tooltip_upgrade_discount_cho_damage_stone"><![CDATA[{colour_start|common}伤害魔石{colour_end}
+10%%伤害
-4闪避]]></entry>
<entry id="buff_stat_tooltip_upgrade_discount_cho_lock_of_fury"><![CDATA[{colour_start|rare}狂怒枷锁{colour_end}
+10%%伤害
+3速度
-10%%最大生命]]></entry>
<entry id="buff_stat_tooltip_upgrade_discount_cho_legendary_bracer"><![CDATA[{colour_start|very_rare}传奇护腕{colour_end}
+20%%伤害
-1速度]]></entry>
<entry id="buff_stat_tooltip_upgrade_discount_cho_bag_of_marbles"><![CDATA[{colour_start|common}弹珠袋子{colour_end}
+10闪避]]></entry>
<entry id="buff_stat_tooltip_upgrade_discount_cho_swift_cloak"><![CDATA[{colour_start|uncommon}迅捷斗篷{colour_end}
+2速度
-20%%{colour_start|move}位移{colour_end}抗性]]></entry>
<entry id="buff_stat_tooltip_upgrade_discount_cho_fleet_florin"><![CDATA[{colour_start|rare}舰队弗罗林{colour_end}
+4速度
+20%%{colour_start|debuff}减益{colour_end}技能概率]]></entry>
<entry id="buff_stat_tooltip_upgrade_discount_cho_feather_crystal"><![CDATA[{colour_start|rare}轻羽水晶{colour_end}
+2速度
+8闪避
-20%%{colour_start|stun}眩晕{colour_end}抗性
-20%%{colour_start|move}位移{colour_end}抗性]]></entry>
<entry id="buff_stat_tooltip_upgrade_discount_cho_agility_talon"><![CDATA[{colour_start|rare}敏捷之爪{colour_end}
+1速度
+4闪避]]></entry>
<entry id="buff_stat_tooltip_upgrade_discount_cho_swordsmans_crest"><![CDATA[{colour_start|common}剑士饰章{colour_end}
+10%%伤害 {colour_start|attacktype}近战{colour_end}技能
-50%%{colour_start|healhp}生命治疗{colour_end}]]></entry>
<entry id="buff_stat_tooltip_upgrade_discount_cho_bleed_amulet"><![CDATA[{colour_start|uncommon}鲜血项链{colour_end}
+20%%{colour_start|bleed}流血{colour_end}技能概率
+20%%{colour_start|bleed}流血{colour_end}抗性
-20%%{colour_start|blight}腐蚀{colour_end}抗性]]></entry>
<entry id="buff_stat_tooltip_upgrade_discount_recovery_charm"><![CDATA[{colour_start|rare}恢复挂坠{colour_end}
+40%%受到的{colour_start|healhp}生命治疗{colour_end}]]></entry>
<entry id="buff_stat_tooltip_upgrade_discount_cho_chipped_tooth"><![CDATA[{colour_start|harmful}断裂的牙齿{colour_end}
+20%%最大生命
+35%%{colour_start|move}位移{colour_end}抗性]]></entry>
<entry id="buff_stat_tooltip_upgrade_discount_cho_shimmering_cloak"><![CDATA[{colour_start|uncommon}闪烁斗篷{colour_end}
+8闪避
-33%%受到的{colour_start|healhp}生命治疗{colour_end}]]></entry>
<entry id="buff_stat_tooltip_upgrade_discount_cho_dodgy_sheath"><![CDATA[{colour_start|uncommon}狡诈剑鞘{colour_end}
+8闪避
+1速度
-10精准 {colour_start|attacktype}远程{colour_end}技能]]></entry>
<entry id="buff_stat_tooltip_upgrade_discount_cho_steady_bracer"><![CDATA[{colour_start|uncommon}稳固护腕{colour_end}
+10精准 {colour_start|attacktype}远程{colour_end}技能
-2闪避]]></entry>
<entry id="buff_stat_tooltip_upgrade_discount_cho_dodge_whistle"><![CDATA[{colour_start|common}迅捷尖哨{colour_end}
+4闪避
+1速度
-20%%{colour_start|debuff}减益{colour_end}抗性]]></entry>
<entry id="buff_stat_tooltip_upgrade_discount_cho_protective_collar"><![CDATA[{colour_start|rare}防护项圈{colour_end}
+12闪避
-15%%伤害]]></entry>
<entry id="buff_stat_tooltip_upgrade_discount_cho_camouflage_cloak"><![CDATA[{colour_start|uncommon}伪装斗篷{colour_end}
+15闪避 如果亮度高于75
-20%%{colour_start|stun}眩晕{colour_end}抗性]]></entry>
<entry id="buff_stat_tooltip_upgrade_discount_cho_callous_talon"><![CDATA[{colour_start|crow}结痂的鸦爪{colour_end}
+7%%暴击
+33%%{colour_start|bleed}流血{colour_end}技能概率 如果亮度低于50]]></entry>
<entry id="buff_stat_tooltip_upgrade_discount_cho_fortunate_armlet"><![CDATA[{colour_start|uncommon}幸运臂环{colour_end}
+8精准
+3%%暴击]]></entry>
<entry id="buff_stat_tooltip_upgrade_discount_cho_healing_armlet"><![CDATA[{colour_start|common}治疗臂章{colour_end}
+20%%受到的{colour_start|healhp}生命治疗{colour_end}]]></entry>
<entry id="buff_stat_tooltip_upgrade_discount_cho_flesh_heart"><![CDATA[{colour_start|trophy}血肉之心{colour_end}
+50%%{colour_start|bleed}流血{colour_end}抗性
+15%%最大生命]]></entry>
<entry id="buff_stat_tooltip_upgrade_discount_cho_tough_ring"><![CDATA[{colour_start|very_rare}强韧戒指{colour_end}
+10%%防御
+15%%最大生命
-15%%伤害]]></entry>
<entry id="buff_stat_tooltip_upgrade_discount_cho_cleansing_crystal"><![CDATA[{colour_start|very_rare}净化水晶{colour_end}
+40%%{colour_start|blight}腐蚀{colour_end}抗性
+40%%{colour_start|bleed}流血{colour_end}抗性
+40%%{colour_start|debuff}减益{colour_end}抗性
-15%%{colour_start|blight}腐蚀{colour_end}技能概率
-15%%{colour_start|bleed}流血{colour_end}技能概率
-15%%{colour_start|debuff}减益{colour_end}技能概率]]></entry>
<entry id="buff_stat_tooltip_upgrade_discount_cho_chirurgeons_charm"><![CDATA[{colour_start|uncommon}医者挂坠{colour_end}
+15%%{colour_start|healhp}生命治疗{colour_end}]]></entry>
<entry id="buff_stat_tooltip_upgrade_discount_cho_cuirboilli"><![CDATA[{colour_start|very_rare}坚皮衣甲{colour_end}
+33%%最大生命
-2速度]]></entry>
<entry id="buff_stat_tooltip_upgrade_discount_witchs_vial"><![CDATA[{colour_start|common}巫师药瓶{colour_end}
+15%%{colour_start|stun}眩晕{colour_end}技能概率]]></entry>
<entry id="buff_stat_tooltip_upgrade_discount_cho_wilburs_flag"><![CDATA[{colour_start|trophy}威利伯的旗帜{colour_end}
+50%%{colour_start|stun}眩晕{colour_end}抗性]]></entry>
<entry id="buff_stat_tooltip_upgrade_discount_cho_healing_tome"><![CDATA[{colour_start|rare}治疗圣典{colour_end}
+25%%{colour_start|healhp}生命治疗{colour_end}
-15%%最大生命]]></entry>
<entry id="buff_stat_tooltip_upgrade_discount_cho_haste_chalice"><![CDATA[{colour_start|uncommon}迅捷圣杯{colour_end}
在第一回合+8速度
在第一回合后+2速度
-25%%{colour_start|stun}眩晕{colour_end}技能概率]]></entry>
<entry id="buff_stat_tooltip_upgrade_discount_cho_beads"><![CDATA[{colour_start|harmful}赎罪念珠{colour_end}
+15%%伤害 {colour_start|attacktype}近战{colour_end}技能
+8%%暴击 {colour_start|attacktype}近战{colour_end}技能]]></entry>
<entry id="buff_stat_tooltip_upgrade_discount_cho_bloody_herb"><![CDATA[{colour_start|rare}血腥毒草{colour_end}
+10精准 {colour_start|attacktype}近战{colour_end}技能
+30%%{colour_start|bleed}流血{colour_end}技能概率
+20%%伤害 {colour_start|attacktype}近战{colour_end}技能]]></entry>
<entry id="buff_stat_tooltip_upgrade_discount_cho_matchstick"><![CDATA[{colour_start|trophy}点火人的引燃棒{colour_end}
+2速度
+10%%伤害 {colour_start|attacktype}远程{colour_end}技能
+6%%暴击 {colour_start|attacktype}远程{colour_end}技能]]></entry>
<entry id="buff_stat_tooltip_upgrade_discount_cho_lucky_talisman"><![CDATA[{colour_start|rare}幸运护符{colour_end}
+12闪避
+10精准 {colour_start|attacktype}远程{colour_end}技能]]></entry>
<entry id="buff_stat_tooltip_upgrade_discount_cho_dancer_footwrap"><![CDATA[{colour_start|uncommon}舞者的缠足布{colour_end}
+40%%{colour_start|move}位移{colour_end}抗性
+2速度]]></entry>	
	
  </language>

   

</root>