<?xml version="1.0" encoding="UTF-8"?>
<root>
	<language id="schinese">
	<!-- Misc. -->
    <entry id="enemy_type_name_fallen"><![CDATA[堕落]]></entry>
    <entry id="buff_rule_data_tooltip_fallen"><![CDATA[堕落]]></entry>
	<!-- -->
			<!--Bounty Hunter-->
	<entry id="str_monster_skill_fallen_finish_him"><![CDATA[了结一击]]></entry>
	<entry id="str_monster_skill_fallen_collect_bounty"><![CDATA[收集赏金]]></entry>
	<entry id="str_monster_skill_fallen_target_tag"><![CDATA[死亡标记]]></entry>
	<entry id="str_monster_skill_fallen_come_hither"><![CDATA[靠近点！]]></entry>
	<entry id="str_monster_skill_fallen_uppercut"><![CDATA[上勾拳]]></entry>
	<entry id="str_monster_skill_fallen_flashbang"><![CDATA[闪光弹]]></entry>
	<entry id="str_monster_skill_fallen_hook_and_slice"><![CDATA[绳钩切削]]></entry>
	<entry id="str_monstername_bounty_hunter_A"><![CDATA[堕落的奴隶猎人]]></entry>
	<entry id="str_monstername_bounty_hunter_B"><![CDATA[堕落的合约杀手]]></entry>
	<entry id="str_monstername_bounty_hunter_C"><![CDATA[堕落的赏金猎人]]></entry>
	<entry id="str_monstername_bounty_hunter_D"><![CDATA[[毒害的]堕落的奴隶猎人]]></entry>
	<entry id="str_monstername_bounty_hunter_E"><![CDATA[[毒害的]堕落的合约杀手]]></entry>
	<entry id="str_monstername_bounty_hunter_F"><![CDATA[[毒害的]堕落的赏金猎人]]></entry>
	<entry id="str_monstername_bounty_hunter_G"><![CDATA[[装甲的]堕落的奴隶猎人]]></entry>
	<entry id="str_monstername_bounty_hunter_H"><![CDATA[[装甲的]堕落的合约杀手]]></entry>
	<entry id="str_monstername_bounty_hunter_I"><![CDATA[[装甲的]堕落的赏金猎人]]></entry>
			<!--Arbalest-->
	<entry id="str_monster_skill_fallen_sniper_shot"><![CDATA[狙击]]></entry>
	<entry id="str_monster_skill_fallen_suppressing_fire"><![CDATA[压制射击]]></entry>
	<entry id="str_monster_skill_fallen_sniper_mark"><![CDATA[狙击印记]]></entry>
	<entry id="str_monster_skill_fallen_bola"><![CDATA[拌索]]></entry>
	<entry id="str_monster_skill_fallen_blindfire"><![CDATA[盲射]]></entry>
	<entry id="str_monster_skill_fallen_battlefield_bandage"><![CDATA[战场包扎]]></entry>
	<entry id="str_monster_skill_fallen_flare"><![CDATA[照明弹]]></entry>
	<entry id="str_monster_skill_fallen_reload"><![CDATA[装填]]></entry>
	<entry id="str_monstername_arbalest_A"><![CDATA[堕落的神射手]]></entry>
	<entry id="str_monstername_arbalest_B"><![CDATA[堕落的狙击手]]></entry>
	<entry id="str_monstername_arbalest_C"><![CDATA[堕落的弩手]]></entry>
	<entry id="str_monstername_arbalest_D"><![CDATA[堕落的神射手]]></entry>
	<entry id="str_monstername_arbalest_E"><![CDATA[堕落的狙击手]]></entry>
	<entry id="str_monstername_arbalest_F"><![CDATA[堕落的弩手]]></entry>
	<entry id="str_monstername_arbalest_G"><![CDATA[[轻盈的]堕落的神射手]]></entry>
	<entry id="str_monstername_arbalest_H"><![CDATA[[轻盈的]堕落的狙击手]]></entry>
	<entry id="str_monstername_arbalest_I"><![CDATA[[轻盈的]堕落的弩手]]></entry>
	<entry id="str_monstername_arbalest_J"><![CDATA[[轻盈的]堕落的神射手]]></entry>
	<entry id="str_monstername_arbalest_K"><![CDATA[[轻盈的]堕落的狙击手]]></entry>
	<entry id="str_monstername_arbalest_L"><![CDATA[[轻盈的]堕落的弩手]]></entry>
	<entry id="str_monstername_arbalest_M"><![CDATA[[笨重的]堕落的神射手]]></entry>
	<entry id="str_monstername_arbalest_N"><![CDATA[[笨重的]堕落的狙击手]]></entry>
	<entry id="str_monstername_arbalest_O"><![CDATA[[笨重的]堕落的弩手]]></entry>
	<entry id="str_monstername_arbalest_P"><![CDATA[[笨重的]堕落的神射手]]></entry>
	<entry id="str_monstername_arbalest_Q"><![CDATA[[笨重的]堕落的狙击手]]></entry>
	<entry id="str_monstername_arbalest_R"><![CDATA[[笨重的]堕落的弩手]]></entry>
			<!--Occultist-->
	<entry id="str_monster_skill_fallen_bloodlet"><![CDATA[献祭刺击]]></entry>
	<entry id="str_monster_skill_fallen_abyssal_artillery"><![CDATA[深渊炮击]]></entry>
	<entry id="str_monster_skill_fallen_weakening_curse"><![CDATA[虚弱诅咒]]></entry>
	<entry id="str_monster_skill_fallen_disruptive_curse"><![CDATA[弱点术式]]></entry>
	<entry id="str_monster_skill_fallen_wyrd_reconstruction"><![CDATA[命运重构]]></entry>
	<entry id="str_monster_skill_fallen_hands_from_abyss"><![CDATA[深渊之手]]></entry>
	<entry id="str_monster_skill_fallen_daemons_pull"><![CDATA[恶魔牵引]]></entry>
	<entry id="str_monstername_occultist_A"><![CDATA[堕落的寻知者]]></entry>
	<entry id="str_monstername_occultist_B"><![CDATA[堕落的秘术学者]]></entry>
	<entry id="str_monstername_occultist_C"><![CDATA[堕落的神秘学者]]></entry>
	<entry id="str_monstername_occultist_D"><![CDATA[堕落的寻知者]]></entry>
	<entry id="str_monstername_occultist_E"><![CDATA[堕落的秘术学者]]></entry>
	<entry id="str_monstername_occultist_F"><![CDATA[堕落的神秘学者]]></entry>
	<entry id="str_monstername_occultist_G"><![CDATA[[撕裂的]堕落的寻知者]]></entry>
	<entry id="str_monstername_occultist_H"><![CDATA[[撕裂的]堕落的秘术学者]]></entry>
	<entry id="str_monstername_occultist_I"><![CDATA[[撕裂的]堕落的神秘学者]]></entry>
	<entry id="str_monstername_occultist_J"><![CDATA[[覆影的]堕落的寻知者]]></entry>
	<entry id="str_monstername_occultist_K"><![CDATA[[覆影的]堕落的秘术学者]]></entry>
	<entry id="str_monstername_occultist_L"><![CDATA[[覆影的]堕落的神秘学者]]></entry>
			<!--Houndmaster-->
	<entry id="str_monster_skill_fallen_hounds_rush"><![CDATA[猎犬冲刺]]></entry>
	<entry id="str_monster_skill_fallen_hounds_harry"><![CDATA[猎犬骚扰]]></entry>
	<entry id="str_monster_skill_fallen_whistle"><![CDATA[标记口哨]]></entry>
	<entry id="str_monster_skill_fallen_howl"><![CDATA[振奋吠嚎]]></entry>
	<entry id="str_monster_skill_fallen_guard_dog"><![CDATA[猎犬守护]]></entry>
	<entry id="str_monster_skill_fallen_lick_wounds"><![CDATA[舔舐伤口]]></entry>
	<entry id="str_monster_skill_fallen_blackjack"><![CDATA[棍闷]]></entry>
	<entry id="str_monster_skill_fallen_dog_treats"><![CDATA[狗粮]]></entry>
	<entry id="str_monstername_houndmaster_A"><![CDATA[堕落的饲犬师]]></entry>
	<entry id="str_monstername_houndmaster_B"><![CDATA[堕落的训兽师]]></entry>
	<entry id="str_monstername_houndmaster_C"><![CDATA[堕落的训犬师]]></entry>
	<entry id="str_monstername_houndmaster_D"><![CDATA[[行刑的]堕落的饲犬师]]></entry>
	<entry id="str_monstername_houndmaster_E"><![CDATA[[行刑的]堕落的训兽师]]></entry>
	<entry id="str_monstername_houndmaster_F"><![CDATA[[行刑的]堕落的训犬师]]></entry>
	<entry id="str_monstername_houndmaster_G"><![CDATA[[狂暴的]堕落的饲犬师]]></entry>
	<entry id="str_monstername_houndmaster_H"><![CDATA[[狂暴的]堕落的训兽师]]></entry>
	<entry id="str_monstername_houndmaster_I"><![CDATA[[狂暴的]堕落的饲犬师]]></entry>
			<!--Plague Doctor-->
	<entry id="str_monster_skill_fallen_noxious_blast"><![CDATA[瘟毒炸裂]]></entry>
	<entry id="str_monster_skill_fallen_plague_grenade"><![CDATA[瘟疫手雷]]></entry>
	<entry id="str_monster_skill_fallen_blinding_gas"><![CDATA[致盲气体]]></entry>
	<entry id="str_monster_skill_fallen_incision"><![CDATA[放血]]></entry>
	<entry id="str_monster_skill_fallen_battlefield_medicine"><![CDATA[战地医疗]]></entry>
	<entry id="str_monster_skill_fallen_emboldening_vapours"><![CDATA[壮胆药雾]]></entry>
	<entry id="str_monster_skill_fallen_disorienting_blast"><![CDATA[迷惑冲击]]></entry>
	<entry id="str_monstername_plague_doctor_A"><![CDATA[堕落的医学生]]></entry>
	<entry id="str_monstername_plague_doctor_B"><![CDATA[堕落的内科医生]]></entry>
	<entry id="str_monstername_plague_doctor_C"><![CDATA[堕落的瘟疫医生]]></entry>
	<entry id="str_monstername_plague_doctor_D"><![CDATA[堕落的医学生]]></entry>
	<entry id="str_monstername_plague_doctor_E"><![CDATA[堕落的内科医生]]></entry>
	<entry id="str_monstername_plague_doctor_F"><![CDATA[堕落的瘟疫医生]]></entry>
	<entry id="str_monstername_plague_doctor_G"><![CDATA[[乱向的]堕落的医学生]]></entry>
	<entry id="str_monstername_plague_doctor_H"><![CDATA[[乱向的]堕落的内科医生]]></entry>
	<entry id="str_monstername_plague_doctor_I"><![CDATA[[乱向的]堕落的瘟疫医生]]></entry>
	<entry id="str_monstername_plague_doctor_J"><![CDATA[[呕心的]堕落的医学生]]></entry>
	<entry id="str_monstername_plague_doctor_K"><![CDATA[[呕心的]堕落的内科医生]]></entry>
	<entry id="str_monstername_plague_doctor_L"><![CDATA[[呕心的]堕落的瘟疫医生]]></entry>
			<!--Crusader-->
	<entry id="str_monster_skill_fallen_smite"><![CDATA[惩击]]></entry>
	<entry id="str_monster_skill_fallen_zealous_accusation"><![CDATA[热诚控诉]]></entry>
	<entry id="str_monster_skill_fallen_stunning_blow"><![CDATA[晕眩击]]></entry>
	<entry id="str_monster_skill_fallen_bulwark_of_faith"><![CDATA[信仰壁障]]></entry>
	<entry id="str_monster_skill_fallen_battle_heal"><![CDATA[战斗治疗]]></entry>
	<entry id="str_monster_skill_fallen_holy_lance"><![CDATA[圣矛]]></entry>
	<entry id="str_monster_skill_fallen_inspiring_cry"><![CDATA[激励呐喊]]></entry>
	<entry id="str_monstername_crusader_A"><![CDATA[堕落的骑士]]></entry>
	<entry id="str_monstername_crusader_B"><![CDATA[堕落的狂信徒]]></entry>
	<entry id="str_monstername_crusader_C"><![CDATA[堕落的十字军]]></entry>
	<entry id="str_monstername_crusader_D"><![CDATA[[振奋的]堕落的骑士]]></entry>
	<entry id="str_monstername_crusader_E"><![CDATA[[振奋的]堕落的狂信徒]]></entry>
	<entry id="str_monstername_crusader_F"><![CDATA[[振奋的]堕落的十字军]]></entry>
	<entry id="str_monstername_crusader_G"><![CDATA[[消沉的]堕落的骑士]]></entry>
	<entry id="str_monstername_crusader_H"><![CDATA[[消沉的]堕落的狂信徒]]></entry>
	<entry id="str_monstername_crusader_I"><![CDATA[[消沉的]堕落的十字军]]></entry>
			<!--Leper-->
	<entry id="str_monster_skill_fallen_chop"><![CDATA[挥砍]]></entry>
	<entry id="str_monster_skill_fallen_hew"><![CDATA[斩劈]]></entry>
	<entry id="str_monster_skill_fallen_focus"><![CDATA[净化]]></entry>
	<entry id="str_monster_skill_fallen_focus_leper"><![CDATA[净化]]></entry>
	<entry id="str_monster_skill_fallen_revenge"><![CDATA[复仇]]></entry>
	<entry id="str_monster_skill_fallen_withstand"><![CDATA[抵挡]]></entry>
	<entry id="str_monster_skill_fallen_solemnity"><![CDATA[肃穆]]></entry>
	<entry id="str_monster_skill_fallen_intimidate"><![CDATA[威吓]]></entry>
	<entry id="str_monstername_leper_A"><![CDATA[堕落的漂泊者]]></entry>
	<entry id="str_monstername_leper_B"><![CDATA[堕落的被流放者]]></entry>
	<entry id="str_monstername_leper_C"><![CDATA[堕落的麻风剑客]]></entry>
	<entry id="str_monstername_leper_D"><![CDATA[[专注的]堕落的漂泊者]]></entry>
	<entry id="str_monstername_leper_E"><![CDATA[[专注的]堕落的被流放者]]></entry>
	<entry id="str_monstername_leper_F"><![CDATA[[专注的]堕落的麻风剑客]]></entry>
	<entry id="str_monstername_leper_G"><![CDATA[[疫障的]堕落的漂泊者]]></entry>
	<entry id="str_monstername_leper_H"><![CDATA[[疫障的]堕落的被流放者]]></entry>
	<entry id="str_monstername_leper_I"><![CDATA[[疫障的]堕落的麻风剑客]]></entry>
			<!--Vestal-->
	<entry id="str_monster_skill_fallen_mace_bash"><![CDATA[锤击]]></entry>
	<entry id="str_monster_skill_fallen_judgement"><![CDATA[审判]]></entry>
	<entry id="str_monster_skill_fallen_dazzling_light"><![CDATA[炫目圣光]]></entry>
	<entry id="str_monster_skill_fallen_divine_grace"><![CDATA[神圣恩惠]]></entry>
	<entry id="str_monster_skill_fallen_gods_illumination"><![CDATA[强光]]></entry>
	<entry id="str_monster_skill_fallen_gods_hand"><![CDATA[圣光之手]]></entry>
	<entry id="str_monstername_vestal_A"><![CDATA[堕落的女教友]]></entry>
	<entry id="str_monstername_vestal_B"><![CDATA[堕落的女教徒]]></entry>
	<entry id="str_monstername_vestal_C"><![CDATA[堕落的修女]]></entry>
	<entry id="str_monstername_vestal_D"><![CDATA[堕落的女教友]]></entry>
	<entry id="str_monstername_vestal_E"><![CDATA[堕落的女教徒]]></entry>
	<entry id="str_monstername_vestal_F"><![CDATA[堕落的修女]]></entry>
	<entry id="str_monstername_vestal_G"><![CDATA[[振奋的]堕落的女教友]]></entry>
	<entry id="str_monstername_vestal_H"><![CDATA[[振奋的]堕落的女教徒]]></entry>
	<entry id="str_monstername_vestal_I"><![CDATA[[振奋的]堕落的修女]]></entry>
	<entry id="str_monstername_vestal_J"><![CDATA[[庇护的]堕落的女教友]]></entry>
	<entry id="str_monstername_vestal_K"><![CDATA[[庇护的]堕落的女教徒]]></entry>
	<entry id="str_monstername_vestal_L"><![CDATA[[庇护的]堕落的修女]]></entry>
			<!--Flagellant-->
	<entry id="str_monster_skill_fallen_punish"><![CDATA[责罚]]></entry>
	<entry id="str_monster_skill_fallen_rain_of_sorrows"><![CDATA[伤痛之雨]]></entry>
	<entry id="str_monster_skill_fallen_exsanguinate"><![CDATA[除血]]></entry>
	<entry id="str_monster_skill_fallen_reclaim"><![CDATA[授教]]></entry>
	<entry id="str_monster_skill_fallen_redeem"><![CDATA[偿赎]]></entry>
	<entry id="str_monster_skill_fallen_endure"><![CDATA[忍耐]]></entry>
	<entry id="str_monster_skill_fallen_sorrow_advance"><![CDATA[伤痛之雨]]></entry>
	<entry id="str_monstername_flagellant_A"><![CDATA[堕落的忏悔者]]></entry>
	<entry id="str_monstername_flagellant_B"><![CDATA[堕落的悔罪者]]></entry>
	<entry id="str_monstername_flagellant_C"><![CDATA[堕落的苦修者]]></entry>
	<entry id="str_monstername_flagellant_D"><![CDATA[[狂乱的]堕落的忏悔者]]></entry>
	<entry id="str_monstername_flagellant_E"><![CDATA[[狂乱的]堕落的悔罪者]]></entry>
	<entry id="str_monstername_flagellant_F"><![CDATA[[狂乱的]堕落的苦修者]]></entry>
	<entry id="str_monstername_flagellant_G"><![CDATA[[自虐的]堕落的忏悔者]]></entry>
	<entry id="str_monstername_flagellant_H"><![CDATA[[自虐的]堕落的悔罪者]]></entry>
	<entry id="str_monstername_flagellant_I"><![CDATA[[自虐的]堕落的苦修者]]></entry>
			<!--Hellion-->
	<entry id="str_monster_skill_fallen_wicked_hack"><![CDATA[邪恶劈砍]]></entry>
	<entry id="str_monster_skill_fallen_iron_swan"><![CDATA[钢铁天鹅]]></entry>
	<entry id="str_monster_skill_fallen_barbaric_yawp"><![CDATA[野蛮咆哮！]]></entry>
	<entry id="str_monster_skill_fallen_if_it_bleeds"><![CDATA[血如泉涌]]></entry>
	<entry id="str_monster_skill_fallen_breakthru"><![CDATA[突破]]></entry>
	<entry id="str_monster_skill_fallen_adrenaline_rush"><![CDATA[腺素飙升]]></entry>
	<entry id="str_monster_skill_fallen_bleed_out"><![CDATA[血溅三尺]]></entry>
	<entry id="str_monstername_hellion_A"><![CDATA[堕落的女战士]]></entry>
	<entry id="str_monstername_hellion_B"><![CDATA[堕落的狂战士]]></entry>
	<entry id="str_monstername_hellion_C"><![CDATA[堕落的蛮族战士]]></entry>
	<entry id="str_monstername_hellion_D"><![CDATA[堕落的女战士]]></entry>
	<entry id="str_monstername_hellion_E"><![CDATA[堕落的狂战士]]></entry>
	<entry id="str_monstername_hellion_F"><![CDATA[堕落的蛮族战士]]></entry>
	<entry id="str_monstername_hellion_G"><![CDATA[[狂战的]堕落的女战士]]></entry>
	<entry id="str_monstername_hellion_H"><![CDATA[[狂战的]堕落的狂战士]]></entry>
	<entry id="str_monstername_hellion_I"><![CDATA[[狂战的]堕落的蛮族战士]]></entry>
	<entry id="str_monstername_hellion_J"><![CDATA[[狂战的]堕落的女战士]]></entry>
	<entry id="str_monstername_hellion_K"><![CDATA[[狂战的]堕落的狂战士]]></entry>
	<entry id="str_monstername_hellion_L"><![CDATA[[狂战的]堕落的蛮族战士]]></entry>
	<entry id="str_monstername_hellion_M"><![CDATA[[野蛮的]堕落的女战士]]></entry>
	<entry id="str_monstername_hellion_N"><![CDATA[[野蛮的]堕落的狂战士]]></entry>
	<entry id="str_monstername_hellion_O"><![CDATA[[野蛮的]堕落的蛮族战士]]></entry>
	<entry id="str_monstername_hellion_P"><![CDATA[[野蛮的]堕落的女战士]]></entry>
	<entry id="str_monstername_hellion_Q"><![CDATA[[野蛮的]堕落的狂战士]]></entry>
	<entry id="str_monstername_hellion_R"><![CDATA[[野蛮的]堕落的蛮族战士]]></entry>
			<!--Man-At-Arms-->
	<entry id="str_monster_skill_fallen_crush"><![CDATA[粉碎]]></entry>
	<entry id="str_monster_skill_fallen_rampart"><![CDATA[盾击]]></entry>
	<entry id="str_monster_skill_fallen_bellow"><![CDATA[怒吼]]></entry>
	<entry id="str_monster_skill_fallen_defender"><![CDATA[保护]]></entry>
	<entry id="str_monster_skill_fallen_retribution"><![CDATA[报复]]></entry>
	<entry id="str_monster_skill_fallen_command"><![CDATA[指挥]]></entry>
	<entry id="str_monster_skill_fallen_bolster"><![CDATA[支援]]></entry>
	<entry id="str_monstername_man_at_arms_A"><![CDATA[堕落的中士]]></entry>
	<entry id="str_monstername_man_at_arms_B"><![CDATA[堕落的排长]]></entry>
	<entry id="str_monstername_man_at_arms_C"><![CDATA[堕落的老兵]]></entry>
	<entry id="str_monstername_man_at_arms_D"><![CDATA[[顽固的]堕落的中士]]></entry>
	<entry id="str_monstername_man_at_arms_E"><![CDATA[[顽固的]堕落的排长]]></entry>
	<entry id="str_monstername_man_at_arms_F"><![CDATA[[顽固的]堕落的老兵]]></entry>
	<entry id="str_monstername_man_at_arms_G"><![CDATA[[坚守的]堕落的中士]]></entry>
	<entry id="str_monstername_man_at_arms_H"><![CDATA[[坚守的]堕落的排长]]></entry>
	<entry id="str_monstername_man_at_arms_I"><![CDATA[[坚守的]堕落的老兵]]></entry>
			<!--Highwayman-->
	<entry id="str_monster_skill_fallen_wicked_slice"><![CDATA[邪恶切割]]></entry>
	<entry id="str_monster_skill_fallen_pistol_shot"><![CDATA[手枪射击]]></entry>
	<entry id="str_monster_skill_fallen_point_blank_shot"><![CDATA[抵近射击]]></entry>
	<entry id="str_monster_skill_fallen_grape_shot_blast"><![CDATA[霰弹轰扫]]></entry>
	<entry id="str_monster_skill_fallen_take_aim"><![CDATA[追踪射击]]></entry>
	<entry id="str_monster_skill_fallen_duelist_advance"><![CDATA[决斗突刺]]></entry>
	<entry id="str_monster_skill_fallen_opened_vein"><![CDATA[切开血管]]></entry>
	<entry id="str_monstername_highwayman_A"><![CDATA[堕落的劫匪]]></entry>
	<entry id="str_monstername_highwayman_B"><![CDATA[堕落的土匪]]></entry>
	<entry id="str_monstername_highwayman_C"><![CDATA[堕落的强盗]]></entry>
	<entry id="str_monstername_highwayman_D"><![CDATA[[豪客的]堕落的劫匪]]></entry>
	<entry id="str_monstername_highwayman_E"><![CDATA[[豪客的]堕落的土匪]]></entry>
	<entry id="str_monstername_highwayman_F"><![CDATA[[豪客的]堕落的强盗]]></entry>
	<entry id="str_monstername_highwayman_G"><![CDATA[[鬼魅的]堕落的劫匪]]></entry>
	<entry id="str_monstername_highwayman_H"><![CDATA[[鬼魅的]堕落的土匪]]></entry>
	<entry id="str_monstername_highwayman_I"><![CDATA[[鬼魅的]堕落的强盗]]></entry>
			<!--Jester-->
	<entry id="str_monster_skill_fallen_dirk_stab"><![CDATA[匕首刺击]]></entry>
	<entry id="str_monster_skill_fallen_harvest"><![CDATA[收割]]></entry>
	<entry id="str_monster_skill_fallen_heroic_end"><![CDATA[谢幕]]></entry>
	<entry id="str_monster_skill_fallen_solo"><![CDATA[独奏]]></entry>
	<entry id="str_monster_skill_fallen_slice_off"><![CDATA[切割]]></entry>
	<entry id="str_monster_skill_fallen_battle_ballad"><![CDATA[战歌]]></entry>
	<entry id="str_monster_skill_fallen_inspiring_tune"><![CDATA[嘲弄]]></entry>
	<entry id="str_monster_skill_fallen_limelight"><![CDATA[风头尽出]]></entry>
	<entry id="str_monstername_jester_A"><![CDATA[堕落的愚人]]></entry>
	<entry id="str_monstername_jester_B"><![CDATA[堕落的演员]]></entry>
	<entry id="str_monstername_jester_C"><![CDATA[堕落的小丑]]></entry>
	<entry id="str_monstername_jester_D"><![CDATA[堕落的愚人]]></entry>
	<entry id="str_monstername_jester_E"><![CDATA[堕落的演员]]></entry>
	<entry id="str_monstername_jester_F"><![CDATA[堕落的小丑]]></entry>
	<entry id="str_monstername_jester_G"><![CDATA[堕落的愚人]]></entry>
	<entry id="str_monstername_jester_H"><![CDATA[堕落的演员]]></entry>
	<entry id="str_monstername_jester_I"><![CDATA[堕落的小丑]]></entry>
	<entry id="str_monstername_jester_J"><![CDATA[堕落的愚人]]></entry>
	<entry id="str_monstername_jester_K"><![CDATA[堕落的演员]]></entry>
	<entry id="str_monstername_jester_L"><![CDATA[堕落的小丑]]></entry>
	<entry id="str_monstername_jester_M"><![CDATA[[风光的]堕落的愚人]]></entry>
	<entry id="str_monstername_jester_N"><![CDATA[[风光的]堕落的演员]]></entry>
	<entry id="str_monstername_jester_O"><![CDATA[[风光的]堕落的小丑]]></entry>
	<entry id="str_monstername_jester_P"><![CDATA[[浮夸的]堕落的愚人]]></entry>
	<entry id="str_monstername_jester_Q"><![CDATA[[浮夸的]堕落的演员]]></entry>
	<entry id="str_monstername_jester_R"><![CDATA[[浮夸的]堕落的小丑]]></entry>
			<!--Shieldbreaker-->
	<entry id="str_monster_skill_fallen_pierce"><![CDATA[扎透]]></entry>
	<entry id="str_monster_skill_fallen_break_guard"><![CDATA[伏袭]]></entry>
	<entry id="str_monster_skill_fallen_adders_kiss"><![CDATA[蝰蛇之吻]]></entry>
	<entry id="str_monster_skill_fallen_spearing"><![CDATA[贯穿]]></entry>
	<entry id="str_monster_skill_fallen_expose"><![CDATA[觅踪]]></entry>
	<entry id="str_monster_skill_fallen_single_out"><![CDATA[诱捕]]></entry>
	<entry id="str_monster_skill_fallen_serpents_sway"><![CDATA[毒蛇之舞]]></entry>
	<entry id="str_monstername_shieldbreaker_A"><![CDATA[堕落的舞者]]></entry>
	<entry id="str_monstername_shieldbreaker_B"><![CDATA[堕落的矛女]]></entry>
	<entry id="str_monstername_shieldbreaker_C"><![CDATA[堕落的破盾者]]></entry>
	<entry id="str_monstername_shieldbreaker_D"><![CDATA[[复仇的]堕落的舞者]]></entry>
	<entry id="str_monstername_shieldbreaker_E"><![CDATA[[复仇的]堕落的矛女]]></entry>
	<entry id="str_monstername_shieldbreaker_F"><![CDATA[[复仇的]堕落的破盾者]]></entry>
	<entry id="str_monstername_shieldbreaker_G"><![CDATA[[适应的]堕落的舞者]]></entry>
	<entry id="str_monstername_shieldbreaker_H"><![CDATA[[适应的]堕落的矛女]]></entry>
	<entry id="str_monstername_shieldbreaker_I"><![CDATA[[适应的]堕落的破盾者]]></entry>
			<!--Abomination-->
	<entry id="str_monster_skill_fallen_transform_beast"><![CDATA[变身]]></entry>
	<entry id="str_monster_skill_fallen_transform_human"><![CDATA[变身]]></entry>
	<entry id="str_monster_skill_fallen_manacles"><![CDATA[锁链]]></entry>
	<entry id="str_monster_skill_fallen_vomit"><![CDATA[恶兽胆汁]]></entry>
	<entry id="str_monster_skill_fallen_absolution"><![CDATA[赎罪]]></entry>
	<entry id="str_monster_skill_fallen_rake"><![CDATA[撕扯]]></entry>
	<entry id="str_monster_skill_fallen_rage"><![CDATA[狂暴]]></entry>
	<entry id="str_monster_skill_fallen_slam"><![CDATA[冲撞]]></entry>
	<entry id="str_monstername_abomination_A"><![CDATA[堕落的突变者]]></entry>
	<entry id="str_monstername_abomination_B"><![CDATA[堕落的畸形者]]></entry>
	<entry id="str_monstername_abomination_C"><![CDATA[堕落的咒缚者]]></entry>
	<entry id="str_monstername_abomination_D"><![CDATA[[强力的]堕落的突变者]]></entry>
	<entry id="str_monstername_abomination_E"><![CDATA[[强力的]堕落的畸变者]]></entry>
	<entry id="str_monstername_abomination_F"><![CDATA[[强力的]堕落的咒缚者]]></entry>
	<entry id="str_monstername_abomination_G"><![CDATA[[戏谑的]堕落的突变者]]></entry>
	<entry id="str_monstername_abomination_H"><![CDATA[[戏谑的]堕落的畸变者]]></entry>
	<entry id="str_monstername_abomination_I"><![CDATA[[戏谑的]堕落的咒缚者]]></entry>
			<!--Antiquarian-->
	<entry id="str_monster_skill_fallen_kris_stab"><![CDATA[紧张戳击]]></entry>
	<entry id="str_monster_skill_fallen_festering_vapours"><![CDATA[溃烂蒸汽]]></entry>
	<entry id="str_monster_skill_fallen_cower"><![CDATA[卧倒！]]></entry>
	<entry id="str_monster_skill_fallen_flashpowder"><![CDATA[闪光粉末]]></entry>
	<entry id="str_monster_skill_fallen_fortifying_vapours"><![CDATA[强健蒸汽]]></entry>
	<entry id="str_monster_skill_fallen_invigorating_vapours"><![CDATA[提神蒸汽]]></entry>
	<entry id="str_monster_skill_fallen_protect_me"><![CDATA[保护我]]></entry>
	<entry id="str_monster_skill_fallen_charm"><![CDATA[魅惑]]></entry>
	<entry id="str_monstername_antiquarian_A"><![CDATA[堕落的古董学者]]></entry>
	<entry id="str_monstername_antiquarian_B"><![CDATA[堕落的古董爱好者]]></entry>
	<entry id="str_monstername_antiquarian_C"><![CDATA[堕落的古董商人]]></entry>
	<entry id="str_monstername_antiquarian_D"><![CDATA[[富有的]堕落的古董学者]]></entry>
	<entry id="str_monstername_antiquarian_E"><![CDATA[[富有的]堕落的古董爱好者]]></entry>
	<entry id="str_monstername_antiquarian_F"><![CDATA[[富有的]堕落的古董商人]]></entry>
	<entry id="str_monstername_antiquarian_G"><![CDATA[[老练的]堕落的古董学者]]></entry>
	<entry id="str_monstername_antiquarian_H"><![CDATA[[老练的]堕落的古董爱好者]]></entry>
	<entry id="str_monstername_antiquarian_I"><![CDATA[[老练的]堕落的古董商人]]></entry>
	<entry id="str_monstername_antiquarian_J"><![CDATA[[魅惑的]堕落的古董学者]]></entry>
	<entry id="str_monstername_antiquarian_K"><![CDATA[[魅惑的]堕落的古董爱好者]]></entry>
	<entry id="str_monstername_antiquarian_L"><![CDATA[[魅惑的]堕落的古董商人]]></entry>
			<!--Grave Robber-->
	<entry id="str_monster_skill_fallen_pick"><![CDATA[劈头盖脸]]></entry>
	<entry id="str_monster_skill_fallen_lunge"><![CDATA[突刺]]></entry>
	<entry id="str_monster_skill_fallen_flashing_daggers"><![CDATA[闪光匕首]]></entry>
	<entry id="str_monster_skill_fallen_shadow_fade"><![CDATA[影遁]]></entry>
	<entry id="str_monster_skill_fallen_thrown_dagger"><![CDATA[投掷匕首]]></entry>
	<entry id="str_monster_skill_fallen_poison_dart"><![CDATA[毒镖]]></entry>
	<entry id="str_monster_skill_fallen_toxin_trickery"><![CDATA[敏捷药剂]]></entry>
	<entry id="str_monstername_grave_robber_A"><![CDATA[堕落的摸尸者]]></entry>
	<entry id="str_monstername_grave_robber_B"><![CDATA[堕落的倒斗者]]></entry>
	<entry id="str_monstername_grave_robber_C"><![CDATA[堕落的盗墓贼]]></entry>
	<entry id="str_monstername_grave_robber_D"><![CDATA[[老练的]堕落的摸尸者]]></entry>
	<entry id="str_monstername_grave_robber_E"><![CDATA[[老练的]堕落的倒斗者]]></entry>
	<entry id="str_monstername_grave_robber_F"><![CDATA[[老练的]堕落的盗墓贼]]></entry>
	<entry id="str_monstername_grave_robber_G"><![CDATA[[熟练的]堕落的摸尸者]]></entry>
	<entry id="str_monstername_grave_robber_H"><![CDATA[[熟练的]堕落的倒斗者]]></entry>
	<entry id="str_monstername_grave_robber_I"><![CDATA[[熟练的]堕落的盗墓贼]]></entry>
	
		<!--Glossary Terms-->
    <entry id="str_glossary_term_64"><![CDATA[{colour_start|notable}前缀——强力的{colour_end}]]></entry>
    <entry id="str_glossary_term_63"><![CDATA[{colour_start|notable}前缀——戏谑的{colour_end}]]></entry>
    <entry id="str_glossary_term_65"><![CDATA[{colour_start|notable}前缀——富有的{colour_end}]]></entry>
    <entry id="str_glossary_term_66"><![CDATA[{colour_start|notable}前缀——老练的{colour_end}]]></entry>
    <entry id="str_glossary_term_67"><![CDATA[{colour_start|notable}前缀——轻盈的{colour_end}]]></entry>
    <entry id="str_glossary_term_68"><![CDATA[{colour_start|notable}前缀——笨重的{colour_end}]]></entry>
    <entry id="str_glossary_term_69"><![CDATA[{colour_start|notable}前缀——毒害的{colour_end}]]></entry>
    <entry id="str_glossary_term_70"><![CDATA[{colour_start|notable}前缀——装甲的{colour_end}]]></entry>
    <entry id="str_glossary_term_71"><![CDATA[{colour_start|notable}前缀——振奋的{colour_end}]]></entry>
    <entry id="str_glossary_term_72"><![CDATA[{colour_start|notable}前缀——消沉的{colour_end}]]></entry>
    <entry id="str_glossary_term_73"><![CDATA[{colour_start|notable}前缀——专注的{colour_end}]]></entry>
    <entry id="str_glossary_term_74"><![CDATA[{colour_start|notable}前缀——疫障的{colour_end}]]></entry>
    <entry id="str_glossary_term_75"><![CDATA[{colour_start|notable}前缀——狂乱的{colour_end}]]></entry>
    <entry id="str_glossary_term_76"><![CDATA[{colour_start|notable}前缀——自虐的{colour_end}]]></entry>
    <entry id="str_glossary_term_77"><![CDATA[{colour_start|notable}前缀——魅惑的{colour_end}]]></entry>
    <entry id="str_glossary_term_78"><![CDATA[{colour_start|notable}前缀——熟练的{colour_end}]]></entry>
    <entry id="str_glossary_term_79"><![CDATA[{colour_start|notable}前缀——狂战的{colour_end}]]></entry>
    <entry id="str_glossary_term_80"><![CDATA[{colour_start|notable}前缀——野蛮的{colour_end}]]></entry>
    <entry id="str_glossary_term_81"><![CDATA[{colour_start|notable}前缀——豪客的{colour_end}]]></entry>
    <entry id="str_glossary_term_82"><![CDATA[{colour_start|notable}前缀——鬼魅的{colour_end}]]></entry>
    <entry id="str_glossary_term_83"><![CDATA[{colour_start|notable}前缀——行刑的{colour_end}]]></entry>
    <entry id="str_glossary_term_84"><![CDATA[{colour_start|notable}前缀——狂暴的{colour_end}]]></entry>
    <entry id="str_glossary_term_85"><![CDATA[{colour_start|notable}前缀——风光的{colour_end}]]></entry>
    <entry id="str_glossary_term_86"><![CDATA[{colour_start|notable}前缀——浮夸的{colour_end}]]></entry>
    <entry id="str_glossary_term_87"><![CDATA[{colour_start|notable}前缀——顽固的{colour_end}]]></entry>
    <entry id="str_glossary_term_88"><![CDATA[{colour_start|notable}前缀——坚守的{colour_end}]]></entry>
    <entry id="str_glossary_term_89"><![CDATA[{colour_start|notable}前缀——放血的{colour_end}]]></entry>
    <entry id="str_glossary_term_90"><![CDATA[{colour_start|notable}前缀——撕裂的{colour_end}]]></entry>
    <entry id="str_glossary_term_91"><![CDATA[{colour_start|notable}前缀——覆影的{colour_end}]]></entry>
    <entry id="str_glossary_term_92"><![CDATA[{colour_start|notable}前缀——乱向的{colour_end}]]></entry>
    <entry id="str_glossary_term_93"><![CDATA[{colour_start|notable}前缀——呕心的{colour_end}]]></entry>
    <entry id="str_glossary_term_94"><![CDATA[{colour_start|notable}前缀——复仇的{colour_end}]]></entry>
    <entry id="str_glossary_term_95"><![CDATA[{colour_start|notable}前缀——适应的{colour_end}]]></entry>
    <entry id="str_glossary_term_96"><![CDATA[{colour_start|notable}前缀——庇护的{colour_end}]]></entry>
		<!--Glossary Definitions-->
	<entry id="str_glossary_term_definition_64"><![CDATA[-10精准。每次攻击都有概率{colour_start|move}击退/拉前/扰乱{colour_end}目标。]]></entry>
	<entry id="str_glossary_term_definition_63"><![CDATA[敌方永久{colour_start|stealth}潜行{colour_end} 当处于人类形态。]]></entry>
	<entry id="str_glossary_term_definition_65"><![CDATA[+50%最大生命值/+50%防御。掉落物+2稀有古董]]></entry>
	<entry id="str_glossary_term_definition_66"><![CDATA[每个技能都以某种方式增强了。]]></entry>
	<entry id="str_glossary_term_definition_67"><![CDATA[-20%最大生命值/+10闪避/+2速度]]></entry>
	<entry id="str_glossary_term_definition_68"><![CDATA[+25%防御。敌方的所有攻击都被强化了，但敌方在攻击后必须重新装填。]]></entry>
	<entry id="str_glossary_term_definition_69"><![CDATA[攻击造成一次微弱的{colour_start|blight}腐蚀{colour_end}。]]></entry>
	<entry id="str_glossary_term_definition_70"><![CDATA[+25%最大生命值/+25%防御/-10闪避/-1速度]]></entry>
	<entry id="str_glossary_term_definition_71"><![CDATA[被动{colour_start|buff}增益{colour_end}其他怪物 当存活时。]]></entry>
	<entry id="str_glossary_term_definition_72"><![CDATA[被动{colour_start|debuff}减益{colour_end}英雄 当存活时。]]></entry>
	<entry id="str_glossary_term_definition_73"><![CDATA[+10精准/+5闪避/-25%伤害]]></entry>
	<entry id="str_glossary_term_definition_74"><![CDATA[攻击伴随高概率造成{colour_start|disease}黑死病{colour_end}，但敌方已经重伤。]]></entry>
	<entry id="str_glossary_term_definition_75"><![CDATA[敌方会造成更多伤害，但他们的攻击也会伤害他们自身。]]></entry>
	<entry id="str_glossary_term_definition_76"><![CDATA[-5闪避。敌方无论击中什么都会增加12.5%伤害。]]></entry>
	<entry id="str_glossary_term_definition_77"><![CDATA[魅惑英雄为它而战。]]></entry>
	<entry id="str_glossary_term_definition_78"><![CDATA[所有饰品的{colour_start|buff}增益{colour_end}和{colour_start|debuff}减益对{colour_end}对敌方都是两倍。]]></entry>
	<entry id="str_glossary_term_definition_79"><![CDATA[每次攻击增加敌方15%的伤害。]]></entry>
	<entry id="str_glossary_term_definition_80"><![CDATA[敌方每下降20%的生命值，它就会获得5闪避和2速度。]]></entry>
	<entry id="str_glossary_term_definition_81"><![CDATA[+10%暴击概率。暴击时{colour_start|stun}眩晕{colour_end}他们自身。]]></entry>
	<entry id="str_glossary_term_definition_82"><![CDATA[+5闪避。敌方造成{colour_start|stress}压力{colour_end}伤害，而不是物理伤害。]]></entry>
	<entry id="str_glossary_term_definition_83"><![CDATA[+25%伤害/+10精准/+20%{colour_start|bleed}流血{colour_end}/{colour_start|blight}腐蚀{colour_end}技能概率 如果目标的生命值低于50%]]></entry>
	<entry id="str_glossary_term_definition_84"><![CDATA[+15%伤害/-10精准/+2速度。攻击有15%（范围伤害5%）概率造成{colour_start|disease}狂犬病{colour_end}。]]></entry>
	<entry id="str_glossary_term_definition_85"><![CDATA[{colour_start|stealth}潜行{colour_end}敌方其他 持续4回合 当战斗开始时。]]></entry>
	<entry id="str_glossary_term_definition_86"><![CDATA[-50%最大生命值。谢幕攻击全部位置。]]></entry>
	<entry id="str_glossary_term_definition_87"><![CDATA[增加10%防御和一次{colour_start|healhp}恢复{colour_end} 每损失15%生命值。+15%被暴击几率]]></entry>
	<entry id="str_glossary_term_definition_88"><![CDATA[他们的每一次攻击都命中一个额外目标。-20%全部抗性]]></entry>
	<entry id="str_glossary_term_definition_89"><![CDATA[-25%伤害。{colour_start|healhp}治疗{colour_end}和造成伤害相等的生命值。]]></entry>
	<entry id="str_glossary_term_definition_90"><![CDATA[攻击造成一次微弱的{colour_start|bleed}流血{colour_end}。]]></entry>
	<entry id="str_glossary_term_definition_91"><![CDATA[攻击降低10亮度。获得额外{colour_start|buff}增益{colour_end} 处于低亮度时。]]></entry>
	<entry id="str_glossary_term_definition_92"><![CDATA[攻击造成+50%随机目标概率 持续2回合。]]></entry>
	<entry id="str_glossary_term_definition_93"><![CDATA[攻击有10%概率造成{colour_start|disease}疾病{colour_end}。]]></entry>
	<entry id="str_glossary_term_definition_94"><![CDATA[-5闪避。拥有被动50%概率{colour_start|riposte}反击{colour_end}。]]></entry>
	<entry id="str_glossary_term_definition_95"><![CDATA[+20%全部抗性/-3速度]]></entry>
	<entry id="str_glossary_term_definition_96"><![CDATA[开始战斗时带有2护体格挡。-5闪避/-2速度]]></entry>
		<!--Nausea-->
	<entry id="str_change_pos_cho_nausea"><![CDATA[*唔*]]></entry>
	<entry id="str_change_pos_cho_nausea"><![CDATA[*呃*]]></entry>
	<entry id="str_change_pos_cho_nausea"><![CDATA[我需要躺下]]></entry>
	<entry id="str_change_pos_cho_nausea"><![CDATA[我感觉……好虚弱]]></entry>
	<entry id="str_change_pos_cho_nausea"><![CDATA[我头晕目眩]]></entry>
	<entry id="str_change_pos_cho_nausea"><![CDATA[呜]]></entry>
	<entry id="str_change_pos_cho_nausea"><![CDATA[呕]]></entry>
	<entry id="str_change_pos_cho_nausea"><![CDATA[我站不直了]]></entry>
	<entry id="str_change_pos_cho_nausea"><![CDATA[我觉得不太舒服]]></entry>
	<entry id="str_change_pos_cho_nausea"><![CDATA[别靠近我]]></entry>
	<entry id="str_change_pos_cho_nausea"><![CDATA[你们能把目光移开一会吗？]]></entry>
	<entry id="str_change_pos_cho_nausea"><![CDATA[我需要休息一下]]></entry>
	<entry id="str_ignore_command_cho_nausea"><![CDATA[*唔*]]></entry>
	<entry id="str_ignore_command_cho_nausea"><![CDATA[*呃*]]></entry>
	<entry id="str_ignore_command_cho_nausea"><![CDATA[我需要躺下]]></entry>
	<entry id="str_ignore_command_cho_nausea"><![CDATA[我感觉……好虚弱]]></entry>
	<entry id="str_ignore_command_cho_nausea"><![CDATA[我头晕目眩]]></entry>
	<entry id="str_ignore_command_cho_nausea"><![CDATA[呜]]></entry>
	<entry id="str_ignore_command_cho_nausea"><![CDATA[呕]]></entry>
	<entry id="str_ignore_command_cho_nausea"><![CDATA[我站不直了]]></entry>
	<entry id="str_ignore_command_cho_nausea"><![CDATA[我觉得不太舒服]]></entry>
	<entry id="str_ignore_command_cho_nausea"><![CDATA[别靠近我]]></entry>
	<entry id="str_ignore_command_cho_nausea"><![CDATA[你们能把目光移开一会吗？]]></entry>
	<entry id="str_ignore_command_cho_nausea"><![CDATA[我需要休息一下]]></entry>
	<entry id="str_bark_stress_cho_nausea"><![CDATA[*唔*]]></entry>
	<entry id="str_bark_stress_cho_nausea"><![CDATA[*呃*]]></entry>
	<entry id="str_bark_stress_cho_nausea"><![CDATA[我需要躺下]]></entry>
	<entry id="str_bark_stress_cho_nausea"><![CDATA[我感觉……好虚弱]]></entry>
	<entry id="str_bark_stress_cho_nausea"><![CDATA[我头晕目眩]]></entry>
	<entry id="str_bark_stress_cho_nausea"><![CDATA[呜]]></entry>
	<entry id="str_bark_stress_cho_nausea"><![CDATA[呕]]></entry>
	<entry id="str_bark_stress_cho_nausea"><![CDATA[我站不直了]]></entry>
	<entry id="str_bark_stress_cho_nausea"><![CDATA[我觉得不太舒服]]></entry>
	<entry id="str_bark_stress_cho_nausea"><![CDATA[别靠近我]]></entry>
	<entry id="str_bark_stress_cho_nausea"><![CDATA[你们能把目光移开一会吗？]]></entry>
	<entry id="str_bark_stress_cho_nausea"><![CDATA[我需要休息一下]]></entry>
	<entry id="str_mark_self_cho_nausea"><![CDATA[呕……我感觉甚至更糟了]]></entry>
	<entry id="str_mark_self_cho_nausea"><![CDATA[有人能帮帮我吗？]]></entry>
	<entry id="str_mark_self_cho_nausea"><![CDATA[别管我]]></entry>
	<entry id="str_mark_self_cho_nausea"><![CDATA[我继续不下去了……]]></entry>
	<entry id="str_mark_self_cho_nausea"><![CDATA[我们能赶紧扎营吗？]]></entry>
	<entry id="str_mark_self_cho_nausea"><![CDATA[别再来了，求你了]]></entry>
	<entry id="str_mark_self_cho_nausea"><![CDATA[……]]></entry>
    <entry id="str_quirk_description_cho_nausea"><![CDATA[他们头晕目眩，并且胃部也翻江倒海……]]></entry>
    <entry id="str_quirk_name_cho_nausea"><![CDATA[胃反]]></entry>

    <entry id="str_quirk_description_cho_fallen_mark"><![CDATA[其他人已经注意到你了……]]></entry>
    <entry id="str_quirk_name_cho_fallen_mark"><![CDATA[被追杀]]></entry>
	<entry id="buff_rule_tooltip_target_hpbelow"><![CDATA[{?string1}%s 如果目标的生命值低于{?percent1}%d%%]]></entry>

	<entry id="buff_stat_tooltip_random_target_attack_chance"><![CDATA[%d%%随机敌方目标概率]]></entry>
    <entry id="tray_icon_tooltip_riposte_no_duration"><![CDATA[{colour_start|riposte}反击{colour_end}激活]]></entry>
		
	<!-- Fallen Antiquarian -->
	<entry id="man_at_arms+str_monster_attack_fallen_kris_stab"><![CDATA[那刀锋上覆盖着某些东西！]]></entry>
	<entry id="antiquarian+str_monster_attack_fallen_kris_stab"><![CDATA[你口袋里有什么是给我的吗？]]></entry>
	<entry id="plague_doctor+str_monster_attack_fallen_kris_stab"><![CDATA[如果伤口开始灼烧，就告诉我。]]></entry>
	<entry id="grave_robber+str_monster_attack_fallen_kris_stab"><![CDATA[异族人，滚回去读你的书吧！]]></entry>
	<entry id="leper+str_monster_attack_fallen_festering_vapours"><![CDATA[恶毒的蒸汽！]]></entry>
	<entry id="hellion+str_monster_attack_fallen_festering_vapours"><![CDATA[一股恶心的味道……我喜欢！]]></entry>
	<entry id="highwayman+str_monster_attack_fallen_festering_vapours"><![CDATA[你以为只有你有把戏吗？]]></entry>
	<entry id="occultist+str_monster_attack_fallen_festering_vapours"><![CDATA[我们可以加入……我可以教你点东西……]]></entry>
	<entry id="vestal+str_monster_attack_fallen_flashpowder"><![CDATA[我的主啊，那太亮了！]]></entry>
	<entry id="jester+str_monster_attack_fallen_flashpowder"><![CDATA[哦，你想看一场表演吗？]]></entry>
	<entry id="plague_doctor+str_monster_attack_fallen_flashpowder"><![CDATA[你还有很多关于混合物的知识要学！]]></entry>
	<entry id="leper+str_monster_attack_fallen_flashpowder"><![CDATA[她毫无威胁！]]></entry>
	<!-- Fallen Arbalest -->
	<entry id="arbalest+str_monster_attack_fallen_sniper_shot"><![CDATA[你的箭是易折的，而你的结局是显而易见的……]]></entry>
	<entry id="bounty_hunter+str_monster_attack_fallen_sniper_shot"><![CDATA[瞄准我，然后你就会成为下一个目标！]]></entry>
	<entry id="vestal+str_monster_attack_fallen_sniper_shot"><![CDATA[我的朋友们，请保护我！]]></entry>
	<entry id="jester+str_monster_attack_fallen_sniper_shot"><![CDATA[箭是冲着我飞过来的？我在男爵那里的表演比这更糟！]]></entry>
	<entry id="crusader+str_monster_attack_fallen_bola"><![CDATA[我不像我以前那样敏捷了……]]></entry>
	<entry id="highwayman+str_monster_attack_fallen_bola"><![CDATA[皮靴给了我最好的灵活性！]]></entry>
	<entry id="leper+str_monster_attack_fallen_bola"><![CDATA[把我绑起来，然后我们中只有一个人会后悔这样做……]]></entry>
	<entry id="hellion+str_monster_attack_fallen_bola"><![CDATA[她瞄准的是脚！]]></entry>
	<entry id="arbalest+str_monster_attack_fallen_sniper_mark"><![CDATA[你胆敢反抗我们？]]></entry>
	<entry id="grave_robber+str_monster_attack_fallen_sniper_mark"><![CDATA[我的同伴能躲开你所射出的任何东西！]]></entry>
	<entry id="occultist+str_monster_attack_fallen_sniper_mark"><![CDATA[这场游戏是给两个人玩的。]]></entry>
	<entry id="plague_doctor+str_monster_attack_fallen_sniper_mark"><![CDATA[帮我分散她的注意力！]]></entry>
	<!-- Fallen Bounty Hunter -->
	<entry id="highwayman+str_monster_attack_fallen_collect_bounty"><![CDATA[你并没有证明什么！]]></entry>
	<entry id="crusader+str_monster_attack_fallen_collect_bounty"><![CDATA[我们什么时候下注？]]></entry>
	<entry id="bounty_hunter+str_monster_attack_fallen_collect_bounty"><![CDATA[碰巧我有一张海报，上面有你的名字和一个很大额的数字……]]></entry>
	<entry id="hellion+str_monster_attack_fallen_collect_bounty"><![CDATA[很多人来收过我的赏金……但没有人成功过。]]></entry>
	<entry id="abomination+str_monster_attack_fallen_collect_bounty"><![CDATA[我已经在等别人来收赏金了！]]></entry>
	<entry id="hellion+str_monster_attack_fallen_uppercut"><![CDATA[你的手段很下流，所以我也是如此！]]></entry>
	<entry id="leper+str_monster_attack_fallen_uppercut"><![CDATA[敢把我的面具打下来，你就永远都没法戴上你自己的面具了！]]></entry>
	<entry id="crusader+str_monster_attack_fallen_uppercut"><![CDATA[上前来揍我的盔甲吧……我谅你不敢。]]></entry>
	<entry id="man_at_arms+str_monster_attack_fallen_uppercut"><![CDATA[有点尊严，像个男人一样战斗，而不是像个娼妇！]]></entry>
	<entry id="bounty_hunter+str_monster_attack_fallen_target_tag"><![CDATA[你针对了错误的队伍，我的朋友。]]></entry>
	<entry id="leper+str_monster_attack_fallen_target_tag"><![CDATA[在我的疗养院里回见！]]></entry>
	<entry id="man_at_arms+str_monster_attack_fallen_target_tag"><![CDATA[哈！好像你的斧头能对我们造成什么伤害一样……]]></entry>
	<entry id="highwayman+str_monster_attack_fallen_target_tag"><![CDATA[如果你认为我的燧发枪在远距离是致命的，那务必要靠近点。]]></entry>
	<entry id="antiquarian+str_monster_attack_fallen_target_tag"><![CDATA[你连一个手无寸铁的的商人都不敢伤害，不是吗？]]></entry>
	<!-- Fallen Crusader -->
	<entry id="crusader+str_monster_attack_fallen_smite"><![CDATA[我在大马士革和你并肩作战过……]]></entry>
	<entry id="leper+str_monster_attack_fallen_smite"><![CDATA[我命不久矣……但不会死在你的手里！]]></entry>
	<entry id="hellion+str_monster_attack_fallen_smite"><![CDATA[你用那把刀子的动作快得出奇。]]></entry>
	<entry id="grave_robber+str_monster_attack_fallen_smite"><![CDATA[你的可能会更壮，但我更快！]]></entry>
	<entry id="crusader+str_monster_attack_fallen_zealous_accusation"><![CDATA[你在指控我亵渎神明？]]></entry>
	<entry id="jester+str_monster_attack_fallen_zealous_accusation"><![CDATA[你的作品缺乏幽默，因此对我来说很无聊。]]></entry>
	<entry id="grave_robber+str_monster_attack_fallen_zealous_accusation"><![CDATA[那只是几座坟墓而已……金币对死者来说没有任何用处。]]></entry>
	<entry id="man_at_arms+str_monster_attack_fallen_zealous_accusation"><![CDATA[你又怎么就会知道什么是正义？]]></entry>
	<entry id="vestal+str_monster_attack_fallen_holy_lance"><![CDATA[我受上帝保护！]]></entry>
	<entry id="occultist+str_monster_attack_fallen_holy_lance"><![CDATA[你将被拉入无尽绝望的深渊！]]></entry>
	<entry id="plague_doctor+str_monster_attack_fallen_holy_lance"><![CDATA[如果他打到我的袋子，我们就活不过今夜了！]]></entry>
	<entry id="houndmaster+str_monster_attack_fallen_holy_lance"><![CDATA[敢碰我的姑娘你就死定了！]]></entry>
	<!-- Fallen Flagellant -->
	<entry id="vestal+str_monster_attack_fallen_punish"><![CDATA[是的，我做过错事！]]></entry>
	<entry id="jester+str_monster_attack_fallen_punish"><![CDATA[我应该加入这场正义的闹剧吗？]]></entry>
	<entry id="antiquarian+str_monster_attack_fallen_punish"><![CDATA[如果你把物主杀了就不算偷窃！]]></entry>
	<entry id="plague_doctor+str_monster_attack_fallen_punish"><![CDATA[来吧，我有很多能造成这种损伤的蒸汽。]]></entry>
	<entry id="crusader+str_monster_attack_fallen_exsanguinate"><![CDATA[我的盔甲能保护我……对吧？]]></entry>
	<entry id="leper+str_monster_attack_fallen_exsanguinate"><![CDATA[我已经被死神盯上过了。你威胁错人了。]]></entry>
	<entry id="bounty_hunter+str_monster_attack_fallen_exsanguinate"><![CDATA[他的脸不在赏金板上！]]></entry>
	<entry id="houndmaster+str_monster_attack_fallen_exsanguinate"><![CDATA[你的尖牙同样有力，亲爱的。]]></entry>
	<entry id="crusader+str_monster_attack_fallen_rain_of_sorrows"><![CDATA[这是什么狱火？]]></entry>
	<entry id="arbalest+str_monster_attack_fallen_rain_of_sorrows"><![CDATA[优先解决他，求你们了！]]></entry>
	<entry id="grave_robber+str_monster_attack_fallen_rain_of_sorrows"><![CDATA[如果我在底下掘一座坟的话，我就能免受于此了。]]></entry>
	<entry id="occultist+str_monster_attack_fallen_rain_of_sorrows"><![CDATA[真是不寻常……但轮到我来展示我能从上方召唤出什么了。]]></entry>
	<!-- Fallen Grave Robber -->
	<entry id="leper+str_monster_attack_fallen_pick"><![CDATA[真是一副漂亮的脸蛋……如果你在找什么东西的话，那就太可惜了……]]></entry>
	<entry id="grave_robber+str_monster_attack_fallen_pick"><![CDATA[哦，天哪，那真是把可爱的鹤嘴锄。我们在这里完事之后我就要把它拿走……]]></entry>
	<entry id="man_at_arms+str_monster_attack_fallen_pick"><![CDATA[如此简陋的一把武器……]]></entry>
	<entry id="hellion+str_monster_attack_fallen_pick"><![CDATA[还没到掘墓的时候呢！]]></entry>
	<entry id="highwayman+str_monster_attack_fallen_shadow_fade"><![CDATA[你不能永远逃避我！]]></entry>
	<entry id="crusader+str_monster_attack_fallen_shadow_fade"><![CDATA[你最好退远一点，否则我的攻击一定会把你打倒的！]]></entry>
	<entry id="houndmaster+str_monster_attack_fallen_shadow_fade"><![CDATA[我们能闻到你的气味；躲藏只是暂时的。]]></entry>
	<entry id="jester+str_monster_attack_fallen_shadow_fade"><![CDATA[这局捉迷藏已经结束了，别躲了！]]></entry>
	<entry id="plague_doctor+str_monster_attack_fallen_poison_dart"><![CDATA[你偷了我的配方吗？!]]></entry>
	<entry id="occultist+str_monster_attack_fallen_poison_dart"><![CDATA[这东西太刺激了……]]></entry>
	<entry id="vestal+str_monster_attack_fallen_poison_dart"><![CDATA[玷污我的同伴是亵渎之举！]]></entry>
	<entry id="houndmaster+str_monster_attack_fallen_poison_dart"><![CDATA[别舔那些东西，姑娘。]]></entry>
	<entry id="antiquarian+str_monster_attack_fallen_poison_dart"><![CDATA[你对那些飞镖很在行……]]></entry>
	<!-- Fallen Hellion -->
	<entry id="vestal+str_monster_attack_fallen_iron_swan"><![CDATA[我必须承认，你的臂展太长了。]]></entry>
	<entry id="arbalest+str_monster_attack_fallen_iron_swan"><![CDATA[嘿，别让她打到我们的辅助！]]></entry>
	<entry id="occultist+str_monster_attack_fallen_iron_swan"><![CDATA[诅咒你的斧头！]]></entry>
	<entry id="jester+str_monster_attack_fallen_iron_swan"><![CDATA[你可能会挪动你的脚，但我却知道如何跳舞！]]></entry>
	<entry id="antiquarian+str_monster_attack_fallen_iron_swan"><![CDATA[你们必须保护我不受刀锋的伤害！]]></entry>
	<entry id="leper+str_monster_attack_fallen_barbaric_yawp"><![CDATA[连我残缺的双耳都不喜欢那声音！]]></entry>
	<entry id="crusader+str_monster_attack_fallen_barbaric_yawp"><![CDATA[控制你的愤怒！]]></entry>
	<entry id="man_at_arms+str_monster_attack_fallen_barbaric_yawp"><![CDATA[她发出了一阵地狱般的尖叫！]]></entry>
	<entry id="hellion+str_monster_attack_fallen_barbaric_yawp"><![CDATA[哈！你对愤怒一无所知！]]></entry>
	<entry id="plague_doctor+str_monster_attack_fallen_if_it_bleeds"><![CDATA[不用担心，我有一些药粉来应对这个。]]></entry>
	<entry id="grave_robber+str_monster_attack_fallen_if_it_bleeds"><![CDATA[她没有办法被阻止吗？]]></entry>
	<entry id="arbalest+str_monster_attack_fallen_if_it_bleeds"><![CDATA[我可以把那包扎好……希望如此。]]></entry>
	<entry id="bounty_hunter+str_monster_attack_fallen_if_it_bleeds"><![CDATA[真是一道严重的伤口……]]></entry>
	<!-- Fallen Highwayman -->
	<entry id="highwayman+str_monster_attack_fallen_pistol_shot"><![CDATA[还不赖，还不赖……]]></entry>
	<entry id="bounty_hunter+str_monster_attack_fallen_pistol_shot"><![CDATA[子弹和刀锋使他成为了一位多面手类型的敌人。]]></entry>
	<entry id="arbalest+str_monster_attack_fallen_pistol_shot"><![CDATA[好吧那当然是由一把弩升级而来的了……]]></entry>
	<entry id="houndmaster+str_monster_attack_fallen_pistol_shot"><![CDATA[敢瞄准我的姑娘，你就会失去你的双眼！]]></entry>
	<entry id="crusader+str_monster_attack_fallen_wicked_slice"><![CDATA[我的盔甲阻挡不了那把匕首……]]></entry>
	<entry id="jester+str_monster_attack_fallen_wicked_slice"><![CDATA[为我歌唱吧，哦，没有死亡的匕首教皇！]]></entry>
	<entry id="hellion+str_monster_attack_fallen_wicked_slice"><![CDATA[你用那把小刀的动作很快……]]></entry>
	<entry id="man_at_arms+str_monster_attack_fallen_wicked_slice"><![CDATA[很快，但缺乏纪律性。]]></entry>
	<entry id="highwayman+str_monster_attack_fallen_duelist_advance"><![CDATA[他的步法很棒！]]></entry>
	<entry id="man_at_arms+str_monster_attack_fallen_duelist_advance"><![CDATA[退后！]]></entry>
	<entry id="leper+str_monster_attack_fallen_duelist_advance"><![CDATA[靠近点……]]></entry>
	<entry id="bounty_hunter+str_monster_attack_fallen_duelist_advance"><![CDATA[我到这里不是来找你的尸体的，但无论如何我会把它带回来的！]]></entry>
	<!-- Fallen Houndmaster -->
	<entry id="houndmaster+str_monster_attack_fallen_hounds_rush"><![CDATA[这太疯狂了！这些可不是小伤口！]]></entry>
	<entry id="jester+str_monster_attack_fallen_hounds_rush"><![CDATA[我们只要找来一个妓女，我们就能来场盛大而热闹的演出。]]></entry>
	<entry id="vestal+str_monster_attack_fallen_hounds_rush"><![CDATA[它嘴里的那些牙齿……]]></entry>
	<entry id="occultist+str_monster_attack_fallen_hounds_rush"><![CDATA[我的长袍可以引导黑暗；离它远点！]]></entry>
	<entry id="houndmaster+str_monster_attack_fallen_whistle"><![CDATA[别理他，姑娘！]]></entry>
	<entry id="jester+str_monster_attack_fallen_whistle"><![CDATA[哦，这真是首能拼出我们的灭亡的可爱曲调！]]></entry>
	<entry id="leper+str_monster_attack_fallen_whistle"><![CDATA[我不太喜欢狗……]]></entry>
	<entry id="grave_robber+str_monster_attack_fallen_whistle"><![CDATA[又有一个男人冲着我吹口哨？我的匕首到底要说多少次“不要”？]]></entry>
	<entry id="leper+str_monster_attack_fallen_blackjack"><![CDATA[那可不是一般的棍子……]]></entry>
	<entry id="hellion+str_monster_attack_fallen_blackjack"><![CDATA[那跟棍子的大小在我的长戟面前根本就不值一提。]]></entry>
	<entry id="crusader+str_monster_attack_fallen_blackjack"><![CDATA[哈，我的盔甲又多了一道凹痕……]]></entry>
	<entry id="plague_doctor+str_monster_attack_fallen_blackjack"><![CDATA[我有我独特的办法去扰乱他人的神志……]]></entry>
	<entry id="antiquarian+str_monster_attack_fallen_blackjack"><![CDATA[那真是根讨厌的棍子……]]></entry>
	<!-- Fallen Jester -->
	<entry id="jester+str_monster_attack_fallen_solo"><![CDATA[那……实际上是一段非常紧密的旋律。]]></entry>
	<entry id="plague_doctor+str_monster_attack_fallen_solo"><![CDATA[我在任何一座妓院里能听到的都比这好！]]></entry>
	<entry id="man_at_arms+str_monster_attack_fallen_solo"><![CDATA[这可不是一个人在战场上时应该做的！]]></entry>
	<entry id="hellion+str_monster_attack_fallen_solo"><![CDATA[就像回家路上唱的歌一样……无聊至极！]]></entry>
	<entry id="antiquarian+str_monster_attack_fallen_solo"><![CDATA[一段暴力的曲调，至少能这么说！]]></entry>
	<entry id="jester+str_monster_attack_fallen_heroic_end"><![CDATA[有人会说那是你最后的演出！哈哈！]]></entry>
	<entry id="leper+str_monster_attack_fallen_heroic_end"><![CDATA[现在我们都得听天由命了……]]></entry>
	<entry id="crusader+str_monster_attack_fallen_heroic_end"><![CDATA[这对你来说是某种游戏吗？]]></entry>
	<entry id="bounty_hunter+str_monster_attack_fallen_heroic_end"><![CDATA[收起你那些的东西，傻瓜！]]></entry>
	<entry id="jester+str_monster_attack_fallen_dirk_stab"><![CDATA[狂挥你的匕首吧，然后来见证我招式的简洁！]]></entry>
	<entry id="highwayman+str_monster_attack_fallen_dirk_stab"><![CDATA[你要是能像我一样熟练地使用匕首就好了！]]></entry>
	<entry id="houndmaster+str_monster_attack_fallen_dirk_stab"><![CDATA[走开，你这个贼人！]]></entry>
	<entry id="occultist+str_monster_attack_fallen_dirk_stab"><![CDATA[你那箭步真是该死！]]></entry>
	<!-- Fallen Leper -->
	<entry id="jester+str_monster_attack_fallen_focus"><![CDATA[舞吧，舞吧，抗拒着死神吧！]]></entry>
	<entry id="highwayman+str_monster_attack_fallen_focus"><![CDATA[我应该给你两眼中间来一发然后赶紧了结你的生命！]]></entry>
	<entry id="houndmaster+str_monster_attack_fallen_focus"><![CDATA[畸形的恐怖之物不应该是两足行走的……这只会让事情变得更糟。]]></entry>
	<entry id="leper+str_monster_attack_fallen_focus"><![CDATA[一位没有什么可以失去却又要去得到一切的男人。]]></entry>
	<entry id="leper+str_monster_attack_fallen_intimidate"><![CDATA[我们的命运是共通的，而你的威胁毫无意义！]]></entry>
	<entry id="crusader+str_monster_attack_fallen_intimidate"><![CDATA[离我远点，诅咒之人！]]></entry>
	<entry id="grave_robber+str_monster_attack_fallen_intimidate"><![CDATA[你的坟墓将是下一个我要偷的东西！]]></entry>
	<entry id="hellion+str_monster_attack_fallen_intimidate"><![CDATA[我看到面具之下的东西了！]]></entry>
	<entry id="man_at_arms+str_monster_attack_fallen_chop"><![CDATA[那把刀真大！]]></entry>
	<entry id="crusader+str_monster_attack_fallen_chop"><![CDATA[他的力量令人难以置信……]]></entry>
	<entry id="hellion+str_monster_attack_fallen_chop"><![CDATA[这把刀可能比我自己的刀锋还要大……]]></entry>
	<entry id="vestal+str_monster_attack_fallen_chop"><![CDATA[这种挥击正是我喜欢保持距离的原因。]]></entry>
	<entry id="antiquarian+str_monster_attack_fallen_chop"><![CDATA[把我留在后排！]]></entry>
	<!-- Fallen Man-at-Arms -->
	<entry id="man_at_arms+str_monster_attack_fallen_crush"><![CDATA[他的策略是可靠的；真是个难对付的敌人。]]></entry>
	<entry id="crusader+str_monster_attack_fallen_crush"><![CDATA[那会留下凹痕的……]]></entry>
	<entry id="leper+str_monster_attack_fallen_crush"><![CDATA[钉锤对大刀……我得写上好几周的诗句了！]]></entry>
	<entry id="occultist+str_monster_attack_fallen_crush"><![CDATA[挥舞的力量并不能战胜头脑的力量。]]></entry>
	<entry id="grave_robber+str_monster_attack_fallen_rampart"><![CDATA[脸上挡了块盾牌？我会绕开盾牌的。]]></entry>
	<entry id="plague_doctor+str_monster_attack_fallen_rampart"><![CDATA[科学能比那个盾牌更有效地造成眩晕！]]></entry>
	<entry id="man_at_arms+str_monster_attack_fallen_rampart"><![CDATA[你真可笑！]]></entry>
	<entry id="vestal+str_monster_attack_fallen_rampart"><![CDATA[他的耐力什么才能时候耗尽？]]></entry>
	<entry id="plague_doctor+str_monster_attack_fallen_bellow"><![CDATA[如此喧哗……如此骇人……]]></entry>
	<entry id="hellion+str_monster_attack_fallen_bellow"><![CDATA[言语是一回事，行动又是另一回事。]]></entry>
	<entry id="man_at_arms+str_monster_attack_fallen_bellow"><![CDATA[你的恐惧真是有趣！]]></entry>
	<entry id="crusader+str_monster_attack_fallen_bellow"><![CDATA[别害怕，我的同伴们！]]></entry>
	<!-- Fallen Occultist -->
	<entry id="vestal+str_monster_attack_fallen_abyssal_artillery"><![CDATA[这是什么鬼东西？！]]></entry>
	<entry id="arbalest+str_monster_attack_fallen_abyssal_artillery"><![CDATA[那到底是从哪里来的？]]></entry>
	<entry id="plague_doctor+str_monster_attack_fallen_abyssal_artillery"><![CDATA[这……这不可能是真的！]]></entry>
	<entry id="occultist+str_monster_attack_fallen_abyssal_artillery"><![CDATA[一个邪术师同事？希望他是站在我们这边的……]]></entry>
	<entry id="plague_doctor+str_monster_attack_fallen_weakening_curse"><![CDATA[我有一些药粉来应对这个。]]></entry>
	<entry id="vestal+str_monster_attack_fallen_weakening_curse"><![CDATA[主必驱逐一切降临于我同伴的力量！]]></entry>
	<entry id="crusader+str_monster_attack_fallen_weakening_curse"><![CDATA[上帝指引我的同伴！]]></entry>
	<entry id="man_at_arms+str_monster_attack_fallen_weakening_curse"><![CDATA[他用的是什么魔法来对付我们？]]></entry>
	<entry id="vestal+str_monster_attack_fallen_hands_from_abyss"><![CDATA[吾惩击汝！]]></entry>
	<entry id="hellion+str_monster_attack_fallen_hands_from_abyss"><![CDATA[我很快就会搞得他的，我的朋友们！]]></entry>
	<entry id="plague_doctor+str_monster_attack_fallen_hands_from_abyss"><![CDATA[别让他把我拉过去！]]></entry>
	<entry id="houndmaster+str_monster_attack_fallen_hands_from_abyss"><![CDATA[咬他，姑娘！]]></entry>
	<entry id="abomination+str_monster_attack_fallen_hands_from_abyss"><![CDATA[我们有可能会站在同一头的……]]></entry>
	<!-- Fallen Plague Doctor -->
	<entry id="jester+str_monster_attack_fallen_plague_grenade"><![CDATA[我才不想让这东西腐蚀坏我的铃铛！]]></entry>
	<entry id="plague_doctor+str_monster_attack_fallen_plague_grenade"><![CDATA[这让我想起了我的一些失败的实验……]]></entry>
	<entry id="man_at_arms+str_monster_attack_fallen_plague_grenade"><![CDATA[这会腐蚀穿我的盔甲吗？]]></entry>
	<entry id="vestal+str_monster_attack_fallen_plague_grenade"><![CDATA[这是什么神秘的诡计？]]></entry>
	<entry id="plague_doctor+str_monster_attack_fallen_blinding_gas"><![CDATA[她用的那个配方很好……]]></entry>
	<entry id="occultist+str_monster_attack_fallen_blinding_gas"><![CDATA[诅咒你，巫婆！]]></entry>
	<entry id="arbalest+str_monster_attack_fallen_blinding_gas"><![CDATA[我的眼睛就是我的生命！]]></entry>
	<entry id="crusader+str_monster_attack_fallen_blinding_gas"><![CDATA[现在我知道为什么她要戴着面具了……]]></entry>
	<entry id="plague_doctor+str_monster_attack_fallen_incision"><![CDATA[*低语*她还没有给刀下过毒……]]></entry>
	<entry id="jester+str_monster_attack_fallen_incision"><![CDATA[哦，她的那把刀真是阴险！]]></entry>
	<entry id="hellion+str_monster_attack_fallen_incision"><![CDATA[我的表皮很硬，你是切不开！]]></entry>
	<entry id="highwayman+str_monster_attack_fallen_incision"><![CDATA[在你调制好药水之前，我一直都在挥刀！]]></entry>
	<entry id="abomination+str_monster_attack_fallen_incision"><![CDATA[我的血管里流淌的可不是一般的血液。]]></entry>
	<!-- Fallen Shieldbreaker -->
	<entry id="shieldbreaker+str_monster_attack_fallen_pierce"><![CDATA[她的箭步……真是卓越！]]></entry>
	<entry id="hellion+str_monster_attack_fallen_pierce"><![CDATA[把那个给我！它可不是把玩具！]]></entry>
	<entry id="occultist+str_monster_attack_fallen_pierce"><![CDATA[让我远离那种灵活之人！]]></entry>
	<entry id="jester+str_monster_attack_fallen_pierce"><![CDATA[你戳，我闪！]]></entry>
	<entry id="shieldbreaker+str_monster_attack_fallen_adders_kiss"><![CDATA[她的咬击很恶毒！]]></entry>
	<entry id="plague_doctor+str_monster_attack_fallen_adders_kiss"><![CDATA[我能搞定那个！]]></entry>
	<entry id="graverobber+str_monster_attack_fallen_adders_kiss"><![CDATA[你只是吸收了那种毒素……]]></entry>
	<entry id="leper+str_monster_attack_fallen_adders_kiss"><![CDATA[让那些毒液离我远点！]]></entry>
	<entry id="jester+str_monster_attack_fallen_spearing"><![CDATA[需要搭把手吗，亲爱的？]]></entry>
	<entry id="arbalest+str_monster_attack_fallen_spearing"><![CDATA[就保持几秒钟别动行吗！]]></entry>
	<entry id="man_at_arms+str_monster_attack_fallen_spearing"><![CDATA[不要站成一排！我们很容易被狩猎的！]]></entry>
	<entry id="vestal+str_monster_attack_fallen_spearing"><![CDATA[她的眼睛，绿如翡翠，泄露了她真正的美丽……]]></entry>
	<!-- Fallen Vestal -->
	<entry id="occultist+str_monster_attack_fallen_judgement"><![CDATA[我被黑暗所保护，亲爱的！]]></entry>
	<entry id="plague_doctor+str_monster_attack_fallen_judgement"><![CDATA[把你的咒语和“神明们”留给其他女人吧。]]></entry>
	<entry id="crusader+str_monster_attack_fallen_judgement"><![CDATA[修女们求你了，我已经很好地服侍了主！]]></entry>
	<entry id="grave_robber+str_monster_attack_fallen_judgement"><![CDATA[审判你自己吧，我只是做了我该做的！]]></entry>
	<entry id="abomination+str_monster_attack_fallen_judgement"><![CDATA[我应该受到审判……]]></entry>
	<entry id="vestal+str_monster_attack_fallen_dazzling_light"><![CDATA[光指引着我，而因上帝之手我将活下去！]]></entry>
	<entry id="arbalest+str_monster_attack_fallen_dazzling_light"><![CDATA[闭上你们的眼睛，该死！]]></entry>
	<entry id="crusader+str_monster_attack_fallen_dazzling_light"><![CDATA[上帝帮帮我吧！]]></entry>
	<entry id="plague_doctor+str_monster_attack_fallen_dazzling_light"><![CDATA[很强大，但没有我的炸弹那么强大。]]></entry>
	<entry id="man_at_arms+str_monster_attack_fallen_gods_hand"><![CDATA[纪律比你的任何神都要重要……]]></entry>
	<entry id="occultist+str_monster_attack_fallen_gods_hand"><![CDATA[神对神……我知道结果，亲爱的！]]></entry>
	<entry id="vestal+str_monster_attack_fallen_gods_hand"><![CDATA[你以错误的理由召唤上帝的力量！]]></entry>
	<entry id="jester+str_monster_attack_fallen_gods_hand"><![CDATA[为一位傻瓜准备的童话………但绝不是像我这样的傻瓜。]]></entry>
		<!--Buff Strings-->
	<entry id="buff_rule_data_tooltip_fallen_heroic_end"><![CDATA[终曲]]></entry>
	<entry id="buff_rule_data_tooltip_fallen_rake"><![CDATA[撕扯]]></entry>
	<entry id="buff_rule_data_tooltip_fallen_hounds_rush"><![CDATA[猎犬冲刺]]></entry>
	<entry id="buff_rule_data_tooltip_fallen_holy_lance"><![CDATA[圣矛]]></entry>
	<entry id="buff_rule_tooltip_monster_type_count_min"><![CDATA[%s 如果任何敌人是%s]]></entry>
    <entry id="buff_bsrc_battle_modifier"><![CDATA[光环]]></entry>
	
		<!--Actor Dot-->
	<entry id="str_ui_actor_dot_complete"><![CDATA[]]></entry>
		<!--Damage Block-->
    <entry id="tutorial_popup_health_damage_block_title"><![CDATA[护体标记]]></entry>
	<entry id="tutorial_popup_health_damage_block_description"><![CDATA[直击隔挡标记，或者称为“护体标记”，能够使得下次直接生命伤害无效。]]></entry>
		<!--Shuffle Dot-->
    <entry id="tray_icon_tooltip_shuffle_dot_format"><![CDATA[扰乱（%d回合）]]></entry>
    <entry id="str_bark_shuffled"><![CDATA[我失去方向感了！]]></entry>
    <entry id="str_bark_shuffled"><![CDATA[……我站不稳！]]></entry>
    <entry id="str_bark_shuffled"><![CDATA[我……什么……]]></entry>
    <entry id="str_bark_shuffledot"><![CDATA[难以保持平衡！]]></entry>
    <entry id="str_bark_shuffledot"><![CDATA[我的脚中了魔咒！]]></entry>
    <entry id="str_bark_shuffledot"><![CDATA[我的双腿不听使唤！]]></entry>
		<!--Heal Dot-->
	<entry id="tray_icon_tooltip_hp_heal_dot_format"><![CDATA[%d生命每回合（%d回合）]]></entry>
    <entry id="tray_icon_tooltip_guard_no_duration"><![CDATA[%s]]></entry>
	</language>
   	


</root>