<?xml version="1.0" encoding="UTF-8"?>
<root>
  <language id="schinese">
    <entry id="hero_class_name_phantom"><![CDATA[幻影]]></entry>
    <entry id="combat_skill_name_phantom_knife_stab"><![CDATA[刺杀]]></entry>
    <entry id="upgrade_tree_name_phantom.knife_stab"><![CDATA[刺杀]]></entry>
    <entry id="combat_skill_name_phantom_blade_flurry"><![CDATA[死亡鬼魅]]></entry>
    <entry id="upgrade_tree_name_phantom.blade_flurry"><![CDATA[死亡鬼魅]]></entry>
    <entry id="combat_skill_name_phantom_blind_throw"><![CDATA[无明投掷]]></entry>
    <entry id="upgrade_tree_name_phantom.blind_throw"><![CDATA[无明投掷]]></entry>
    <entry id="combat_skill_name_phantom_vanishing_trick"><![CDATA[匿踪诡计]]></entry>
	<entry id="upgrade_tree_name_phantom.vanishing_trick"><![CDATA[匿踪诡计]]></entry>
    <entry id="combat_skill_name_phantom_stealth"><![CDATA[暗影斗篷]]></entry>
    <entry id="upgrade_tree_name_phantom.stealth"><![CDATA[暗影斗篷]]></entry>
    <entry id="combat_skill_name_phantom_tracing_kunai"><![CDATA[标记命运]]></entry>
    <entry id="upgrade_tree_name_phantom.tracing_kunai"><![CDATA[标记命运]]></entry>
    <entry id="combat_skill_name_phantom_health_conversion"><![CDATA[灵液治疗]]></entry>
    <entry id="upgrade_tree_name_phantom.health_conversion"><![CDATA[灵液治疗]]></entry>
    <entry id="combat_skill_name_phantom_dance"><![CDATA[移形换影]]></entry>
    <entry id="upgrade_tree_name_phantom.armour"><![CDATA[氏族的制服]]></entry>
    <entry id="phantom_armour_0"><![CDATA[阴沉的制服
{colour_start|stun}“破烂又肮脏，被自然无情地打上烙印。”{colour_end}]]></entry>
    <entry id="phantom_armour_1"><![CDATA[训练制服
{colour_start|stun}“每个阴影的起点。”{colour_end}]]></entry>
    <entry id="phantom_armour_2"><![CDATA[伟大阴影的护甲
{colour_start|stun}“一位好老师引以为荣的门徒。”{colour_end}]]></entry>
    <entry id="phantom_armour_3"><![CDATA[精湛暗影的护甲
{colour_start|stun}“氏族中最优秀的人之一。”{colour_end}]]></entry>
    <entry id="phantom_armour_4"><![CDATA[“闪耀之暗”
{colour_start|stun}“光与暗共同的化身。幻影的真正象征。”{colour_end}]]></entry>
    <entry id="upgrade_tree_name_phantom.weapon"><![CDATA[战刃与匕首]]></entry>
    <entry id="phantom_weapon_0"><![CDATA[生锈又残破的武器
{colour_start|stun}“每个门徒都要打交道的东西。”{colour_end}]]></entry>
    <entry id="phantom_weapon_1"><![CDATA[变钝的匕刃
{colour_start|stun}“最终他们会学会如何磨锋它们。”{colour_end}]]></entry>
    <entry id="phantom_weapon_2"><![CDATA[修复并磨锋的匕刃
{colour_start|stun}一套合适的武器所应有的样子。”{colour_end}]]></entry>
    <entry id="phantom_weapon_3"><![CDATA[重铸的匕刃
{colour_start|stun}“一套闪亮的尖刀和一个飞翔的金色断头台。”{colour_end}]]></entry>
    <entry id="phantom_weapon_4"><![CDATA[“大天使”
{colour_start|stun}“它们总是传递着他们信息。”{colour_end}]]></entry>
    <entry id="action_verbose_body_guild_phantom"><![CDATA[幻影是一位精通十八般兵器技艺的专家，他曾游历过欧洲西部并一路向东，将不同的武艺融入进自己的风格中。他可能会利用潜行发动攻击，或在敌人面前消失，使他们迷惑。除了他在战斗技巧方面的能力外，他还善于发现团队中的薄弱处，而且只要他的盟友愿意合作付出代价，他也能从中获得一些神圣的恩惠。]]></entry>
    <entry id="action_verbose_body_blacksmith_phantom"><![CDATA[幻影对他的装备的敏捷和外形同样重视，这一特点同时作用在武器和外貌上。他必须能够融入场景，只有当他的匕首的锋芒已经刺穿了邪恶之物的肉体时，他才能显露自己的真身。]]></entry>
    <entry id="action_verbose_body_camping_trainer_phantom"><![CDATA[当这个虚幻之人有时间安顿下来时，他可以用……自己的方式照顾他的同伴。与他有相同看法的盟友可能会让幻影更倾向于支持他们，如果这个团体不需要任何特别的照顾，那么幻影可能会预留一些时间来打磨自己的技艺或装备。]]></entry>

	<entry id="str_inventory_title_supplypocket_venom"><![CDATA[口袋毒液]]></entry>
    <entry id="buff_rule_data_tooltip_pocket_venom"><![CDATA[口袋毒液]]></entry>
	<entry id="str_inventory_title_supplypocket_venom2"><![CDATA[]]></entry>
    <entry id="buff_rule_data_tooltip_pocket_venom2"><![CDATA[]]></entry>
	<entry id="str_inventory_description_supplypocket_venom"><![CDATA[使用腐蚀性物质给幻影的武器粹毒。
每次命中都会被消耗。]]></entry>
	<entry id="str_inventory_title_estatesand_of_sight"><![CDATA[视野之沙]]></entry>
	<entry id="str_inventory_description_estatesand_of_sight"><![CDATA[用于揭示潜藏的敌人。
{colour_start|notable}[可以被带回哈姆雷特]{colour_end}]]></entry>

	<entry id="str_inventory_title_trinketph_straps"><![CDATA[扣带护腕]]></entry>
	<entry id="str_inventory_title_trinketph_ankh"><![CDATA[被祝福的安卡十字架]]></entry>
	<entry id="str_inventory_title_trinketph_drifter_helmet"><![CDATA[流浪者之胄]]></entry>
	<entry id="str_inventory_title_trinketph_hidden_blade"><![CDATA[袖箭]]></entry>
	<entry id="str_inventory_title_trinketph_envenomed_dagger"><![CDATA[粹毒匕首]]></entry>
	<entry id="str_inventory_title_trinketph_weak_spot"><![CDATA[死眼单片镜]]></entry>
	<entry id="str_inventory_title_trinketph_com_trinket"><![CDATA[惩罚者的偶像]]></entry>
	<entry id="str_inventory_title_trinketph_rogue_armor"><![CDATA[抱影斗篷]]></entry>
	<entry id="str_inventory_title_trinketph_rogue_glove"><![CDATA[活影手套]]></entry>
	<entry id="str_inventory_title_trinketph_chakram"><![CDATA[光环]]></entry>
	<entry id="str_inventory_title_trinketph_cc_armor"><![CDATA[毒宗盔甲]]></entry>
	<entry id="str_inventory_title_trinketph_cc_heart"><![CDATA[不朽之心]]></entry>
	<entry id="str_inventory_set_title_ph_com_trinket"><![CDATA[{colour_start|buff}“宇宙是那些栖身于黑暗中的生物的游乐场。”{colour_end}]]></entry>
	<entry id="str_inventory_set_title_phantom_set"><![CDATA[{colour_start|trap}“瞧……光之左手。”{colour_end}]]></entry>
	<entry id="str_inventory_set_title_cc_phantom_set"><![CDATA[“二度被诅咒，为了一个正当的理由。”]]></entry>
	<entry id="trinket_rarity_phantom"><![CDATA[变色龙套装]]></entry>

	<entry id="actor_mode_name_phantom"><![CDATA[默认]]></entry>
	<entry id="actor_mode_name_envenom"><![CDATA[粹毒武器]]></entry>
    <entry id="buff_rule_data_tooltip_phantom"><![CDATA[默认]]></entry>
    <entry id="buff_rule_data_tooltip_envenom"><![CDATA[粹毒]]></entry>
    <entry id="str_skill_mode_info_phantom"><![CDATA[]]></entry>
    <entry id="str_skill_mode_info_envenom"><![CDATA[当粹毒时：]]></entry>

    <entry id="town_event_title_first_phantom"><![CDATA[活阴影]]></entry>
    <entry id="town_event_description_first_phantom"><![CDATA[这个男人知道如何进入和如何礼貌地离开某个地点——迅速又沉默。他偷偷潜入哈姆雷特以证明自己的才能，而现在又自愿帮助清除潜藏在庄园内的恐怖。]]></entry>

    <entry id="buff_stat_tooltip_upgrade_discount_ph_tooltip_destealth_x2"><![CDATA[{colour_start|move}无法移动{colour_end} 当{colour_start|stealth}潜行{colour_end}时
×2暴击率 于下一次攻击]]></entry>
    <entry id="buff_stat_tooltip_upgrade_discount_ph_tooltip_destealth_x3"><![CDATA[{colour_start|move}无法移动{colour_end} 当{colour_start|stealth}潜行{colour_end}时
×3暴击率 于下一次攻击]]></entry>
    <entry id="buff_stat_tooltip_upgrade_discount_ph_tooltip_destealth_x4"><![CDATA[{colour_start|move}无法移动{colour_end} 当{colour_start|stealth}潜行{colour_end}时
×4暴击率 于下一次攻击]]></entry>
    <entry id="buff_stat_tooltip_upgrade_discount_ph_tooltip_continue"><![CDATA[暴击时：取消{colour_start|stealth}潜行{colour_end}
+1{colour_start|notable}战斗行动点数{colour_end}（%d%%概率）]]></entry>
    <entry id="buff_stat_tooltip_upgrade_discount_ph_tooltip_nocorpse"><![CDATA[击杀时不留下尸骸]]></entry>
    <entry id="buff_stat_tooltip_upgrade_discount_ph_tooltip_clear"><![CDATA[清除{colour_start|debuff}减益{colour_end}]]></entry>
    <entry id="buff_stat_tooltip_upgrade_discount_ph_tooltip_clear_dd"><![CDATA[自身：移除{colour_start|mortaldebuff}重创减益{colour_end}]]></entry>
    <entry id="buff_stat_tooltip_upgrade_discount_ph_tooltip_chakram"><![CDATA[伤害修正：-45/-30%% 对位置1/4]]></entry>
    <entry id="buff_stat_tooltip_upgrade_discount_ph_tooltip_kunai"><![CDATA[{colour_start|mark}标记{colour_end}目标 持续（1+目标的体型）回合
绕过{colour_start|riposte}反击{colour_end}]]></entry>
    <entry id="buff_stat_tooltip_upgrade_discount_ph_tooltip_dance"><![CDATA[{colour_start|move}扰乱{colour_end}下一回合{colour_start|skill_unselectable}（无视位移抗性）{colour_end}
×2闪避 直到改变位置]]></entry>
    <entry id="buff_stat_tooltip_upgrade_discount_ph_tooltip_dance2"><![CDATA[当粹毒时：
清除无武装]]></entry>
    <entry id="buff_stat_tooltip_upgrade_discount_ph_tooltip_phantom"><![CDATA[清除无武装
不会结束回合]]></entry>
    <entry id="buff_stat_tooltip_upgrade_discount_ph_tooltip_heal"><![CDATA[自身：
{colour_start|healhp}治疗{colour_end}%d生命（每个目标）]]></entry>

    <entry id="buff_stat_tooltip_upgrade_discount_ph_tooltip_corrosion_1"><![CDATA[{colour_start|debuff}侵蚀{colour_end}{colour_start|skill_unselectable}（%d%%基础概率）{colour_end}1伤害/回合 持续3回合]]></entry>
    <entry id="buff_stat_tooltip_upgrade_discount_ph_tooltip_corrosion_2"><![CDATA[{colour_start|debuff}侵蚀{colour_end}{colour_start|skill_unselectable}（%d%%基础概率）{colour_end}2伤害/回合 持续3回合]]></entry>
    <entry id="buff_stat_tooltip_upgrade_discount_ph_tooltip_corrosion_3"><![CDATA[{colour_start|debuff}侵蚀{colour_end}{colour_start|skill_unselectable}（%d%%基础概率）{colour_end}3伤害/回合 持续3回合]]></entry>
    <entry id="buff_stat_tooltip_upgrade_discount_ph_tooltip_corrosion_4"><![CDATA[{colour_start|debuff}侵蚀{colour_end}{colour_start|skill_unselectable}（%d%%基础概率）{colour_end}4伤害/回合 持续3回合]]></entry>
    <entry id="buff_stat_tooltip_upgrade_discount_ph_tooltip_corrosion_5"><![CDATA[{colour_start|debuff}侵蚀{colour_end}{colour_start|skill_unselectable}（%d%%基础概率）{colour_end}5伤害/回合 持续3回合]]></entry>
    <entry id="buff_stat_tooltip_upgrade_discount_ph_tooltip_forward1"><![CDATA[{colour_start|move}前进{colour_end}1{colour_start|skill_unselectable}（300%%基础概率）{colour_end}]]></entry>
    <entry id="buff_stat_tooltip_upgrade_discount_ph_tooltip_forward2"><![CDATA[{colour_start|move}前进{colour_end}2{colour_start|skill_unselectable}（300%%基础概率）{colour_end}]]></entry>
    <entry id="buff_stat_tooltip_upgrade_discount_ph_tooltip_back1"><![CDATA[{colour_start|move}后退{colour_end}1{colour_start|skill_unselectable}（300%%基础概率）{colour_end}]]></entry>

    <entry id="camping_skill_effect_loot_ph_venom"><![CDATA[制作口袋毒液]]></entry>
    <entry id="camping_skill_effect_loot_ph_heal_tooltip"><![CDATA[{colour_start|healhp}治疗{colour_end}16生命 扎营后]]></entry>
    <entry id="camping_skill_effect_loot_ph_stealth_tooltip"><![CDATA[{colour_start|stealth}潜行{colour_end}（持续1场战斗）]]></entry>
	
	<entry id="buff_rule_data_tooltip_health_conversion"><![CDATA[灵液治疗]]></entry>
	<entry id="buff_rule_data_tooltip_vanishing_trick"><![CDATA[匿踪诡计]]></entry>
	<entry id="buff_stat_tooltip_upgrade_discount_ph_trick_description"><![CDATA[{colour_start|notable}匿踪诡计{colour_end}造成1-4（+1/lvl）伤害]]></entry>
	<entry id="buff_stat_tooltip_upgrade_discount_ph_mantis_description"><![CDATA[闪避时：35%%概率{colour_start|riposte}反击{colour_end}
当{colour_start|stealth}潜行{colour_end}时：100%%概率{colour_start|riposte}反击{colour_end}]]></entry>
	<entry id="buff_stat_tooltip_upgrade_discount_ph_mantis_description2"><![CDATA[{colour_start|riposte}反击{colour_end}：{colour_start|buff}增益自身{colour_end}：+4闪避]]></entry>
	<entry id="buff_stat_tooltip_upgrade_discount_ph_glove_description"><![CDATA[命中时：消耗{colour_start|stun}眩晕{colour_end}]]></entry>

    <entry id="camping_skill_name_ph_first_aid"><![CDATA[烧灼疗法]]></entry>
	<entry id="str_bark_ph_first_aid"><![CDATA[这可能会很痛，但这至少会让你的血液还能存留在你的体内。]]></entry>   
	<entry id="str_bark_ph_first_aid"><![CDATA[好吧抱歉了，请把这块布塞在你的嘴里然后稳住你自己。]]></entry>   
	<entry id="str_bark_ph_first_aid"><![CDATA[我所需要的就是烧热我的一把刀刃。一个人必须学会利用他们手中所拥有的东西。]]></entry>  
    <entry id="camping_skill_name_ph_stress_heal"><![CDATA[认罪]]></entry>
	<entry id="str_bark_ph_stress_heal"><![CDATA[圣光与我是一体的。“你们要向我承认你们的罪，兄弟们。”]]></entry>
	<entry id="str_bark_ph_stress_heal"><![CDATA[“真诚地对待你的重担，你将得到宽恕。”]]></entry>
	<entry id="str_bark_ph_stress_heal"><![CDATA[我以前是个执事，你可以这么说，但我仍然允许这样做的。告诉我你的重担。]]></entry>
    <entry id="camping_skill_name_ph_stress_resist"><![CDATA[圣餐仪式]]></entry>
	<entry id="str_bark_ph_stress_resist"><![CDATA[……愿我们迎来辉煌的纪元！]]></entry>   
	<entry id="str_bark_ph_stress_resist"><![CDATA[……让我们用圣光束斩断深渊！]]></entry>
	<entry id="str_bark_ph_stress_resist"><![CDATA[我们可能栖身于黑暗，但我们永远侍奉光明。]]></entry>
    <entry id="camping_skill_name_ph_tactical"><![CDATA[战术]]></entry>
	<entry id="str_bark_ph_tactical"><![CDATA[考虑到我们过去的遭遇，我把我所观测到的事物变成了这个草图……]]></entry>
	<entry id="str_bark_ph_tactical"><![CDATA[我对前方所要遭遇的事物有个计划，听好了……]]></entry>
	<entry id="str_bark_ph_tactical"><![CDATA[……我会静待在阴影之中，但别担心，我会一直出击的！]]></entry>
    <entry id="camping_skill_name_ph_armor_patch"><![CDATA[皮革补丁]]></entry>
	<entry id="str_bark_ph_armor_patch"><![CDATA[把这些东西放在你的盔甲下。他们会减缓一部分打击。]]></entry>   
	<entry id="str_bark_ph_armor_patch"><![CDATA[无论是轻甲还是重甲，这些小东西都会让你更有防御力。]]></entry>   
	<entry id="str_bark_ph_armor_patch"><![CDATA[把这些穿在你的长袍下面。你可以之后再感谢我。]]></entry>   
	<entry id="str_bark_ph_armor_patch"><![CDATA[鉴于我们的敌人这些东西可能撑不了太久，但它们仍可以拯救你的生命。]]></entry>   
	<entry id="str_bark_ph_armor_patch"><![CDATA[在我掌握暗影之前，它们就是我战斗中最好的盟友。快穿上它们。]]></entry>   
	<entry id="str_bark_ph_armor_patch"><![CDATA[谁说缝纫在战场上不是有用的技能？]]></entry>
    <entry id="camping_skill_name_ph_training"><![CDATA[训练]]></entry>
	<entry id="str_bark_ph_training"><![CDATA[嗯今晚的训练会是什么？视力？灵敏？听力？]]></entry>   
	<entry id="str_bark_ph_training"><![CDATA[别担心我。我可能会隐匿身形，但我永远都在这里。]]></entry>   
	<entry id="str_bark_ph_training"><![CDATA[我过去在业余时间常练吞剑。可惜这不是一种有用的战斗技能。]]></entry>   
	<entry id="str_bark_ph_training"><![CDATA[我想想，我想想……考虑到我们周围的环境，我想我可以教授这个。]]></entry>
	<entry id="str_bark_ph_training"><![CDATA[嗯……守夜也算是训练的一种，甚至涉及到多门学科！]]></entry>
    <entry id="camping_skill_name_ph_craft_poison"><![CDATA[特制毒液]]></entry>
	<entry id="str_bark_ph_craft_poison"><![CDATA[有毒的植物与有毒的生物，我们互相都很了解。]]></entry>
	<entry id="str_bark_ph_craft_poison"><![CDATA[一旦你习惯了蛇类，它们能会变成活体毒液瓶。]]></entry>
	<entry id="str_bark_ph_craft_poison"><![CDATA[蛇，青蛙，蘑菇……它们是大自然赐予我的武器。]]></entry>

	<entry id="ph_bark_pocket_venom"><![CDATA[我不知道怎么用这个。]]></entry>
	<entry id="ph_bark_pocket_venom"><![CDATA[它对我毫无用处……]]></entry>
	<entry id="ph_bark_pocket_venom"><![CDATA[它是某种毒液吗？]]></entry>
	<entry id="ph_bark_pocket_venom"><![CDATA[洒出来了一点……啊啊！它在灼烧！]]></entry>
	<entry id="phantom+ph_bark_pocket_venom"><![CDATA[我的武器被粹毒了！]]></entry>
	<entry id="phantom+ph_bark_pocket_venom"><![CDATA[准备被腐蚀吧。]]></entry>
	<entry id="phantom+ph_bark_pocket_venom"><![CDATA[浓缩的毒液。]]></entry>
	<entry id="phantom+ph_bark_pocket_venom"><![CDATA[我没有毒，但是我的武器……]]></entry>
	<entry id="phantom+ph_bark_pocket_venom"><![CDATA[现在更加致命了。]]></entry>
	<entry id="phantom+ph_bark_pocket_venom"><![CDATA[我的毒牙准备好了！]]></entry>
	<entry id="phantom+ph_bark_pocket_venom"><![CDATA[]]></entry>
	<entry id="ph_bark_stealth"><![CDATA[*低语*迅捷如影。]]></entry>
	<entry id="ph_bark_stealth"><![CDATA[迅捷如语。]]></entry>
	<entry id="ph_bark_stealth"><![CDATA[我穿行于阳光的缝隙之中。]]></entry>
	<entry id="ph_bark_stealth"><![CDATA[*低语*迅猛又致命！]]></entry>
	<entry id="ph_bark_stealth"><![CDATA[你眨眼了。]]></entry>
	<entry id="ph_bark_deathsdoor"><![CDATA[把脸转过去，我快……死了。]]></entry>
	<entry id="phantom+str_combat_knockback"><![CDATA[]]></entry>

    <entry id="phantom+str_monster_user_selected_targets_kill_pill"><![CDATA[好的刺客永远不会死亡……他们都只是逐渐消逝。]]></entry>
    <entry id="phantom+str_bark_deathsdoor"><![CDATA[我消逝……而去了……]]></entry>
    <entry id="phantom+str_bark_deathsdoor"><![CDATA[我在……消逝……？]]></entry>
	<entry id="phantom+str_afflicted_fearful"><![CDATA[这种感觉……就和上次的一样……！]]></entry>   
	<entry id="phantom+str_afflicted_fearful"><![CDATA[哦……恐惧……我失散已久的敌人。]]></entry>   
	<entry id="phantom+str_afflicted_fearful"><![CDATA[这-这不可能！我不应该有这种感觉！]]></entry>   
	<entry id="phantom+str_afflicted_fearful"><![CDATA[现在还没有……但我能感觉到它快要爆发了。]]></entry>   
	<entry id="phantom+str_afflicted_fearful"><![CDATA[我的感官……！大家！都离我远点！]]></entry>   
	<entry id="phantom+str_afflicted_paranoid"><![CDATA[啊-哈！亵渎教会者，你们这些人都是亵渎教会者！]]></entry>   
	<entry id="phantom+str_afflicted_paranoid"><![CDATA[我应该让狂热者那个蠢货来抓你们所有人！]]></entry>    
	<entry id="phantom+str_afflicted_paranoid"><![CDATA[异教徒！亵渎的信徒！这是被禁止的！]]></entry>    
	<entry id="phantom+str_afflicted_paranoid"><![CDATA[我敢打赌你们都不过是无定型的可憎之物！]]></entry>   
	<entry id="phantom+str_afflicted_paranoid"><![CDATA[非常好，你们中有多少人是邪秽？异魔？血裔？]]></entry>   
	<entry id="phantom+str_afflicted_abusive"><![CDATA[无穷无尽的无能！]]></entry>   
	<entry id="phantom+str_afflicted_abusive"><![CDATA[你们为什么不听从我的指挥？现在看看我们！]]></entry>  
	<entry id="phantom+str_afflicted_abusive"><![CDATA[你们的战斗经验是从哪里来的？马戏团？]]></entry>    
	<entry id="phantom+str_afflicted_abusive"><![CDATA[你能做的任何事我都能做得更好！]]></entry>   
	<entry id="phantom+str_afflicted_abusive"><![CDATA[你们怎么都不擅长扮演好自己的角色？！]]></entry>    
	<entry id="phantom+str_afflicted_masochistic"><![CDATA[我受到过忍受疼痛训练……让我忍不住疼痛吧。]]></entry>    
	<entry id="phantom+str_afflicted_masochistic"><![CDATA[我的身体已经经历了很多，并且它还需要经历更多！]]></entry>   
	<entry id="phantom+str_afflicted_masochistic"><![CDATA[我的血管里还剩有血吗？展示给我，朋友]]></entry>   
	<entry id="phantom+str_afflicted_masochistic"><![CDATA[放血是某人表现神圣的一种方式！]]></entry>    
	<entry id="phantom+str_afflicted_masochistic"><![CDATA[我的感官需要考验！我对……鲜血的感官！]]></entry>   
	<entry id="phantom+str_afflicted_selfish"><![CDATA[你现在看到的是一位精通十八般武艺的大师！]]></entry>   
	<entry id="phantom+str_afflicted_selfish"><![CDATA[你在逗我？这里没有人比我更懂剑术了！]]></entry>   
	<entry id="phantom+str_afflicted_selfish"><![CDATA[请让真正的专业人士来处理这件事，好吗？]]></entry>   
	<entry id="phantom+str_afflicted_selfish"><![CDATA[别害怕，没用的同伴们。我能把这些敌人在眨眼之间就赶走！]]></entry>   
	<entry id="phantom+str_afflicted_selfish"><![CDATA[你最好看着我拯救我们……再一次。]]></entry>   
	<entry id="phantom+str_afflicted_selfish"><![CDATA[你最好看着我拯救我们所有人……再一次的。]]></entry>   
	<entry id="phantom+str_afflicted_depressed"><![CDATA[我真傻，以为我能应付得了这事。]]></entry>    
	<entry id="phantom+str_afflicted_depressed"><![CDATA[我的希望消逝了……就像我兄弟的呼吸。]]></entry>    
	<entry id="phantom+str_afflicted_depressed"><![CDATA[这是无望的……他现在可能已经死了……死了啊。]]></entry>    
	<entry id="phantom+str_afflicted_irrational"><![CDATA[兄弟我成功了！看看我！我和你一样都只是教会的工具！]]></entry>    
	<entry id="phantom+str_afflicted_irrational"><![CDATA[现在。不要。阻止我！~~我玩得很开心！]]></entry>    
	<entry id="phantom+str_afflicted_irrational"><![CDATA[光越大，影就越大！永远不要忘记！]]></entry>    
	<entry id="phantom+str_afflicted_irrational"><![CDATA[我是超越你理解能力的事物！]]></entry>   
	<entry id="phantom+str_afflicted_irrational"><![CDATA[酒，那杯酒，不要喝，是嘎吱声？嘎吱声，停不下来……！]]></entry>    
	<entry id="phantom+str_virtued_stalwart"><![CDATA[我拒绝在今天倒下！]]></entry>   
	<entry id="phantom+str_virtued_stalwart"><![CDATA[死亡女神随时可以来找我！如果她敢的话！]]></entry>   
	<entry id="phantom+str_virtued_stalwart"><![CDATA[雨过一定天晴，我们向前推进！]]></entry>   
	<entry id="phantom+str_virtued_stalwart"><![CDATA[我走这么远的路可不是为了白跑一场！]]></entry>   
	<entry id="phantom+str_virtued_stalwart"><![CDATA[一位身负一堆密码的男人是什么？]]></entry>   
	<entry id="phantom+str_virtued_courageous"><![CDATA[我跳进黑暗之中这样我就能用光明猛击它！]]></entry>   
	<entry id="phantom+str_virtued_courageous"><![CDATA[让我成为匕首锋芒上的闪光点！]]></entry>   
	<entry id="phantom+str_virtued_courageous"><![CDATA[我是巨龙，是猛虎，是毒蛇……我是它们中的全部并且还不止于此！]]></entry>    
	<entry id="phantom+str_virtued_courageous"><![CDATA[他们翅膀的嘎吱声停止了，我的意志回来了！]]></entry>    
	<entry id="phantom+str_virtued_courageous"><![CDATA[这些恶魔无法阻止我们灵魂的力量。]]></entry>    
	<entry id="phantom+str_virtued_focused"><![CDATA[我头脑清醒，身体感觉很轻盈。我们出击吧。]]></entry>    
	<entry id="phantom+str_virtued_focused"><![CDATA[我已经在混乱中达到了涅盘。稳住你的刀锋，兄弟们。]]></entry>   
	<entry id="phantom+str_virtued_focused"><![CDATA[听着，伙计们！我要分享一些鬼魅般的秘密]]></entry>    
	<entry id="phantom+str_virtued_focused"><![CDATA[我看到他们的弱点如圣火一样熊熊燃烧。]]></entry>   
	<entry id="phantom+str_virtued_focused"><![CDATA[啊，即使过了这么多年鹰之教义也一直在我心中……]]></entry>   
	<entry id="phantom+str_virtued_powerful"><![CDATA[我们每个人都是伟大的，而我们团结一致时将不可阻挡！]]></entry>    
	<entry id="phantom+str_virtued_powerful"><![CDATA[我的刃与你的刃，如一道光般闪亮！]]></entry>   
	<entry id="phantom+str_virtued_powerful"><![CDATA[让我们把这些亵渎之物从他们的伪装中拽出来！]]></entry>   
	<entry id="phantom+str_virtued_powerful"><![CDATA[跟我待在一起，兄弟们！因为我们将一同克服险境！]]></entry>    
	<entry id="phantom+str_virtued_powerful"><![CDATA[让你的灵魂与武器产生共鸣！]]></entry>   
	<entry id="phantom+str_virtued_vigorous"><![CDATA[一阵再生……我的健康状况似乎不太好。]]></entry>   
	<entry id="phantom+str_virtued_vigorous"><![CDATA[哦，光明净化了我的鲜血，而我也应光明之躯！]]></entry>    
	<entry id="phantom+str_virtued_vigorous"><![CDATA[你不能杀死已经被杀死的东西！]]></entry>   
	<entry id="phantom+str_virtued_vigorous"><![CDATA[我是个挥之不去的幽魂！你鬼魅般的梦魇！]]></entry>    
	<entry id="phantom+str_virtued_vigorous"><![CDATA[我有一件个人的任务而你不能阻止我！]]></entry>   
	<entry id="phantom+str_stress_heal_self_stalwart"><![CDATA[我会坚持下去的！就为了他！]]></entry>  
	<entry id="phantom+str_stress_heal_self_stalwart"><![CDATA[幻影的意志是牢不可破的！]]></entry>    
	<entry id="phantom+str_stress_heal_party_courageous"><![CDATA[如果你能在当前状态下依旧可以举起一把剑，那么你仍然可以攻击！]]></entry>    
	<entry id="phantom+str_stress_heal_party_courageous"><![CDATA[再一口生命之息，再一次地站起来！]]></entry>    
	<entry id="phantom+str_buff_random_party_member_focused"><![CDATA[来吧，透过鹰之瞳看穿一切吧！]]></entry>    
	<entry id="phantom+str_buff_random_party_member_focused"><![CDATA[如奔跑的猎豹般呼吸，如公牛般冲锋。]]></entry>    
	<entry id="phantom+str_buff_party_powerful"><![CDATA[与我合为一体吧！]]></entry>   
	<entry id="phantom+str_buff_party_powerful"><![CDATA[如复仇之灵般奔腾！]]></entry>   
	<entry id="phantom+str_heal_self_vigorous"><![CDATA[我仍旧能把这诅咒变成一种祝福！]]></entry>   
	<entry id="phantom+str_heal_self_vigorous"><![CDATA[这是什么？你看起来好像见鬼了一样！]]></entry>   
	<entry id="phantom+str_bark_stress_fearful"><![CDATA[如果我……变得和他们一样？]]></entry>   
	<entry id="phantom+str_bark_stress_fearful"><![CDATA[这嘎吱声……！它们翅膀的嘎吱声，就像被诅咒的小提琴！]]></entry>   
	<entry id="phantom+str_bark_stress_fearful"><![CDATA[想想我的兄弟用一只手就杀掉了这样的野兽……]]></entry>    
	<entry id="phantom+str_bark_stress_fearful"><![CDATA[这是我兄弟死前的感受吗？]]></entry>    
	<entry id="phantom+str_bark_stress_fearful"><![CDATA[我不会作为一位英雄死去，但我会活得足够长，能看到自己成为……？]]></entry>    
	<entry id="phantom+str_bark_stress_paranoid"><![CDATA[我闻到亵渎之物那烂肉的味道！]]></entry>    
	<entry id="phantom+str_bark_stress_paranoid"><![CDATA[我以前也遇到过这种情况，而结果对叛徒来说并不太好。]]></entry>   
	<entry id="phantom+str_bark_stress_paranoid"><![CDATA[我听到神圣的低语，他们很快就会把叛徒指出来给我。]]></entry>    
	<entry id="phantom+str_bark_stress_paranoid"><![CDATA[随便尝试吧，没人能抓住一个幻影的！]]></entry>    
	<entry id="phantom+str_bark_stress_paranoid"><![CDATA[嘿，我知道某些关于你的可疑之处。]]></entry>    
	<entry id="phantom+str_bark_stress_masochistic"><![CDATA[明亮的猩红之色！我必须要再见到它一次！]]></entry>    
	<entry id="phantom+str_bark_stress_masochistic"><![CDATA[让我在你的血肉之中听到我毒液的声音！]]></entry>    
	<entry id="phantom+str_bark_stress_masochistic"><![CDATA[我怀念我训练时造成的伤痕……]]></entry>    
	<entry id="phantom+str_bark_stress_masochistic"><![CDATA[我仅仅是一具凡人之躯，我对痛苦已经变得麻木了……]]></entry>    
	<entry id="phantom+str_bark_stress_masochistic"><![CDATA[自从上次骨折过一根骨头以来已经过去很久了……]]></entry>   
	<entry id="phantom+str_bark_stress_abusive"><![CDATA[我敢打赌你最终搬起石头砸自己的脚。]]></entry>   
	<entry id="phantom+str_bark_stress_abusive"><![CDATA[你们这些人连一把剑都拿不住！]]></entry>   
	<entry id="phantom+str_bark_stress_abusive"><![CDATA[听武器大师的话，好吗？]]></entry>    
	<entry id="phantom+str_bark_stress_abusive"><![CDATA[如此有缺陷的构造！]]></entry>   
	<entry id="phantom+str_bark_stress_abusive"><![CDATA[我最好还是一个人……]]></entry>   
	<entry id="phantom+str_bark_stress_abusive"><![CDATA[光明赐予我不留下这些笨蛋等死的耐心。]]></entry>   
	<entry id="phantom+str_bark_stress_selfish"><![CDATA[为我的每一次杀戮向教堂捐款。]]></entry>    
	<entry id="phantom+str_bark_stress_selfish"><![CDATA[我所做的一切，都是为了人类的利益。你可以试着虚心一点。]]></entry>    
	<entry id="phantom+str_bark_stress_selfish"><![CDATA[我不是一个寻求赞美的人，但一声谢谢就足够了！]]></entry>   
	<entry id="phantom+str_bark_stress_selfish"><![CDATA[神圣的恩惠？拜托，我自己就是神圣的！]]></entry>    
	<entry id="phantom+str_bark_stress_selfish"><![CDATA[让天下都知道，世界的救世主是个幻影！]]></entry>    
	<entry id="phantom+str_bark_stress_depressed"><![CDATA[我的童年，我的生命，都浪费在徒劳的事业上。]]></entry>    
	<entry id="phantom+str_bark_stress_depressed"><![CDATA[我有和他们一样的命运只是时间问题。]]></entry>    
	<entry id="phantom+str_bark_stress_depressed"><![CDATA[我没有时间了……！我绝对没有时间了！]]></entry>   
	<entry id="phantom+str_bark_stress_depressed"><![CDATA[我应该让那个老混蛋趁还有机会的时候杀了我！]]></entry>   
	<entry id="phantom+str_bark_stress_depressed"><![CDATA[谁知道我还能把它藏在阴影里多久……]]></entry>    
	<entry id="phantom+str_bark_stress_irrational"><![CDATA[骗子！你不可能看到我！我是隐形的！]]></entry>    
	<entry id="phantom+str_bark_stress_irrational"><![CDATA[哼，你认为用异魔怪兽能做出好寿司吗？]]></entry>   
	<entry id="phantom+str_bark_stress_irrational"><![CDATA[*歌唱*哦哦哦血红圣殿……!]]></entry>    
	<entry id="phantom+str_bark_stress_irrational"><![CDATA[深渊和恒宇的黑暗将属于我！]]></entry>    
	<entry id="phantom+str_bark_stress_irrational"><![CDATA[他们的嗡鸣在我的耳朵里，他们的气味在我的鼻子里，并且他们的鲜血在我的嘴巴里！]]></entry>    
	<entry id="phantom+str_change_pos_back_fearful"><![CDATA[战术性撤退！]]></entry>   
	<entry id="phantom+str_change_pos_back_fearful"><![CDATA[不-不行！我必须活着来完成我的使命！]]></entry>   
	<entry id="phantom+str_change_pos_back_fearful"><![CDATA[我只是在准备发动一次攻击！不要多想了！]]></entry>   
	<entry id="phantom+str_change_pos_back_fearful"><![CDATA[*低语*他们是对的，我从来没有准备好应对这种情况。]]></entry>   
	<entry id="phantom+str_change_pos_back_fearful"><![CDATA[这真的是……就像上次一样。]]></entry>   
	<entry id="phantom+str_change_pos_back_fearful"><![CDATA[退后！退后啊你们这些蠢货！]]></entry>   
	<entry id="phantom+str_change_pos_back_paranoid"><![CDATA[不如反过来让我看好你的后背，嗯？]]></entry>    
	<entry id="phantom+str_change_pos_back_paranoid"><![CDATA[我可以在那里攻击，非常感谢你。]]></entry>    
	<entry id="phantom+str_change_pos_back_paranoid"><![CDATA[如果有什么事情是刺客肯定知道的，那就是如何看好我们的背后。]]></entry>    
	<entry id="phantom+str_change_pos_fwd_masochistic"><![CDATA[伤疤是真正战士的标志！]]></entry>    
	<entry id="phantom+str_change_pos_fwd_masochistic"><![CDATA[别耍花招！我就在你面前！]]></entry>    
	<entry id="phantom+str_change_pos_fwd_masochistic"><![CDATA[这很好，我一直想成为一名前锋，真的！嘿嘿。]]></entry>    
	<entry id="phantom+str_change_pos_fwd_masochistic"><![CDATA[借过，你在偷走我的伤痛！]]></entry>    
	<entry id="phantom+str_change_pos_fwd_masochistic"><![CDATA[把我像处理尸体一样剖开！]]></entry>   
	<entry id="phantom+str_change_pos_fwd_irrational"><![CDATA[我是一只幽灵！并且我正在接近你，充满恶意地接近你……！]]></entry>    
	<entry id="phantom+str_change_pos_fwd_irrational"><![CDATA[明天好，先生！你有时间听一下圣言吗？]]></entry>    
	<entry id="phantom+str_change_pos_fwd_irrational"><![CDATA[让开，凡人！这里有一座我必须穿过的墙！]]></entry>   
	<entry id="phantom+str_change_pos_fwd_irrational"><![CDATA[……哦，是的！幻影来了，马上！先生！]]></entry>    
	<entry id="phantom+str_change_pos_fwd_irrational"><![CDATA[我潜行前面去……！]]></entry>   
	<entry id="phantom+str_change_pos_back_irrational"><![CDATA[我潜行后面去……！]]></entry>   
	<entry id="phantom+str_change_pos_back_irrational"><![CDATA[哦哦哦哦……]]></entry>   
	<entry id="phantom+str_change_pos_back_irrational"><![CDATA[我躲入了阴影之中，你不可能看到我！]]></entry>    
	<entry id="phantom+str_change_pos_back_irrational"><![CDATA[哦……哦，我的兄弟！是你吗？]]></entry>    
	<entry id="phantom+str_change_pos_back_irrational"><![CDATA[哦，那是条蛇吗？把它给我！给-！]]></entry>    
	<entry id="phantom+str_change_pos_fwd_depressed"><![CDATA[也许这样做我就能再见到他了……]]></entry>    
	<entry id="phantom+str_change_pos_fwd_depressed"><![CDATA[我来承受坏事，真的。走吧，我来给你争取点时间。]]></entry>    
	<entry id="phantom+str_change_pos_fwd_depressed"><![CDATA[你还有很多东西要见证。让我来牺牲吧。]]></entry>   
	<entry id="phantom+str_change_pos_fwd_depressed"><![CDATA[光明能在被诅咒的躯体里存在吗？我不确定……]]></entry>    
	<entry id="phantom+str_change_pos_fwd_depressed"><![CDATA[也许一阵恐惧会让我回到现实。]]></entry>    
	<entry id="phantom+str_change_pos_back_depressed"><![CDATA[抱歉，原来我的训练还不够。]]></entry>    
	<entry id="phantom+str_change_pos_back_depressed"><![CDATA[我的行为是愚蠢的，一直以来，一直都是徒劳的。]]></entry>    
	<entry id="phantom+str_change_pos_back_depressed"><![CDATA[很抱歉给你留下这样的麻烦。]]></entry>    
	<entry id="phantom+str_change_pos_back_depressed"><![CDATA[如果他们不杀我们，那我就……]]></entry>    
	<entry id="phantom+str_change_pos_back_depressed"><![CDATA[不，你不知道我是谁……是什么东西。]]></entry>    
	<entry id="phantom+str_change_pos_fwd_selfish"><![CDATA[快走，软脚虾！我会处理这一切，再一次的！]]></entry>    
	<entry id="phantom+str_change_pos_fwd_selfish"><![CDATA[天选之人要过去一下！]]></entry>   
	<entry id="phantom+str_change_pos_fwd_selfish"><![CDATA[他们渴望一种痛快的死法！]]></entry>   
	<entry id="phantom+str_change_pos_fwd_selfish"><![CDATA[看看教会真正的刀刃！]]></entry>    
	<entry id="phantom+str_change_pos_fwd_selfish"><![CDATA[我厌倦了身居黑暗之中，让我来主演这场好戏吧！]]></entry>   
	<entry id="phantom+str_change_pos_back_selfish"><![CDATA[你们不是都想散发光明吗？那你还在等什么？]]></entry>   
	<entry id="phantom+str_change_pos_back_selfish"><![CDATA[我的胳膊累了，我要在那片阴影里歇一歇。]]></entry>    
	<entry id="phantom+str_change_pos_back_selfish"><![CDATA[适得其反？我的计划永远不会适得其反！现在跟我换个位置，脑袋里全是空气的家伙！]]></entry>    
	<entry id="phantom+str_change_pos_back_selfish"><![CDATA[哼！种种迹象表明你不能这么做！只有光明才能审判我！]]></entry>    
	<entry id="phantom+str_change_pos_back_selfish"><![CDATA[恶棍退场了！祝好运。]]></entry>   
	<entry id="phantom+str_ignore_command_fearful"><![CDATA[抱歉……我就是无法移动！]]></entry>    
	<entry id="phantom+str_ignore_command_fearful"><![CDATA[我拿着我的剑就如同我拿着它抵着那完美的防御……缺乏力量。]]></entry>    
	<entry id="phantom+str_ignore_command_fearful"><![CDATA[我甚至不能让自己藏匿在阴影之中！]]></entry>    
	<entry id="phantom+str_ignore_command_fearful"><![CDATA[看来治愈之道现在是如此的遥不可及……]]></entry>    
	<entry id="phantom+str_ignore_command_fearful"><![CDATA[现在一切都让我失望，甚至是……诅咒！]]></entry>   
	<entry id="phantom+str_ignore_command_paranoid"><![CDATA[你先练习好你的谎再来试试吧，年轻的草蜢。]]></entry>    
	<entry id="phantom+str_ignore_command_paranoid"><![CDATA[哦，不！抱歉，我已经没有俏皮话可说了。]]></entry>    
	<entry id="phantom+str_ignore_command_paranoid"><![CDATA[哼……什么怎么样？]]></entry>   
	<entry id="phantom+str_ignore_command_paranoid"><![CDATA[……好吧，你做到了！你做出沉默式的对话！]]></entry>    
	<entry id="phantom+str_ignore_command_paranoid"><![CDATA[期待着骗取大师之影！真是愚蠢。]]></entry>   
	<entry id="phantom+str_ignore_command_selfish"><![CDATA[我会遵从我自己的步伐。]]></entry>   
	<entry id="phantom+str_ignore_command_selfish"><![CDATA[耐心点，愚蠢的熊猫。]]></entry>   
	<entry id="phantom+str_ignore_command_selfish"><![CDATA[螳螂们在等待最佳时机。]]></entry>    
	<entry id="phantom+str_ignore_command_selfish"><![CDATA[你愿意跪下来然后用一段祈祷来祈求我吗？好吧，真可惜。]]></entry>    
	<entry id="phantom+str_ignore_command_selfish"><![CDATA[我在侦测他们的弱点！安静！]]></entry>   
	<entry id="phantom+str_ignore_command_depressed"><![CDATA[请给我一点时间，求你了……]]></entry>   
	<entry id="phantom+str_ignore_command_depressed"><![CDATA[你的振幅之词在我身上渐渐失效……]]></entry>    
	<entry id="phantom+str_ignore_command_depressed"><![CDATA[即使是阴影也无法遮盖住我的悲痛。]]></entry>    
	<entry id="phantom+str_ignore_command_depressed"><![CDATA[我的生命意志逃离出了这具躯壳……]]></entry>    
	<entry id="phantom+str_ignore_command_depressed"><![CDATA[为什么这样做？我没时间了。]]></entry>   
	<entry id="phantom+str_ignore_command_depressed"><![CDATA[我很抱歉。我辜负了你们，就像我辜负了我兄弟一样。]]></entry>    
	<entry id="phantom+str_ignore_command_irrational"><![CDATA[只有命运会述说答案，而不是你！不是任何人！]]></entry>    
	<entry id="phantom+str_ignore_command_irrational"><![CDATA[螳螂在等待着完美的一击！]]></entry>    
	<entry id="phantom+str_ignore_command_irrational"><![CDATA[安静！月亮还没说话呢！]]></entry>    
	<entry id="phantom+str_ignore_command_irrational"><![CDATA[不，不！我必须击中拍打翅膀的声音！]]></entry>   
	<entry id="phantom+str_ignore_command_irrational"><![CDATA[奇怪……！还没有鼓声的迹象。]]></entry>   
	<entry id="phantom+str_random_command_paranoid"><![CDATA[我知道该怎么办！省点劲吧，叛徒！]]></entry>    
	<entry id="phantom+str_random_command_paranoid"><![CDATA[我不会自寻死路的！]]></entry>    
	<entry id="phantom+str_random_command_paranoid"><![CDATA[你以为我被包围了，但我却在你所看到的每一个影子里！]]></entry>    
	<entry id="phantom+str_random_command_paranoid"><![CDATA[我给你示范一下光之左手！]]></entry>    
	<entry id="phantom+str_random_command_paranoid"><![CDATA[现在每个人都各自为战了！]]></entry>    
	<entry id="phantom+str_random_command_paranoid"><![CDATA[我的刀刃，我的意志！]]></entry>    
	<entry id="phantom+str_random_command_masochistic"><![CDATA[几乎没有任何血洒了出来。快点动手啊，恶魔们！]]></entry>    
	<entry id="phantom+str_random_command_masochistic"><![CDATA[如果我们把这当成一场比赛，也许我就会引起你的兴趣？]]></entry>    
	<entry id="phantom+str_random_command_masochistic"><![CDATA[我很好奇我还会失去哪些器官？]]></entry>    
	<entry id="phantom+str_random_command_masochistic"><![CDATA[没有痛苦就没有进步！]]></entry>    
	<entry id="phantom+str_random_command_masochistic"><![CDATA[快走，笨蛋！我保证我不会躲起来的！]]></entry>    
	<entry id="phantom+str_random_command_masochistic"><![CDATA[啊……相比于其他事来说我最需要这样！]]></entry>    
	<entry id="phantom+str_random_command_abusive"><![CDATA[如果我想活下来，我必须亲手处理这些事。]]></entry>    
	<entry id="phantom+str_random_command_abusive"><![CDATA[我用行动来斩断这个队伍的错误已经是过去的事情了。]]></entry>    
	<entry id="phantom+str_random_command_abusive"><![CDATA[就这么做！就那么简单！]]></entry>    
	<entry id="phantom+str_random_command_abusive"><![CDATA[请允许我提供一个更好的选择……]]></entry>   
	<entry id="phantom+str_random_command_abusive"><![CDATA[别挡我的路！否则你也将面对我的刀锋！]]></entry>    
	<entry id="phantom+str_random_command_selfish"><![CDATA[我到底得告诉你多少次要听我的话？就像这样？！]]></entry>
	<entry id="phantom+str_random_command_selfish"><![CDATA[你在对付一位专业的神圣刺客，你还在期待什么？]]></entry>   
	<entry id="phantom+str_random_command_selfish"><![CDATA[快模仿我！我的姿势，我的摆荡，任何我们就会活下来的！]]></entry>   
	<entry id="phantom+str_random_command_selfish"><![CDATA[数十年的训练看起来就是这样的。]]></entry>    
	<entry id="phantom+str_random_command_selfish"><![CDATA[我不是唯利是图的人，并且我会表明这点的。]]></entry>    
	<entry id="phantom+str_random_command_depressed"><![CDATA[我觉得自己深陷于犹豫之中……]]></entry>    
	<entry id="phantom+str_random_command_depressed"><![CDATA[我要投身于虚无之中……！]]></entry>    
	<entry id="phantom+str_random_command_depressed"><![CDATA[我已经在黑暗中待了这么久了，我应该习惯它了。]]></entry>    
	<entry id="phantom+str_random_command_depressed"><![CDATA[我的兄弟……自从我回来后我们就再也没有机会交谈了。]]></entry>    
	<entry id="phantom+str_random_command_depressed"><![CDATA[我不知道他是否在看着我，但我从未感觉到他的存在。]]></entry>   
	<entry id="phantom+str_random_command_irrational"><![CDATA[掷骰子！掷骰子！]]></entry>    
	<entry id="phantom+str_random_command_irrational"><![CDATA[这是让我的血统流传下来的一种古老技巧！看好了！]]></entry>    
	<entry id="phantom+str_random_command_irrational"><![CDATA[嘿，谁说恶棍总是来自贫穷的家庭？]]></entry>    
	<entry id="phantom+str_random_command_irrational"><![CDATA[别那样看着我，你真没礼貌！]]></entry>    
	<entry id="phantom+str_random_command_irrational"><![CDATA[看我是如何出击的！看着！你以我为傲吗，兄弟？]]></entry>    
	<entry id="phantom+str_bark_stress_camp_fearful"><![CDATA[我能感觉到他的恶意！在这受诅咒的柴堆上有燃烧的肉的味道！]]></entry>    
	<entry id="phantom+str_bark_stress_camp_fearful"><![CDATA[我的眼睛在欺骗我吗？我是唯一可以移动的影子！]]></entry>    
	<entry id="phantom+str_bark_stress_camp_fearful"><![CDATA[我……我想我看到了一具被缝合的尸体在那里行走。]]></entry>    
	<entry id="phantom+str_bark_stress_camp_paranoid"><![CDATA[如果你花太长时间，我现在就会把火扑灭。]]></entry>    
	<entry id="phantom+str_bark_stress_camp_paranoid"><![CDATA[别太大声！想引起注意吗，嗯？]]></entry>    
	<entry id="phantom+str_bark_stress_camp_paranoid"><![CDATA[我应该消失以确保我的位置保密。]]></entry>    
	<entry id="phantom+str_bark_stress_camp_masochistic"><![CDATA[如果只有一根烧红的针和粗的线也是可以的！]]></entry>    
	<entry id="phantom+str_bark_stress_camp_masochistic"><![CDATA[我应该用烧红的炽热连枷练习鞭笞！]]></entry>    
	<entry id="phantom+str_bark_stress_camp_masochistic"><![CDATA[唯一能伤害到我的东西就是圣火！]]></entry>    
	<entry id="phantom+str_bark_stress_camp_abusive"><![CDATA[你怎么还没死于消化不良？这看起来糟透了。]]></entry>    
	<entry id="phantom+str_bark_stress_camp_abusive"><![CDATA[……？你管叫这个“咖喱”？]]></entry>    
	<entry id="phantom+str_bark_stress_camp_abusive"><![CDATA[我受得了更长的旅行！现在露营还为时过早！]]></entry>    
	<entry id="phantom+str_bark_stress_camp_selfish"><![CDATA[我们必须扎营，我的刀锋需要它！]]></entry>    
	<entry id="phantom+str_bark_stress_camp_selfish"><![CDATA[不轻装旅行的人是愚蠢的。我把所有的东西都放在了一个小袋子里。]]></entry>    
	<entry id="phantom+str_bark_stress_camp_selfish"><![CDATA[我是一位身负一项圣神任务的忙碌男人，你肯定能胜任这仅有一次的守夜。]]></entry>    
	<entry id="phantom+str_bark_stress_camp_depressed"><![CDATA[这些火焰只会让我想起等待着我的不可避免的命运。]]></entry>    
	<entry id="phantom+str_bark_stress_camp_depressed"><![CDATA[像我这样该死的人有什么好去了解的？]]></entry>    
	<entry id="phantom+str_bark_stress_camp_depressed"><![CDATA[我只能期待一场来世的重逢了。]]></entry>    
	<entry id="phantom+str_bark_stress_camp_irrational"><![CDATA[有人想看看我的伤疤吗？]]></entry>    
	<entry id="phantom+str_bark_stress_camp_irrational"><![CDATA[你认为吸血鬼的语言是由时髦术语组成的吗？]]></entry>    
	<entry id="phantom+str_bark_stress_camp_irrational"><![CDATA[把我扔到深渊，然后我就会成为深渊！]]></entry>    
	<entry id="phantom+str_mark_self_masochistic"><![CDATA[你试过抓住一个鬼魂吗？好吧，给你个机会！]]></entry>   
	<entry id="phantom+str_mark_self_masochistic"><![CDATA[我的身体一直很脆弱，把我拦腰截断吧！]]></entry>   
	<entry id="phantom+str_mark_self_depressed"><![CDATA[结束这种场景。]]></entry>   
	<entry id="phantom+str_mark_self_depressed"><![CDATA[我想我已经死了，就这样吧。]]></entry>   
	<entry id="phantom+str_mark_self_irrational"><![CDATA[哈哈哈！光明！太好了！]]></entry>   
	<entry id="phantom+str_mark_self_irrational"><![CDATA[细剑、长剑、戟、匕首、生锈的小刀！我全都拿走了！]]></entry>    
	<entry id="phantom+str_attack_friendly_paranoid"><![CDATA[你活该！]]></entry>   
	<entry id="phantom+str_attack_friendly_paranoid"><![CDATA[你不会干涉我的任务的！]]></entry>    
	<entry id="phantom+str_attack_friendly_abusive"><![CDATA[我会打通你的一些感官！]]></entry>    
	<entry id="phantom+str_attack_friendly_abusive"><![CDATA[看看你把那东西挥舞到哪里去了！]]></entry>   
	<entry id="phantom+str_attack_friendly_irrational"><![CDATA[我应该能贯穿你的身体，看好了！]]></entry>    
	<entry id="phantom+str_attack_friendly_irrational"><![CDATA[把你的血肉与器官都捐赠给我！]]></entry>    
	<entry id="phantom+str_attack_self_masochistic"><![CDATA[什么每件事都要我亲自动手，包括这件事？]]></entry>    
	<entry id="phantom+str_attack_self_masochistic"><![CDATA[不！肋骨！就在这里！]]></entry>   
	<entry id="phantom+str_attack_self_depressed"><![CDATA[只有我能让自己失望，而似乎……]]></entry>    
	<entry id="phantom+str_attack_self_depressed"><![CDATA[仪式好像缺少一座柜台，不是吗？]]></entry>   
	<entry id="phantom+str_attack_self_irrational"><![CDATA[我应该脱掉一些松弛的皮肤！]]></entry>    
	<entry id="phantom+str_attack_self_irrational"><![CDATA[会不会有昆虫在我体内繁衍？]]></entry>    
	<entry id="phantom+str_block_combat_retreat_paranoid"><![CDATA[不，我们要死一起死！]]></entry>    
	<entry id="phantom+str_block_combat_retreat_paranoid"><![CDATA[我要把你们这些异教徒拽到我这里来！]]></entry>    
	<entry id="phantom+str_block_combat_retreat_depressed"><![CDATA[撤退？到哪？]]></entry>    
	<entry id="phantom+str_block_combat_retreat_depressed"><![CDATA[一切都结束了。我们必须为名册上新来的、更好的英雄腾出空间。]]></entry>    
	<entry id="phantom+str_block_combat_retreat_masochistic"><![CDATA[这里流得血还不够多！]]></entry>    
	<entry id="phantom+str_block_combat_retreat_masochistic"><![CDATA[你什么意思？我才刚刚开始！]]></entry>    
	<entry id="phantom+str_block_combat_retreat_irrational"><![CDATA[我的烤炉还没熄火！]]></entry>    
	<entry id="phantom+str_block_combat_retreat_irrational"><![CDATA[为什么要离开？这是观星的最佳地点！]]></entry>    
	<entry id="phantom+str_comment_self_hit_fearful"><![CDATA[不要这样！别再这样了！]]></entry>    
	<entry id="phantom+str_comment_self_hit_fearful"><![CDATA[到底怎样……？他们怎么抓到我的？！]]></entry>    
	<entry id="phantom+str_comment_self_hit_paranoid"><![CDATA[我拒绝因为你们这些人而倒下！]]></entry>    
	<entry id="phantom+str_comment_self_hit_paranoid"><![CDATA[我能闻到背叛的味道！我的愤怒是无止境的！]]></entry>   
	<entry id="phantom+str_comment_self_hit_selfish"><![CDATA[队伍！我的队伍呢？！我需要治疗！]]></entry>    
	<entry id="phantom+str_comment_self_hit_selfish"><![CDATA[我帮你擦了无数次的屁股！感激之情在哪里？]]></entry>    
	<entry id="phantom+str_comment_self_hit_masochistic"><![CDATA[终于！你抓住我了！现在再来一次！]]></entry>    
	<entry id="phantom+str_comment_self_hit_masochistic"><![CDATA[试着再攻击我脸的另一边！以保持平衡！]]></entry>    
	<entry id="phantom+str_comment_self_hit_irrational"><![CDATA[蝗虫们会从我的伤口深处冒出来的！]]></entry>    
	<entry id="phantom+str_comment_self_hit_irrational"><![CDATA[你在玩弄西方王位的继承人！我必须要夺权！]]></entry>    
	<entry id="phantom+str_comment_self_missed_fearful"><![CDATA[是运气还是一次命运的把戏？]]></entry>    
	<entry id="phantom+str_comment_self_missed_fearful"><![CDATA[我们拖得越久情况就越糟！]]></entry>    
	<entry id="phantom+str_comment_self_missed_paranoid"><![CDATA[哈！好在计划阴谋的人是一群外行！]]></entry>    
	<entry id="phantom+str_comment_self_missed_paranoid"><![CDATA[我明白了，数量大于质量！]]></entry>    
	<entry id="phantom+str_comment_self_missed_masochistic"><![CDATA[哦，看在光明的份上！]]></entry>    
	<entry id="phantom+str_comment_self_missed_masochistic"><![CDATA[我看出来了你喜欢戏弄他人……！]]></entry>    
	<entry id="phantom+str_comment_self_missed_irrational"><![CDATA[啊，变化之风！]]></entry>    
	<entry id="phantom+str_comment_self_missed_irrational"><![CDATA[你更愿意见到哪个？一位幻影还是一个外星人？]]></entry>    
	<entry id="phantom+str_comment_ally_attack_hit_selfish"><![CDATA[低于平均水平，但至少现在有人可以了结它了，我想。]]></entry>    
	<entry id="phantom+str_comment_ally_attack_hit_selfish"><![CDATA[啊是的，别客气。因为，你知道，他们是被我干扰的。]]></entry>    
	<entry id="phantom+str_comment_ally_attack_hit_abusive"><![CDATA[只是一点擦伤，但至少你打中了正确的地方。]]></entry>    
	<entry id="phantom+str_comment_ally_attack_hit_abusive"><![CDATA[那完全是瞎猫碰到死耗子，你知道的。]]></entry>    
	<entry id="phantom+str_comment_ally_attack_hit_irrational"><![CDATA[哦等等，我们在做目标练习吗？!]]></entry>    
	<entry id="phantom+str_comment_ally_attack_hit_irrational"><![CDATA[不！用本书来扇他们！“教育”一下恶棍们！]]></entry>    
	<entry id="phantom+str_comment_ally_attack_missed_fearful"><![CDATA[……！]]></entry>    
	<entry id="phantom+str_comment_ally_attack_missed_fearful"><![CDATA[这是一次预兆！注意点！]]></entry>    
	<entry id="phantom+str_comment_ally_missed_paranoid"><![CDATA[这攻击是如此明显地表明你们的勾结。]]></entry>    
	<entry id="phantom+str_comment_ally_missed_paranoid"><![CDATA[我知道到底发生了什么。]]></entry>    
	<entry id="phantom+str_comment_ally_attack_missed_abusive"><![CDATA[你就是这样死去的。]]></entry>    
	<entry id="phantom+str_comment_ally_attack_missed_abusive"><![CDATA[其他人也是那样死的。]]></entry>    
	<entry id="phantom+str_comment_ally_attack_missed_selfish"><![CDATA[你们稍后都可以为你们的生命感谢我。]]></entry>    
	<entry id="phantom+str_comment_ally_attack_missed_selfish"><![CDATA[注意站姿！注意力不集中！你没在看我吗？]]></entry>    
	<entry id="phantom+str_comment_ally_attack_missed_irrational"><![CDATA[烧掉鸟巢！全都烧了吧！]]></entry>    
	<entry id="phantom+str_comment_ally_attack_missed_irrational"><![CDATA[风现在正吹向相反的方向！]]></entry>    
	<entry id="phantom+str_comment_ally_hit_fearful"><![CDATA[别告诉我你的腿也让你失望了？！]]></entry>   
	<entry id="phantom+str_comment_ally_hit_fearful"><![CDATA[我无法把任何人的尸体拖回哈姆雷特！]]></entry>    
	<entry id="phantom+str_comment_ally_hit_paranoid"><![CDATA[哦，现在你假装是敌人了……好啊。]]></entry>    
	<entry id="phantom+str_comment_ally_hit_paranoid"><![CDATA[……请用攻击对方一点，以免某一方失去知觉。]]></entry>    
	<entry id="phantom+str_comment_ally_hit_masochistic"><![CDATA[哇，真是个幸运的家伙！]]></entry>    
	<entry id="phantom+str_comment_ally_hit_masochistic"><![CDATA[我能听到天使在敬畏地歌唱！他们要是在我身边就好了！]]></entry>    
	<entry id="phantom+str_comment_ally_hit_abusive"><![CDATA[淘汰弱者，我懂了。]]></entry>    
	<entry id="phantom+str_comment_ally_hit_abusive"><![CDATA[聪明点，他们能看出容易的猎物。]]></entry>    
	<entry id="phantom+str_comment_ally_hit_irrational"><![CDATA[嘿！我命令你不要被击中！否则你就完了！]]></entry>    
	<entry id="phantom+str_comment_ally_hit_irrational"><![CDATA[呱，呱！乌鸦靠近了！]]></entry>    
	<entry id="phantom+str_comment_ally_missed_fearful"><![CDATA[为什么我觉得他们攻击我的时候不会失手？]]></entry>    
	<entry id="phantom+str_comment_ally_missed_fearful"><![CDATA[他们冲着我来的时候一定会瞄得更准的！]]></entry>    
	<entry id="phantom+str_comment_ally_missed_irrational"><![CDATA[我晚上会和自己说话，因为我忘不了！]]></entry>    
	<entry id="phantom+str_comment_ally_missed_irrational"><![CDATA[啊是的，我看到你也被选中了！]]></entry>    
	<entry id="phantom+str_block_move_fearful"><![CDATA[不！我在这里很好！]]></entry>    
	<entry id="phantom+str_block_move_fearful"><![CDATA[去问别人，我只是在让自己站稳了！]]></entry>   
	<entry id="phantom+str_block_move_paranoid"><![CDATA[……你知道我的答案。]]></entry>    
	<entry id="phantom+str_block_move_paranoid"><![CDATA[从现在起我会直接无视你。]]></entry>   
	<entry id="phantom+str_block_move_masochistic"><![CDATA[错失一次良好的被攻击机会？我想还是不要了。]]></entry>    
	<entry id="phantom+str_block_move_masochistic"><![CDATA[这是我的地盘！它是为我和我的血做的。]]></entry>    
	<entry id="phantom+str_block_move_abusive"><![CDATA[哼……]]></entry>   
	<entry id="phantom+str_block_move_abusive"><![CDATA[闭嘴然后让我办事！]]></entry>   
	<entry id="phantom+str_block_move_irrational"><![CDATA[哦这是某种游戏吗？先告诉我规则吧。]]></entry>    
	<entry id="phantom+str_block_move_irrational"><![CDATA[我看到我回到城堡了！]]></entry>    
	<entry id="phantom+str_block_move_irrational"><![CDATA[恐怕，没有阳光是给我的！不，不我只是有白化病！]]></entry>    
	<entry id="phantom+str_block_item_paranoid"><![CDATA[这变的真的很累，真的很快。]]></entry>   
	<entry id="phantom+str_block_item_paranoid"><![CDATA[很明显你的行为对我毫无意义！]]></entry>   
	<entry id="phantom+str_block_item_masochistic"><![CDATA[那要取决于，你是不是会打我？]]></entry>   
	<entry id="phantom+str_block_item_masochistic"><![CDATA[一个新的伤口抵得上一千个绷带！]]></entry>    
	<entry id="phantom+str_block_item_depressed"><![CDATA[哈，你的行为是高尚的，但他们并不会帮助我。]]></entry>    
	<entry id="phantom+str_block_item_depressed"><![CDATA[让这变成对我自己的一次考研吧。省省你的力气吧。]]></entry>   
	<entry id="phantom+str_block_item_irrational"><![CDATA[阴影不会使用道具，蠢货！]]></entry>    
	<entry id="phantom+str_block_item_irrational"><![CDATA[一派胡言！鬼魂才不会陷入疾病！]]></entry>   
	<entry id="phantom+str_block_heal_paranoid"><![CDATA[你以为我没有意识到你的意图？]]></entry>   
	<entry id="phantom+str_block_heal_paranoid"><![CDATA[我知道如何治疗我自己，管好你自己的事！]]></entry>   
	<entry id="phantom+str_block_heal_paranoid"><![CDATA[你以为一个每天使用毒液的人会认不出来毒液？]]></entry>   
	<entry id="phantom+str_block_heal_masochistic"><![CDATA[请再多等一小会，求你了！]]></entry>   
	<entry id="phantom+str_block_heal_masochistic"><![CDATA[我很欣赏这个手势，但这种感觉是神圣的！]]></entry>    
	<entry id="phantom+str_block_heal_masochistic"><![CDATA[让我再多玩几轮，好吗？]]></entry>    
	<entry id="phantom+str_block_heal_depressed"><![CDATA[对天赋的一次浪费，真的。]]></entry>   
	<entry id="phantom+str_block_heal_depressed"><![CDATA[让我受苦吧，这是罪有应得的。]]></entry>   
	<entry id="phantom+str_block_heal_depressed"><![CDATA[不要为了自嘲的权利而逼着我的刀刃朝向于你。]]></entry>    
	<entry id="phantom+str_block_heal_irrational"><![CDATA[嘘，嘘！你的光芒会暴露我的位置！]]></entry>    
	<entry id="phantom+str_block_heal_irrational"><![CDATA[什么？我已经吃饭过了！]]></entry>    
	<entry id="phantom+str_block_heal_irrational"><![CDATA[低语之人的低语无需听者！]]></entry>   
	<entry id="phantom+str_block_buff_paranoid"><![CDATA[我说过了不！]]></entry>   
	<entry id="phantom+str_block_buff_paranoid"><![CDATA[下次，我用匕首堵上你的嘴。]]></entry>   
	<entry id="phantom+str_block_buff_paranoid"><![CDATA[……滚吧！]]></entry>   
	<entry id="phantom+str_block_buff_masochistic"><![CDATA[我拒绝！一场斗争越有挑战性，造成的伤口就越令人满意！]]></entry>    
	<entry id="phantom+str_block_buff_masochistic"><![CDATA[没有他们我也很好，玩得开心！]]></entry>   
	<entry id="phantom+str_block_buff_masochistic"><![CDATA[我的血被污染了，而且必须被驱逐出我的身体！]]></entry>   
	<entry id="phantom+str_block_buff_depressed"><![CDATA[别管我，去帮别人！]]></entry>   
	<entry id="phantom+str_block_buff_depressed"><![CDATA[……请别管我。]]></entry>   
	<entry id="phantom+str_block_buff_depressed"><![CDATA[难道就不能让一个人在他们的黑暗之中独自思考吗？]]></entry>   
	<entry id="phantom+str_block_buff_irrational"><![CDATA[离酒远点！还有果汁！]]></entry>    
	<entry id="phantom+str_block_buff_irrational"><![CDATA[我已经是一个复杂的人了！我再也不需要超过一个人承受能力的打击了！]]></entry>   
	<entry id="phantom+str_block_buff_irrational"><![CDATA[如果我们掌握了群星，我们就掌握了不朽！]]></entry>   
	<entry id="phantom+str_critbyhero"><![CDATA[惊讶吗？]]></entry>   
	<entry id="phantom+str_critbyhero"><![CDATA[下次睁大你的眼睛！]]></entry>   
	<entry id="phantom+str_critbyhero"><![CDATA[哼，可惜你又眨眼了！]]></entry>   
	<entry id="phantom+str_critbyhero"><![CDATA[别介意刺痛感，这意施洗正在进行。]]></entry>   
	<entry id="phantom+str_critbyhero"><![CDATA[你可以逃跑，你可以躲藏，你可以祈祷……但我会把你砍到。]]></entry>   
	<entry id="phantom+str_critbyhero"><![CDATA[我就是晨星！]]></entry>   
	<entry id="phantom+str_critbyhero"><![CDATA[人们对未知的恐惧是有原因的！]]></entry>   
	<entry id="phantom+str_critbyhero"><![CDATA[嘿……洗礼进行中。]]></entry>   
	<entry id="phantom+str_critbyhero"><![CDATA[真是一个受到诅咒的可怕之夜！]]></entry>   
	<entry id="phantom+str_critbyhero"><![CDATA[不该把脖子暴露出来的。]]></entry> 
	<entry id="phantom+str_block_camping_skill_performer_fearful"><![CDATA[不！离我远点！我需要……独处！]]></entry>    
	<entry id="phantom+str_block_camping_skill_performer_fearful"><![CDATA[在我能帮助你之前请允许我先帮助我自己！]]></entry>    
	<entry id="phantom+str_block_camping_skill_performer_fearful"><![CDATA[别管我！我现在帮不了你……]]></entry>    
	<entry id="phantom+str_block_camping_skill_performer_paranoid"><![CDATA[即使在那一切发生之后你要还坚持吗？滚开！]]></entry>    
	<entry id="phantom+str_block_camping_skill_performer_paranoid"><![CDATA[哦，现在你又需要我的帮助了？呸！]]></entry>    
	<entry id="phantom+str_block_camping_skill_performer_paranoid"><![CDATA[你可以一直猜测我的把戏，跟别人分享就没有乐趣了。]]></entry>    
	<entry id="phantom+str_block_camping_skill_performer_masochistic"><![CDATA[你有连枷可以分享吗？]]></entry>    
	<entry id="phantom+str_block_camping_skill_performer_masochistic"><![CDATA[嗯，我可以找个训练搭档而不是……]]></entry>    
	<entry id="phantom+str_block_camping_skill_performer_masochistic"><![CDATA[当一个人需要毒蛇的时候，它们又在哪里？！]]></entry>    
	<entry id="phantom+str_block_camping_skill_performer_abusive"><![CDATA[对你这样的人来说那太费劲了。]]></entry>    
	<entry id="phantom+str_block_camping_skill_performer_abusive"><![CDATA[试着处理自己事情……就这一次，在你的生命中。]]></entry>    
	<entry id="phantom+str_block_camping_skill_performer_abusive"><![CDATA[拒绝帮忙可能会让人不悦，但嘿，我不是圣人。]]></entry>    
	<entry id="phantom+str_block_camping_skill_performer_selfish"><![CDATA[你破坏了我的注意力。]]></entry>    
	<entry id="phantom+str_block_camping_skill_performer_selfish"><![CDATA[你需要更多的帮助吗？从我这里？英雄需要休息了！]]></entry>    
	<entry id="phantom+str_block_camping_skill_performer_selfish"><![CDATA[除非你把收入的35%都捐给教堂。]]></entry>    
	<entry id="phantom+str_block_camping_skill_performer_depressed"><![CDATA[搞得和这能有什么帮助一样……]]></entry>    
	<entry id="phantom+str_block_camping_skill_performer_depressed"><![CDATA[我曾做过可怕的事……我被教会愚弄了吗……？]]></entry>    
	<entry id="phantom+str_block_camping_skill_performer_depressed"><![CDATA[为什么要向一位失败者寻求帮助？]]></entry>    
	<entry id="phantom+str_block_camping_skill_performer_irrational"><![CDATA[他们不知道的是……我对火刑柱免疫！]]></entry>    
	<entry id="phantom+str_block_camping_skill_performer_irrational"><![CDATA[我是最凶残的鬼魂！]]></entry>    
	<entry id="phantom+str_block_camping_skill_performer_irrational"><![CDATA[哈哈……哈哈哈，哦什么？我现在太忙了！]]></entry>    
	<entry id="phantom+str_block_camping_skill_target_paranoid"><![CDATA[然后让我中毒到无可救药？]]></entry>    
	<entry id="phantom+str_block_camping_skill_target_paranoid"><![CDATA[我对付的蛇都比你还厉害！]]></entry>    
	<entry id="phantom+str_block_camping_skill_target_paranoid"><![CDATA[别在和我唠叨了，我把你看得一清二楚了。]]></entry>    
	<entry id="phantom+str_block_camping_skill_target_masochistic"><![CDATA[我不如去承受烧红的烙铁。]]></entry>    
	<entry id="phantom+str_block_camping_skill_target_masochistic"><![CDATA[不，根本不行！但也别想对我两肋三刀！]]></entry>    
	<entry id="phantom+str_block_camping_skill_target_masochistic"><![CDATA[我想重温一下我的半张脸被撕碎的痛苦，好吗？]]></entry>    
	<entry id="phantom+str_block_camping_skill_target_abusive"><![CDATA[你想让我相信你的“技能”？就在那些拙劣的展示之后？]]></entry>    
	<entry id="phantom+str_block_camping_skill_target_abusive"><![CDATA[不了，谢谢。我对无能者过敏。]]></entry>    
	<entry id="phantom+str_block_camping_skill_target_abusive"><![CDATA[你会玷污我长袍上的神圣，走开！]]></entry>    
	<entry id="phantom+str_block_camping_skill_target_depressed"><![CDATA[别为我担心。我被诅咒而无法得到救赎。]]></entry>    
	<entry id="phantom+str_block_camping_skill_target_depressed"><![CDATA[你应该把你的才能留给真正的人类。]]></entry>    
	<entry id="phantom+str_block_camping_skill_target_depressed"><![CDATA[别管我了。如果你知道我面罩下的是什么……]]></entry>    
	<entry id="phantom+str_block_camping_meal_paranoid"><![CDATA[哼！我能闻到毒药的味道！]]></entry>    
	<entry id="phantom+str_block_camping_meal_paranoid"><![CDATA[多么奇怪的秘密成分！哈，我以前也那样做过。]]></entry>    
	<entry id="phantom+str_block_camping_meal_masochistic"><![CDATA[斋戒是力量的一部分！]]></entry>    
	<entry id="phantom+str_block_camping_meal_masochistic"><![CDATA[当痛苦是来自内脏的时候感觉真是好多了，太棒了！]]></entry>    
	<entry id="phantom+str_block_camping_meal_depressed"><![CDATA[看起来不错，但我没那心情。]]></entry>    
	<entry id="phantom+str_block_camping_meal_depressed"><![CDATA[你可以和我分享。]]></entry>    
	<entry id="phantom+str_block_camping_meal_irrational"><![CDATA[这里面有只蚊子！你头上有只虱子！]]></entry>    
	<entry id="phantom+str_block_camping_meal_irrational"><![CDATA[我能闻到里面的血味！我现在的饮食要求低铁含量！]]></entry>
  </language>
</root>