﻿<?xml version="1.0" encoding="UTF-8"?>
<root>
<language id="schinese">
 

<!--Quirk---------------------------------------------------------------------------------------------------------------->	
	<!--Names-->	
	<entry id="str_quirk_name_VV_quirk_0"><![CDATA[诅咒伤疤]]></entry>
	<entry id="str_quirk_name_VV_quirk_1"><![CDATA[{colour_start|voivode_colour}暗裔初生{colour_end}]]></entry>
	<entry id="str_quirk_name_VV_quirk_2"><![CDATA[{colour_start|voivode_colour}暗裔{colour_end}]]></entry>
	<entry id="str_quirk_name_VV_quirk_Rage"><![CDATA[{colour_start|voivode_colour}暗裔——狂暴{colour_end}]]></entry>
	<entry id="str_quirk_name_vv_quirk_light"><![CDATA[{colour_start|voivode_colour}暗裔初生{colour_end}——{colour_start|wos_rarity}净化{colour_end}]]></entry>
	<!--Enter Quirk Popup-->	
	<entry id="str_ui_entering_VV_quirk_0"><![CDATA[{colour_start|wos_rarity}净化{colour_end}]]></entry>
	<entry id="str_ui_entering_VV_quirk_1"><![CDATA[暗裔初生]]></entry>
	<entry id="str_ui_entering_VV_quirk_2"><![CDATA[暗裔]]></entry>
	<entry id="str_ui_entering_VV_quirk_Rage"><![CDATA[狂暴]]></entry>
	<entry id="str_ui_entering_vv_quirk_light"><![CDATA[暗裔初生——{colour_start|wos_rarity}净化{colour_end}]]></entry>
	<!--Rooster Text-->	
    <entry id="str_roster_quirk_transition_VV_quirk_0"><![CDATA[{colour_start|notable}{?hero_name}%s{colour_end}从{colour_start|wos_rarity}净化{colour_end}之中活了下来并不再是一位{colour_start|voivode_colour}暗裔初生{colour_end}了。一道漆黑的伤疤留了下来……]]></entry>
    <entry id="str_roster_quirk_transition_vv_quirk_light"><![CDATA[{colour_start|notable}{?hero_name}%s{colour_end}从{colour_start|notable}净化{colour_end}之中活了下来并不再是一位{colour_start|voivode_colour}暗裔初生{colour_end}了。一道漆黑的伤疤留了下来……]]></entry>
    <entry id="str_roster_quirk_transition_VV_quirk_1"><![CDATA[{colour_start|notable}{?hero_name}%s{colour_end}完成了他们的转变并成为了一个夜行生物，一个捕食者。一个声名狼藉的{colour_start|voivode_colour}暗裔{colour_end}]]></entry>
	<entry id="str_roster_quirk_transition_VV_quirk_2"><![CDATA[{colour_start|notable}{?hero_name}%s{colour_end}完成了他们的转变并成为了一个夜行生物，一个捕食者。一个声名狼藉的{colour_start|voivode_colour}暗裔{colour_end}]]></entry>
	<entry id="str_roster_quirk_transition_VV_quirk_Rage"><![CDATA[{colour_start|notable}{?hero_name}%s{colour_end}冷静了下来并且不再{colour_start|voivode_colour}狂暴{colour_end}]]></entry>
	
<!--Flavour Description-->	
	<entry id="str_quirk_description_VV_quirk_0"><![CDATA[免疫{colour_start|voivode_colour}暗裔初生{colour_end}
{colour_start|voivode_colour}“漆黑的伤疤。对净化的驱邪仪式的残酷提醒。”{colour_end}]]></entry>
	
	<entry id="str_quirk_description_vv_quirk_light"><![CDATA[{colour_start|wos_rarity}火把亮度{colour_end}越高结束越快
{colour_start|wos_rarity}“清除邪秽腐化的危险驱邪仪式。”{colour_end}]]></entry>
	
	<entry id="str_quirk_description_VV_quirk_1"><![CDATA[随时间进化为{colour_start|voivode_colour}暗裔{colour_end}
在{colour_start|voivode_colour}Darkness{colour_end}中进化的更快
在教堂获得更少的{colour_start|stress}压力{colour_end}治疗
{colour_start|voivode_colour}“一种永无止境的饥饿在他们的体内增长……”{colour_end}]]></entry>

	<entry id="str_quirk_description_VV_quirk_2"><![CDATA[进入{colour_start|voivode_colour}狂暴{colour_end} 在100{colour_start|voivode_colour}黑暗{colour_end}时
不会在教堂获得{colour_start|stress}压力{colour_end}治疗
{colour_start|voivode_colour}“退却于光，所容于夜。”{colour_end}]]></entry>
	
	<entry id="str_quirk_description_VV_quirk_Rage"><![CDATA[一种盲目的愤怒，只能以光平息
不会在教堂获得{colour_start|stress}压力{colour_end}治疗
{colour_start|voivode_colour}“没有光，他们的本性就将显露出来。”{colour_end}]]></entry>

<!--Curio Cravings-->	
	<entry id="Curio Tag: +36% chance of interacting with worship curios"><![CDATA[对神圣器物的强烈渴望]]></entry>
	<entry id="Curio Tag: +16% chance of interacting with unholy curios"><![CDATA[对神秘事物的强烈渴望]]></entry>
	<entry id="Curio Tag: +36% chance of interacting with unholy curios"><![CDATA[对神秘事物的不可阻挡的渴望]]></entry>
	<entry id="Curio Tag: +36% chance of interacting with food curios"><![CDATA[对食物的不可阻挡的渴望]]></entry>
	
<!--Tooltips-->
	<!--Evolution Duration-->
	<entry id="buff_stat_tooltip_quirk_tag_evolution_duration_Cleansing_of_Darkness"><![CDATA[%+d回合持续时间]]></entry>
	<entry id="buff_stat_tooltip_quirk_tag_evolution_duration_Quirk_of_Darkness"><![CDATA[进化得更快]]></entry>
	<entry id="buff_stat_tooltip_quirk_tag_evolution_duration_Quirk_of_Darkness_2"><![CDATA[%+d{colour_start|voivode_colour}暗裔初生{colour_end}进化持续时间]]></entry>
	<entry id="buff_stat_tooltip_quirk_tag_evolution_duration_Rage_of_Darkness"><![CDATA[%+d回合{colour_start|voivode_colour}狂暴{colour_end}持续时间]]></entry>
	<!--Buff Panel-->
	<entry id="buff_rule_data_tooltip_VV_quirk_Rage"><![CDATA[{colour_start|voivode_colour}狂暴{colour_end}]]></entry>
	<entry id="buff_rule_data_tooltip_VV_quirk_2"><![CDATA[{colour_start|voivode_colour}暗裔{colour_end}]]></entry>
	<entry id="buff_rule_data_tooltip_VV_quirk_1"><![CDATA[{colour_start|voivode_colour}暗裔初生{colour_end}]]></entry>
	<entry id="buff_rule_data_tooltip_vv_quirk_light"><![CDATA[{colour_start|wos_rarity}净化{colour_end}]]></entry>
	
<!--Barks---------------------------------------------------------------------------------------------------------------->	
<!--Cleansing Barks-->
	
	<!--Initiate cleansing by Holy water-->
	<entry id="quirk_transition_VV_quirk_1_to_vv_quirk_light"><![CDATA[{colour_start|voivode_colour}啊啊啊！！！我的皮肤在燃烧！{colour_end}]]></entry>
	<entry id="quirk_transition_VV_quirk_1_to_vv_quirk_light"><![CDATA[{colour_start|voivode_colour}*咳血*
	为什么？为什么你想让我陷入痛苦之中？{colour_end}]]></entry>
	<entry id="quirk_transition_VV_quirk_1_to_vv_quirk_light"><![CDATA[{colour_start|voivode_colour}哇啊啊烧起来了！我在燃烧！{colour_end}]]></entry>
	<entry id="quirk_transition_VV_quirk_1_to_vv_quirk_light"><![CDATA[{colour_start|voivode_colour}啊啊啊啊呃呃！它在我的灵魂之中燃烧！{colour_end}]]></entry>
	<entry id="quirk_transition_VV_quirk_1_to_vv_quirk_light"><![CDATA[{colour_start|voivode_colour}嘶啊啊呃！！！我的皮肤融化了！{colour_end}]]></entry>
	<entry id="quirk_transition_VV_quirk_1_to_vv_quirk_light"><![CDATA[{colour_start|voivode_colour}呃呃！它在燃烧！你为什么要这样对我！{colour_end}]]></entry>
	<entry id="quirk_transition_VV_quirk_1_to_vv_quirk_light"><![CDATA[{colour_start|voivode_colour}哇啊啊啊你为什么要把圣水倒在我身上，蠢货！ 
	我在燃烧！{colour_end}]]></entry>
	<entry id="quirk_transition_VV_quirk_1_to_vv_quirk_light"><![CDATA[{colour_start|voivode_colour}哇啊啊啊啊呃呃吼吼！？！
	*在痛苦中挣扎*{colour_end}]]></entry>
	
	<!--Cleansing Ends-->
	<entry id="quirk_transition_vv_quirk_light_to_VV_quirk_0"><![CDATA[{colour_start|virtue}终于，噩梦结束了。{colour_end}]]></entry>
	<entry id="quirk_transition_vv_quirk_light_to_VV_quirk_0"><![CDATA[{colour_start|virtue}……我本不……认为我能从这之中活下来的*咳血*……{colour_end}]]></entry>
	<entry id="quirk_transition_vv_quirk_light_to_VV_quirk_0"><![CDATA[{colour_start|virtue}黑暗的面纱被揭开了。我又能看到光明了。{colour_end}]]></entry>
	<entry id="quirk_transition_vv_quirk_light_to_VV_quirk_0"><![CDATA[{colour_start|virtue}一道黑暗的伤疤留了下来……{colour_end}]]></entry>
	<entry id="quirk_transition_vv_quirk_light_to_VV_quirk_0"><![CDATA[{colour_start|virtue}我的生命伤痕累累……{colour_end}]]></entry>
	<entry id="quirk_transition_vv_quirk_light_to_VV_quirk_0"><![CDATA[{colour_start|virtue}一道黑暗的印记烙印在我的肉体上，骇人地提醒着我所受的净化。{colour_end}]]></entry>
	<entry id="quirk_transition_vv_quirk_light_to_VV_quirk_0"><![CDATA[{colour_start|virtue}黑暗的牧羊人再也不能驱使我了！{colour_end}]]></entry>
	
	<!--Antivenom is used-->
	<entry id="VV_holywater_cleansing_bark_antivenom"><![CDATA[{colour_start|voivode_colour}它不能净化邪秽之毒！{colour_end}]]></entry>
	<entry id="VV_holywater_cleansing_bark_antivenom"><![CDATA[{colour_start|voivode_colour}这凡间的药剂不能帮助净化。{colour_end}]]></entry>
	<entry id="VV_holywater_cleansing_bark_antivenom"><![CDATA[{colour_start|voivode_colour}药物不会有用的。它只能减轻痛苦。{colour_end}]]></entry>
	
	<!--Laudanum is used-->
	<entry id="VV_holywater_cleansing_bark_laudanum"><![CDATA[{colour_start|voivode_colour}它不能消除恐惧，却能抚慰心智。{colour_end}]]></entry>
	<entry id="VV_holywater_cleansing_bark_laudanum"><![CDATA[{colour_start|voivode_colour}它有所帮助，但并不能阻止内在的恐惧。{colour_end}]]></entry>
	<entry id="VV_holywater_cleansing_bark_laudanum"><![CDATA[{colour_start|voivode_colour}任何凡间的药物都不能缓解不朽的恐惧！{colour_end}]]></entry>
	
	<!--Cleansing ends by Unholy chalice-->
	<entry id="quirk_transition_vv_quirk_light_to_VV_quirk_1"><![CDATA[{colour_start|voivode_colour}我无法抗拒……{colour_end}]]></entry>
	<entry id="quirk_transition_vv_quirk_light_to_VV_quirk_1"><![CDATA[{colour_start|voivode_colour}啊啊啊哈！！！好多了！{colour_end}]]></entry>
	<entry id="quirk_transition_vv_quirk_light_to_VV_quirk_1"><![CDATA[{colour_start|voivode_colour}回归黑暗面。{colour_end}]]></entry>
	<entry id="quirk_transition_vv_quirk_light_to_VV_quirk_1"><![CDATA[{colour_start|voivode_colour}黑暗能减轻痛苦。{colour_end}]]></entry>
	<entry id="quirk_transition_vv_quirk_light_to_VV_quirk_1"><![CDATA[{colour_start|voivode_colour}哈哈哈哈哈！！你以为你能让我改邪归正？
	绝不！我属于黑暗！{colour_end}]]></entry>
	<entry id="quirk_transition_vv_quirk_light_to_VV_quirk_1"><![CDATA[{colour_start|voivode_colour}别再把圣水泼到我身上了白痴！{colour_end}]]></entry>
	<entry id="quirk_transition_vv_quirk_light_to_VV_quirk_1"><![CDATA[{colour_start|voivode_colour}谁把圣水洒在我身上的！？
	我要把你的双眼给挖出来！{colour_end}]]></entry>
	
	<!--Holy water is used-->
	<entry id="VV_holywater_cleansing_bark_0"><![CDATA[{colour_start|voivode_colour}更多更多更多！ 
	把它泼到我身！！！快点！！！{colour_end}]]></entry>
	<entry id="VV_holywater_cleansing_bark_0"><![CDATA[{colour_start|voivode_colour}它在燃烧！ 
	啊啊呃，我的皮肤在融化！{colour_end}]]></entry>
	<entry id="VV_holywater_cleansing_bark_0"><![CDATA[{colour_start|voivode_colour}更多圣水！快点！！！
	进化这黑暗！{colour_end}]]></entry>
	<entry id="VV_holywater_cleansing_bark_0"><![CDATA[{colour_start|voivode_colour}它灼伤了我的肉体，但平复了我的灵魂！{colour_end}]]></entry>
	<entry id="VV_holywater_cleansing_bark_0"><![CDATA[{colour_start|voivode_colour}亲爱的主啊，求您快精华我，我再也不会背弃您了！{colour_end}]]></entry>
	<entry id="VV_holywater_cleansing_bark_0"><![CDATA[{colour_start|voivode_colour}它直接烧着我的灵魂！{colour_end}]]></entry>

<!--Darkbrood Barks-->

	<!--Become darkbrood by Chalice-->
	<entry id="become_darkbrood_bark"><![CDATA[{colour_start|voivode_colour}黑暗栖息在我的体内！{colour_end}]]></entry>
	<entry id="become_darkbrood_bark"><![CDATA[{colour_start|voivode_colour}哦主人，吾将服从汝！{colour_end}]]></entry>
	<entry id="become_darkbrood_bark"><![CDATA[{colour_start|voivode_colour}我已脱胎换骨……{colour_end}]]></entry>
	<entry id="become_darkbrood_bark"><![CDATA[{colour_start|voivode_colour}主人，汝之言即吾之令！{colour_end}]]></entry>
	<entry id="become_darkbrood_bark"><![CDATA[{colour_start|voivode_colour}我品尝到了永恒的黑暗！现在我看清了圣火谎言之下的真相！{colour_end}]]></entry>
	<entry id="become_darkbrood_bark"><![CDATA[{colour_start|voivode_colour}我的生命毫无自由！
	所以我并非永生！{colour_end}]]></entry>
	<entry id="become_darkbrood_bark"><![CDATA[{colour_start|voivode_colour}我感觉到了冲动……我得屈服了！{colour_end}]]></entry>
	<entry id="become_darkbrood_bark"><![CDATA[{colour_start|voivode_colour}啊哈啊啊啊啊啊哈！！！{colour_end}]]></entry>
	<entry id="become_darkbrood_bark"><![CDATA[{colour_start|voivode_colour}*在痛苦中喘不过气来*
	嘶啊啊哈？！发生了……什么？！{colour_end}]]></entry>
	<entry id="become_darkbrood_bark"><![CDATA[{colour_start|voivode_colour}我的——我的心脏停跳了一会吗？
	我感觉体内好冷……{colour_end}]]></entry>
	<entry id="become_darkbrood_bark"><![CDATA[{colour_start|voivode_colour}凡人已被我甩在身后……
	我变成了某种超越凡人的东西！{colour_end}]]></entry>
	<entry id="become_darkbrood_bark"><![CDATA[{colour_start|voivode_colour}我能听到一个声音……
	在我的脑海最深处低语！{colour_end}]]></entry>
	<entry id="become_darkbrood_bark"><![CDATA[{colour_start|voivode_colour}我能感觉到饥饿……
	这无尽的饥饿！{colour_end}]]></entry>
	<entry id="become_darkbrood_bark"><![CDATA[{colour_start|voivode_colour}我变成了什么？
	我本不应该屈服的！{colour_end}]]></entry>
	<entry id="become_darkbrood_bark"><![CDATA[{colour_start|voivode_colour}*咳血*发生……
	发生了什么……*咳血*{colour_end}]]></entry>
	

	<!--Devolve to darkbrood by Holy water-->
	<entry id="quirk_transition_VV_quirk_2_to_VV_quirk_1"><![CDATA[{colour_start|voivode_colour}啊啊啊啊呃！它在燃烧！{colour_end}]]></entry>
	<entry id="quirk_transition_VV_quirk_2_to_VV_quirk_1"><![CDATA[{colour_start|voivode_colour}这神圣的药剂可以清除腐化！更多！！！{colour_end}]]></entry>
	<entry id="quirk_transition_VV_quirk_2_to_VV_quirk_1"><![CDATA[{colour_start|voivode_colour}啊啊呃我的皮肤！！！你为什么要这样做！？{colour_end}]]></entry>
	<entry id="quirk_transition_VV_quirk_2_to_VV_quirk_1"><![CDATA[{colour_start|voivode_colour}啊啊呃我的皮肤！！！你为什么要这样做！？
	别再往我身上泼圣水了！{colour_end}]]></entry>
	<entry id="quirk_transition_VV_quirk_2_to_VV_quirk_1"><![CDATA[{colour_start|voivode_colour}呃啊啊！我怎么了？！
	我变成了一头怪物！{colour_end}]]></entry>
	<entry id="quirk_transition_VV_quirk_2_to_VV_quirk_1"><![CDATA[{colour_start|voivode_colour}嘶啊啊额*咳嗽*……{colour_end}]]></entry>
	<entry id="quirk_transition_VV_quirk_2_to_VV_quirk_1"><![CDATA[{colour_start|voivode_colour}呃啊啊圣水在燃烧！
	更多地使用它就可以清除我体内的腐化！{colour_end}]]></entry>
	
	<!--Evolve to Darkspawn-->
	<entry id="quirk_transition_VV_quirk_1_to_VV_quirk_2"><![CDATA[{colour_start|voivode_colour}黑夜在我的体内滋生！{colour_end}]]></entry>
	<entry id="quirk_transition_VV_quirk_1_to_VV_quirk_2"><![CDATA[{colour_start|voivode_colour}黑暗流淌在我的血管之中！{colour_end}]]></entry>
	<entry id="quirk_transition_VV_quirk_1_to_VV_quirk_2"><![CDATA[{colour_start|voivode_colour}终于！现在我变成了完全体！{colour_end}]]></entry>
	<entry id="quirk_transition_VV_quirk_1_to_VV_quirk_2"><![CDATA[{colour_start|voivode_colour}我能听到主人的召唤。是时候饱餐一顿了。{colour_end}]]></entry>
	<entry id="quirk_transition_VV_quirk_1_to_VV_quirk_2"><![CDATA[{colour_start|voivode_colour}我加入了你的行列。让宴会开始吧。{colour_end}]]></entry>
	<entry id="quirk_transition_VV_quirk_1_to_VV_quirk_2"><![CDATA[{colour_start|voivode_colour}现在我是站在黑夜这头的了！{colour_end}]]></entry>
	<entry id="quirk_transition_VV_quirk_1_to_VV_quirk_2"><![CDATA[{colour_start|voivode_colour}终于……我的死亡已被我甩在身后。{colour_end}]]></entry>
	<entry id="quirk_transition_VV_quirk_1_to_VV_quirk_2"><![CDATA[{colour_start|voivode_colour}黑暗栖息在我的体内。{colour_end}]]></entry>
	<entry id="quirk_transition_VV_quirk_1_to_VV_quirk_2"><![CDATA[{colour_start|voivode_colour}我感觉到了黑暗的脉动！{colour_end}]]></entry>
	<entry id="quirk_transition_VV_quirk_1_to_VV_quirk_2"><![CDATA[{colour_start|voivode_colour}吾即黑夜！{colour_end}]]></entry>
	<entry id="quirk_transition_VV_quirk_1_to_VV_quirk_2"><![CDATA[{colour_start|voivode_colour}主人理应下令。
	而我理应服从！{colour_end}]]></entry>
	<entry id="quirk_transition_VV_quirk_1_to_VV_quirk_2"><![CDATA[{colour_start|voivode_colour}我能听到畜群的低语……{colour_end}]]></entry>
	<entry id="quirk_transition_VV_quirk_1_to_VV_quirk_2"><![CDATA[{colour_start|voivode_colour}我已经越界了……我已没有了回头之路。{colour_end}]]></entry>
	<entry id="quirk_transition_VV_quirk_1_to_VV_quirk_2"><![CDATA[{colour_start|voivode_colour}再无人性的存在了。我已在黑暗中脱胎换骨！{colour_end}]]></entry>
	
	
	
<!--Frenzy Barks-->
	
	<!--Enter Frenzy at 0 Torch-->
	<entry id="quirk_transition_VV_quirk_2_to_VV_quirk_Rage"><![CDATA[{colour_start|voivode_colour}吾即黑夜！{colour_end}]]></entry>
	<entry id="quirk_transition_VV_quirk_2_to_VV_quirk_Rage"><![CDATA[{colour_start|voivode_colour}这黑暗！真是甜蜜而寒冷！{colour_end}]]></entry>
	<entry id="quirk_transition_VV_quirk_2_to_VV_quirk_Rage"><![CDATA[{colour_start|voivode_colour}我怎么了！？{colour_end}]]></entry>
	<entry id="quirk_transition_VV_quirk_2_to_VV_quirk_Rage"><![CDATA[{colour_start|voivode_colour}饥饿在召唤我！{colour_end}]]></entry>
	<entry id="quirk_transition_VV_quirk_2_to_VV_quirk_Rage"><![CDATA[{colour_start|voivode_colour}我无法承受这种冲动了！{colour_end}]]></entry>
	<entry id="quirk_transition_VV_quirk_2_to_VV_quirk_Rage"><![CDATA[{colour_start|voivode_colour}呃啊！！{colour_end}]]></entry>
	<entry id="quirk_transition_VV_quirk_2_to_VV_quirk_Rage"><![CDATA[{colour_start|voivode_colour}主人在命令死亡！{colour_end}]]></entry>
	<entry id="quirk_transition_VV_quirk_2_to_VV_quirk_Rage"><![CDATA[{colour_start|voivode_colour}我们将服从主人的召唤！{colour_end}]]></entry>
	<entry id="quirk_transition_VV_quirk_2_to_VV_quirk_Rage"><![CDATA[{colour_start|voivode_colour}朋友们，不要害怕黑暗，让宴会开始吧！{colour_end}]]></entry>
	<entry id="quirk_transition_VV_quirk_2_to_VV_quirk_Rage"><![CDATA[{colour_start|voivode_colour}让宴会开始吧！colour_end}]]></entry>
	<entry id="quirk_transition_VV_quirk_2_to_VV_quirk_Rage"><![CDATA[{colour_start|voivode_colour}唔啊啊啊呃哈哈哈
	*在痛苦中喘不过气来*{colour_end}]]></entry>
	<entry id="quirk_transition_VV_quirk_2_to_VV_quirk_Rage"><![CDATA[{colour_start|voivode_colour}多美的狩猎之夜啊！{colour_end}]]></entry>
	<entry id="quirk_transition_VV_quirk_2_to_VV_quirk_Rage"><![CDATA[{colour_start|voivode_colour}哈哈哈哈哈哈！
你的圣火现在又去哪里了呢？{colour_end}]]></entry>
	<entry id="quirk_transition_VV_quirk_2_to_VV_quirk_Rage"><![CDATA[{colour_start|voivode_colour}迈向黑暗！{colour_end}]]></entry>
	<entry id="quirk_transition_VV_quirk_2_to_VV_quirk_Rage"><![CDATA[{colour_start|voivode_colour}我们就是他们害怕的人！{colour_end}]]></entry>
	<entry id="quirk_transition_VV_quirk_2_to_VV_quirk_Rage"><![CDATA[{colour_start|voivode_colour}退却于光，所容于夜，
	退却于光，所容于夜……{colour_end}]]></entry>
	<entry id="quirk_transition_VV_quirk_2_to_VV_quirk_Rage"><![CDATA[{colour_start|voivode_colour}黑夜是什么颜色的？
	是血色的，我的兄弟。{colour_end}]]></entry>
	<entry id="quirk_transition_VV_quirk_2_to_VV_quirk_Rage"><![CDATA[{colour_start|voivode_colour}我听到了畜群的叫声！
	我会跟过去的！{colour_end}]]></entry>
	<entry id="quirk_transition_VV_quirk_2_to_VV_quirk_Rage"><![CDATA[{colour_start|voivode_colour}THE MASTER DEMANDS ME TO FEAST!{colour_end}]]></entry>
	
	<!--Exit Frenzy above 0 Torch-->
	<entry id="quirk_transition_VV_quirk_Rage_to_VV_quirk_2"><![CDATA[{colour_start|voivode_colour}众神再上……我变成什么了？{colour_end}]]></entry>
    <entry id="quirk_transition_VV_quirk_Rage_to_VV_quirk_2"><![CDATA[{colour_start|voivode_colour}到底……到底发生了什么？{colour_end}]]></entry>
    <entry id="quirk_transition_VV_quirk_Rage_to_VV_quirk_2"><![CDATA[{colour_start|voivode_colour}那道光……那道光灼伤了我的双眼！{colour_end}]]></entry>
    <entry id="quirk_transition_VV_quirk_Rage_to_VV_quirk_2"><![CDATA[{colour_start|voivode_colour}把那道光熄灭了！请把它熄灭！{colour_end}]]></entry>
    <entry id="quirk_transition_VV_quirk_Rage_to_VV_quirk_2"><![CDATA[{colour_start|voivode_colour}额啊啊*咳**咳*{colour_end}]]></entry>
    <entry id="quirk_transition_VV_quirk_Rage_to_VV_quirk_2"><![CDATA[{colour_start|voivode_colour}你的“圣焰”不会再拯救你了！把它熄灭吧！{colour_end}]]></entry>
    <entry id="quirk_transition_VV_quirk_Rage_to_VV_quirk_2"><![CDATA[{colour_start|voivode_colour}蠢货，你的圣焰只是一个幻觉！
黑夜才是永恒的！{colour_end}]]></entry>
    <entry id="quirk_transition_VV_quirk_Rage_to_VV_quirk_2"><![CDATA[{colour_start|voivode_colour}把你的火焰熄灭对你没有帮助！{colour_end}]]></entry>
    <entry id="quirk_transition_VV_quirk_Rage_to_VV_quirk_2"><![CDATA[{colour_start|voivode_colour}啊呃呃！……*咳**咳* 
对不起，我失礼了一小下。{colour_end}]]></entry>
    <entry id="quirk_transition_VV_quirk_Rage_to_VV_quirk_2"><![CDATA[{colour_start|voivode_colour}不管我做了什么，都不要赦免我。{colour_end}]]></entry>
    <entry id="quirk_transition_VV_quirk_Rage_to_VV_quirk_2"><![CDATA[{colour_start|voivode_colour}圣焰，给愚昧之人的虚假救赎！{colour_end}]]></entry>
    <entry id="quirk_transition_VV_quirk_Rage_to_VV_quirk_2"><![CDATA[{colour_start|voivode_colour}圣焰，绝非邪物的避难所！{colour_end}]]></entry>
    <entry id="quirk_transition_VV_quirk_Rage_to_VV_quirk_2"><![CDATA[{colour_start|voivode_colour}光明许诺了虚假的救赎。回归真相吧！{colour_end}]]></entry>
    <entry id="quirk_transition_VV_quirk_Rage_to_VV_quirk_2"><![CDATA[{colour_start|voivode_colour}光明掩盖了真相！别再盲目了，把它熄灭！{colour_end}]]></entry>

	
<!--Item Interations---------------------------------------------------------------------------------------------------------------->	
	<!--Torch Use-->
	<entry id="VV_torch_quirk_bark_1"><![CDATA[{colour_start|voivode_colour}光明是给弱者的！！！{colour_end}]]></entry>
	<entry id="VV_torch_quirk_bark_1"><![CDATA[{colour_start|voivode_colour}嗬嘶嘶嘶！把那光掐灭！{colour_end}]]></entry>
	<entry id="VV_torch_quirk_bark_1"><![CDATA[{colour_start|voivode_colour}把那光给熄灭！它灼伤了我的皮肤！{colour_end}]]></entry>
	<entry id="VV_torch_quirk_bark_1"><![CDATA[{colour_start|voivode_colour}圣焰就是个谎言！
别再尝试躲在它身后了！{colour_end}]]></entry>
	<entry id="VV_torch_quirk_bark_1"><![CDATA[{colour_start|voivode_colour}嘶啊啊呃，圣焰就是一个谎言！一种幻觉！{colour_end}]]></entry>
	<entry id="VV_torch_quirk_bark_2"><![CDATA[{colour_start|voivode_colour}嘶啊啊呃，圣焰就是一个谎言！一种幻觉！{colour_end}]]></entry>
	<entry id="VV_torch_quirk_bark_2"><![CDATA[{colour_start|voivode_colour}光明是给弱者的！！！{colour_end}]]></entry>
	<entry id="VV_torch_quirk_bark_2"><![CDATA[{colour_start|voivode_colour}嘶啊啊呃！火把的光芒灼伤了我的眼睛！{colour_end}]]></entry>
	<entry id="VV_torch_quirk_bark_2"><![CDATA[{colour_start|voivode_colour}不！熄灭那火光！{colour_end}]]></entry>
	<entry id="VV_torch_quirk_bark_3"><![CDATA[{colour_start|voivode_colour}啊啊啊呃！把那光亮从我身边拿开，白痴！{colour_end}]]></entry>
	<entry id="VV_torch_quirk_bark_3"><![CDATA[{colour_start|voivode_colour}呃噫噫噫！火光在灼烧！{colour_end}]]></entry>
	<entry id="VV_torch_quirk_bark_3"><![CDATA[{colour_start|voivode_colour}*扔掉火把*
把那从我身边拿开！{colour_end}]]></entry>
	<entry id="VV_torch_quirk_bark_cleansing"><![CDATA[{colour_start|voivode_colour}火焰会净化我！{colour_end}]]></entry>
	<entry id="VV_torch_quirk_bark_cleansing"><![CDATA[{colour_start|voivode_colour}光明会焚净邪恶！{colour_end}]]></entry>
	<entry id="VV_torch_quirk_bark_cleansing"><![CDATA[{colour_start|voivode_colour}光明会揭开面纱！{colour_end}]]></entry>
	<entry id="VV_torch_quirk_bark_cleansing"><![CDATA[{colour_start|voivode_colour}黑雾正在升起！{colour_end}]]></entry>
	<entry id="VV_torch_quirk_bark_cleansing"><![CDATA[{colour_start|voivode_colour}焚净我体内的黑暗吧！{colour_end}]]></entry>
	<entry id="VV_torch_quirk_bark_cleansing"><![CDATA[{colour_start|voivode_colour}有那么一刻我可以感觉到我的心脏又跳动了起来！
火焰与生命同在！{colour_end}]]></entry>
	<entry id="VV_torch_quirk_bark_cleansing"><![CDATA[{colour_start|voivode_colour}火焰，指引我走出这黑暗吧！{colour_end}]]></entry>
	<entry id="VV_torch_quirk_bark_cleansing"><![CDATA[{colour_start|voivode_colour}宽恕我吧，崇高的主指宽恕我吧，
神啊，神啊，指引我。{colour_end}]]></entry>
	<entry id="VV_torch_quirk_bark_cleansing"><![CDATA[{colour_start|voivode_colour}我能看见黑暗之中仍有的余烬。光明会净化我的！{colour_end}]]></entry>
	
	<!--The Blood-->
	<entry id="VV_DS_BLOOD_bark"><![CDATA[{colour_start|voivode_colour}*喝下血酿*恶心！ 
但总比没有好……{colour_end}]]></entry>
	<entry id="VV_DS_BLOOD_bark"><![CDATA[{colour_start|voivode_colour}*喝下血酿*啊啊呃！
我需要进食一切我能找到的东西！！！{colour_end}]]></entry>
	<entry id="VV_FR_BLOOD_bark"><![CDATA[{colour_start|voivode_colour}这种一文不值的液体激怒了我！{colour_end}]]></entry>
	<entry id="VV_FR_BLOOD_bark"><![CDATA[{colour_start|voivode_colour}呃啊啊啊啊呃啊啊！{colour_end}]]></entry>
	<entry id="VV_FR_BLOOD_bark"><![CDATA[{colour_start|voivode_colour}这些血裔毫无品味！{colour_end}]]></entry>
	<entry id="VV_FR_BLOOD_bark"><![CDATA[{colour_start|voivode_colour}给吸血鬼的清淡汤水！食之无味……{colour_end}]]></entry>
	<entry id="VV_FR_BLOOD_bark"><![CDATA[{colour_start|voivode_colour}与主人的精华毫无相似！{colour_end}]]></entry>
	<entry id="VV_FR_BLOOD_bark"><![CDATA[{colour_start|voivode_colour}现在我明白为什么这些身无分文的血裔会喜欢这种饮料了。{colour_end}]]></entry>
	<entry id="VV_FR_BLOOD_bark"><![CDATA[{colour_start|voivode_colour}比预想的要好点……但还是很恶心。{colour_end}]]></entry>
	
	<!--Chalice used Frenzy-->
	<entry id="VV_Scar_chalice_bark_3"><![CDATA[我将与主人成为一体！]]></entry>
	<entry id="VV_Scar_chalice_bark_3"><![CDATA[主人的精华赋予了我新生！]]></entry>
	<entry id="VV_Scar_chalice_bark_3"><![CDATA[给我的主人以力量！]]></entry>
	<entry id="VV_Scar_chalice_bark_3"><![CDATA[黑暗的血液流过我的血管！]]></entry>
	<entry id="VV_Scar_chalice_bark_3"><![CDATA[我能感受到主人的接纳！]]></entry>
	
	<!--Chalice used on Scar-->
	<entry id="VV_Scar_chalice_bark"><![CDATA[*把圣杯扇开*我不会再因此堕落！]]></entry>
	<entry id="VV_Scar_chalice_bark"><![CDATA[*把圣杯扇开*你无法再次让我误入歧途了，黑暗圣杯！]]></entry>
	
	<!--The cure-->
	<entry id="cure_darkbrood_bark"><![CDATA[{colour_start|voivode_colour}啊啊啊啊啊呃呃呃！
腐化之物烧坏了我的血管！{colour_end}]]></entry>
	<entry id="cure_darkbrood_bark"><![CDATA[{colour_start|voivode_colour}呃啊啊咳！
*咳血*我以为我会死了……{colour_end}]]></entry>
	<entry id="cure_darkbrood_bark"><![CDATA[{colour_start|voivode_colour}呃啊啊啊！
我会……会活不过去的……救命！{colour_end}]]></entry>
	
<!--Act Outs---------------------------------------------------------------------------------------------------------------->
<!--Frenzy>
	
	 <!--Block Camping Meal-->
	<entry id="str_block_camping_meal_VV_quirk_Rage"><![CDATA[{colour_start|voivode_colour}我不需要吃饭，我不需要休息……并且我也不需要你们！{colour_end}]]></entry>
    <entry id="str_block_camping_meal_VV_quirk_Rage"><![CDATA[{colour_start|voivode_colour}我的食欲似乎在改变……这凡人的食物对我来说很恶心！{colour_end}]]></entry>
	<entry id="str_block_camping_meal_VV_quirk_Rage"><![CDATA[{colour_start|voivode_colour}我需要一些包含生命的！{colour_end}]]></entry>
    <entry id="str_block_camping_meal_VV_quirk_Rage"><![CDATA[{colour_start|voivode_colour}你们想知道什么能让我的饥饿缓解吗？{colour_end}]]></entry>
    <entry id="str_block_camping_meal_VV_quirk_Rage"><![CDATA[{colour_start|voivode_colour}我……我变了……{colour_end}]]></entry>
	<entry id="str_block_camping_meal_VV_quirk_Rage"><![CDATA[{colour_start|voivode_colour}我觉得你们的灵魂更可口。{colour_end}]]></entry>
    <entry id="str_block_camping_meal_VV_quirk_Rage"><![CDATA[{colour_start|voivode_colour}我需要给主人灵魂，我需要给主人灵魂……{colour_end}]]></entry>
    <entry id="str_block_camping_meal_VV_quirk_Rage"><![CDATA[{colour_start|voivode_colour}我的胃在撕咬我，要求享用一个新的灵魂！{colour_end}]]></entry>
   <!--Block Combat Retreat-->
    <entry id="str_block_combat_retreat_VV_quirk_Rage"><![CDATA[{colour_start|voivode_colour}把他们拿下，而不是我！！！{colour_end}]]></entry>
    <entry id="str_block_combat_retreat_VV_quirk_Rage"><![CDATA[{colour_start|voivode_colour}我要离开这里！！！
	*变成迷雾*{colour_end}]]></entry>
	<entry id="str_block_combat_retreat_VV_quirk_Rage"><![CDATA[{colour_start|voivode_colour}主人教会了我这个把戏！
	*变成迷雾*{colour_end}]]></entry>
	<entry id="str_block_combat_retreat_VV_quirk_Rage"><![CDATA[{colour_start|voivode_colour}把这些没用的凡人当作祭品吧！
	*变成迷雾*{colour_end}]]></entry>
	<entry id="str_block_combat_retreat_VV_quirk_Rage"><![CDATA[{colour_start|voivode_colour}待宰羔羊们！
	*变成迷雾*哈哈哈哈哈！！！{colour_end}]]></entry>
	<entry id="str_block_combat_retreat_VV_quirk_Rage"><![CDATA[{colour_start|voivode_colour}哈哈哈哈哈！！！
	*变成迷雾*哈哈哈哈哈！！！{colour_end}]]></entry>
	
	<!--Self Stress-->
	<entry id="str_bark_stress_VV_quirk_Rage"><![CDATA[{colour_start|voivode_colour}我感觉就像我的心脏停止了跳动……{colour_end}]]></entry>
	<entry id="str_bark_stress_VV_quirk_Rage"><![CDATA[{colour_start|voivode_colour}我能闻到他们的恐惧，他们无路可逃！{colour_end}]]></entry>
    <entry id="str_bark_stress_VV_quirk_Rage"><![CDATA[{colour_start|voivode_colour}我的双眼看到了黑暗中隐藏着什么恐怖之物！{colour_end}]]></entry>
    <entry id="str_bark_stress_VV_quirk_Rage"><![CDATA[{colour_start|voivode_colour}我能听到黑暗穿过我的血管。{colour_end}]]></entry>
    <entry id="str_bark_stress_VV_quirk_Rage"><![CDATA[{colour_start|voivode_colour}我的身体死了……即便如此，我却觉得自己比以往任何时候都更有活力！{colour_end}]]></entry>
	<entry id="str_bark_stress_VV_quirk_Rage"><![CDATA[{colour_start|voivode_colour}跪在主人面前，然后他就会让你们大开眼界！{colour_end}]]></entry>
	<entry id="str_bark_stress_VV_quirk_Rage"><![CDATA[{colour_start|voivode_colour}我不惧怕危险，我就是危险！{colour_end}]]></entry>
    <entry id="str_bark_stress_VV_quirk_Rage"><![CDATA[{colour_start|voivode_colour}主人召唤着我，他以永恒的生命许诺了我！{colour_end}]]></entry>
    <entry id="str_bark_stress_VV_quirk_Rage"><![CDATA[{colour_start|voivode_colour}将作为食粮来侍奉我。{colour_end}]]></entry>
    <entry id="str_bark_stress_VV_quirk_Rage"><![CDATA[{colour_start|voivode_colour}我能闻到生命是如何从你们的身体中散发出来的。{colour_end}]]></entry>
	<entry id="str_bark_stress_VV_quirk_Rage"><![CDATA[{colour_start|voivode_colour}我将吞噬胆敢横跨越我道路之人！{colour_end}]]></entry>
    <entry id="str_bark_stress_VV_quirk_Rage"><![CDATA[{colour_start|voivode_colour}我不惧怕死亡。是死亡在惧怕我！{colour_end}]]></entry>
    <entry id="str_bark_stress_VV_quirk_Rage"><![CDATA[{colour_start|voivode_colour}我就是与暗夜之影同行的人！{colour_end}]]></entry>
    <entry id="str_bark_stress_VV_quirk_Rage"><![CDATA[{colour_start|voivode_colour}我没有身处危险。 
	我就是危险！！！{colour_end}]]></entry>
    <entry id="str_bark_stress_VV_quirk_Rage"><![CDATA[{colour_start|voivode_colour}呃啊！！{colour_end}]]></entry>
    <entry id="str_bark_stress_VV_quirk_Rage"><![CDATA[{colour_start|voivode_colour}我将享用你们可怜的灵魂！{colour_end}]]></entry>
    <entry id="str_bark_stress_VV_quirk_Rage"><![CDATA[{colour_start|voivode_colour}呃噫噫噫噫噫噫噫！{colour_end}]]></entry>
	
	<!--Heal Self + Stealth-->
	<entry id="str_heal_self_VV_quirk_Rage"><![CDATA[{colour_start|voivode_colour}我是永生的！{colour_end}]]></entry>
	<entry id="str_heal_self_VV_quirk_Rage"><![CDATA[{colour_start|voivode_colour}黑暗舔舐了我的伤口！{colour_end}]]></entry>
	<entry id="str_heal_self_VV_quirk_Rage"><![CDATA[{colour_start|voivode_colour}就这？……哈哈哈！{colour_end}]]></entry>
	<entry id="str_heal_self_VV_quirk_Rage"><![CDATA[{colour_start|voivode_colour}主人让我变得无敌了！{colour_end}]]></entry>
	<entry id="str_heal_self_VV_quirk_Rage"><![CDATA[{colour_start|voivode_colour}主人教会了我这个把戏！{colour_end}]]></entry>
	<entry id="str_heal_self_VV_quirk_Rage"><![CDATA[{colour_start|voivode_colour}我就是与黑暗同行之人！{colour_end}]]></entry>
	<entry id="str_heal_self_VV_quirk_Rage"><![CDATA[{colour_start|voivode_colour}哈哈哈哈哈哈哈！{colour_end}]]></entry>
	<entry id="str_heal_self_VV_quirk_Rage"><![CDATA[{colour_start|voivode_colour}我不需要你们。我有黑暗！{colour_end}]]></entry>
	
	<!--Stress Heal Self + Stress Party-->
	<entry id="str_stress_heal_self_VV_quirk_Rage"><![CDATA[{colour_start|voivode_colour}我就是你们在黑暗中需要害怕的人！{colour_end}]]></entry>
	<entry id="str_stress_heal_self_VV_quirk_Rage"><![CDATA[{colour_start|voivode_colour}今晚的月色是多么的宜人啊，我的兄弟们！{colour_end}]]></entry>
	<entry id="str_stress_heal_self_VV_quirk_Rage"><![CDATA[{colour_start|voivode_colour}黑暗，我的朋友，拥抱我。{colour_end}]]></entry>
	<entry id="str_stress_heal_self_VV_quirk_Rage"><![CDATA[{colour_start|voivode_colour}怪物？它就站在你们的旁边！{colour_end}]]></entry>
	<entry id="str_stress_heal_self_VV_quirk_Rage"><![CDATA[{colour_start|voivode_colour}啊哈哈哈哈哈哈哈哈哈哈！{colour_end}]]></entry>
	<entry id="str_stress_heal_self_VV_quirk_Rage"><![CDATA[{colour_start|voivode_colour}我要扯出你们的内脏！{colour_end}]]></entry>
	
	<!--Block healing Skills-->
	<entry id="str_block_heal_VV_quirk_Rage"><![CDATA[{colour_start|voivode_colour}我不再需要你的把戏了！{colour_end}]]></entry>
    <entry id="str_block_heal_VV_quirk_Rage"><![CDATA[{colour_start|voivode_colour}这具身体里没有生命可以恢复！！{colour_end}]]></entry>
    <entry id="str_block_heal_VV_quirk_Rage"><![CDATA[{colour_start|voivode_colour}把你的手从我身上拿开！{colour_end}]]></entry>
    <entry id="str_block_heal_VV_quirk_Rage"><![CDATA[{colour_start|voivode_colour}嘶嘶嘶嘶！！{colour_end}]]></entry>
    <entry id="str_block_heal_VV_quirk_Rage"><![CDATA[{colour_start|voivode_colour}嗬嘶嘶嘶嘶嘶！！{colour_end}]]></entry>
    <entry id="str_block_heal_VV_quirk_Rage"><![CDATA[{colour_start|voivode_colour}我不需要你的治疗，我是不死的！(inhuman hiss).{colour_end}]]></entry>
    <entry id="str_block_heal_VV_quirk_Rage"><![CDATA[{colour_start|voivode_colour}主人教会了我这个把戏！{colour_end}]]></entry>
    <entry id="str_block_heal_VV_quirk_Rage"><![CDATA[{colour_start|voivode_colour}我从牧羊人那里学会了这招！{colour_end}]]></entry>
	
	<!--Random Combat Action-->
	<entry id="str_random_command_VV_quirk_Rage"><![CDATA[{colour_start|voivode_colour}我控制不了这种快感！{colour_end}]]></entry>
	<entry id="str_random_command_VV_quirk_Rage"><![CDATA[{colour_start|voivode_colour}冲动！这冲动！！！{colour_end}]]></entry>
    <entry id="str_random_command_VV_quirk_Rage"><![CDATA[{colour_start|voivode_colour}我只听我主人的话！{colour_end}]]></entry>
    <entry id="str_random_command_VV_quirk_Rage"><![CDATA[{colour_start|voivode_colour}呃啊啊啊啊啊啊啊啊啊啊啊！{colour_end}]]></entry>
    <entry id="str_random_command_VV_quirk_Rage"><![CDATA[{colour_start|voivode_colour}我需要生命力，我现在就要！！{colour_end}]]></entry>
    <entry id="str_random_command_VV_quirk_Rage"><![CDATA[{colour_start|voivode_colour}这种饥饿是无法被满足的！{colour_end}]]></entry>
    <entry id="str_random_command_VV_quirk_Rage"><![CDATA[{colour_start|voivode_colour}我无法忍耐这种冲动！{colour_end}]]></entry>
    <entry id="str_random_command_VV_quirk_Rage"><![CDATA[{colour_start|voivode_colour}你的意愿即是我的命令，主人！{colour_end}]]></entry>
    <entry id="str_random_command_VV_quirk_Rage"><![CDATA[{colour_start|voivode_colour}呃噫噫噫噫噫噫！！！{colour_end}]]></entry>
    <entry id="str_random_command_VV_quirk_Rage"><![CDATA[{colour_start|voivode_colour}只有主人能命令我！{colour_end}]]></entry>
    <entry id="str_random_command_VV_quirk_Rage"><![CDATA[{colour_start|voivode_colour}我能听到牧羊人的呼唤！我知道该怎么做了！！！{colour_end}]]></entry>
    <entry id="str_random_command_VV_quirk_Rage"><![CDATA[{colour_start|voivode_colour}我只会服从牧羊人！{colour_end}]]></entry>
    <entry id="str_random_command_VV_quirk_Rage"><![CDATA[{colour_start|voivode_colour}是的主人……我服从主人……{colour_end}]]></entry>
    <entry id="str_random_command_VV_quirk_Rage"><![CDATA[{colour_start|voivode_colour}呃啊啊啊啊！！！我失控了！！！{colour_end}]]></entry>
    <entry id="str_random_command_VV_quirk_Rage"><![CDATA[{colour_start|voivode_colour}2毫升而不是1……{colour_end}]]></entry>
    <entry id="str_random_command_VV_quirk_Rage"><![CDATA[{colour_start|voivode_colour}*以主人的声音说话*{colour_end}让我接手一小会。]]></entry>
    <entry id="str_random_command_VV_quirk_Rage"><![CDATA[{colour_start|voivode_colour}畜群控制了我！{colour_end}]]></entry>
	
	<!--Comments-->
	<entry id="str_comment_move_VV_quirk_Rage"><![CDATA[{colour_start|voivode_colour}多么可悲的生物！{colour_end}]]></entry>
	<entry id="str_comment_move_VV_quirk_Rage"><![CDATA[{colour_start|voivode_colour}逃跑吧懦夫们！{colour_end}]]></entry>
	<entry id="str_comment_move_VV_quirk_Rage"><![CDATA[{colour_start|voivode_colour}你们无法逃脱黑暗！{colour_end}]]></entry>
	<entry id="str_comment_move_VV_quirk_Rage"><![CDATA[{colour_start|voivode_colour}啊哈哈哈，逃跑吧傀儡！{colour_end}]]></entry>
	<entry id="str_comment_self_hit_VV_quirk_Rage"><![CDATA[{colour_start|voivode_colour}我要把你的头颅送给老师，作为礼物！{colour_end}]]></entry>
    <entry id="str_comment_self_hit_VV_quirk_Rage"><![CDATA[{colour_start|voivode_colour}死吧，你这只虫子！{colour_end}]]></entry>
    <entry id="str_comment_self_hit_VV_quirk_Rage"><![CDATA[{colour_start|voivode_colour}死吧死吧死吧死吧！！！{colour_end}]]></entry>
    <entry id="str_comment_self_hit_VV_quirk_Rage"><![CDATA[{colour_start|voivode_colour}呃啊啊啊！！！{colour_end}]]></entry>
    <entry id="str_comment_self_hit_VV_quirk_Rage"><![CDATA[{colour_start|voivode_colour}我要把你的肺撕成烂泥！！！{colour_end}]]></entry>
    <entry id="str_comment_self_hit_VV_quirk_Rage"><![CDATA[{colour_start|voivode_colour}我要把你撕成碎片，可怜的凡人！{colour_end}]]></entry>
	<entry id="str_comment_ally_attack_missed_VV_quirk_Rage"><![CDATA[{colour_start|voivode_colour}你在黑暗中看不见？啊哈哈哈哈，贫弱的人类！{colour_end}]]></entry>
	<entry id="str_comment_ally_attack_missed_VV_quirk_Rage"><![CDATA[{colour_start|voivode_colour}毫无价值的人类！！！{colour_end}]]></entry>
	<entry id="str_comment_ally_attack_missed_VV_quirk_Rage"><![CDATA[{colour_start|voivode_colour}你凡人的躯体让你弱小！{colour_end}]]></entry>
    <entry id="str_comment_ally_attack_missed_VV_quirk_Rage"><![CDATA[{colour_start|voivode_colour}你应该喝下永恒圣杯中的东西。成为我们中的一员！{colour_end}]]></entry>
    <entry id="str_comment_ally_hit_VV_quirk_Rage"><![CDATA[{colour_start|voivode_colour}毫无价值的人类！！！{colour_end}]]></entry>
	<entry id="str_comment_ally_hit_VV_quirk_Rage"><![CDATA[{colour_start|voivode_colour}你没有服从主人！{colour_end}]]></entry>
	<entry id="str_comment_ally_hit_VV_quirk_Rage"><![CDATA[{colour_start|voivode_colour}待宰羔羊！{colour_end}]]></entry>
	<entry id="str_comment_ally_hit_VV_quirk_Rage"><![CDATA[{colour_start|voivode_colour}你凡人的躯体让你弱小！{colour_end}]]></entry>
	<entry id="str_comment_ally_hit_VV_quirk_Rage"><![CDATA[{colour_start|voivode_colour}是的，先拿下他们这些凡人！{colour_end}]]></entry>
	<entry id="str_comment_ally_hit_VV_quirk_Rage"><![CDATA[{colour_start|voivode_colour}你活该承受痛苦，弱者！{colour_end}]]></entry>
	<entry id="str_comment_ally_hit_VV_quirk_Rage"><![CDATA[{colour_start|voivode_colour}你的肉体无法受承受这个的。加入我们吧！{colour_end}]]></entry>
    <entry id="str_comment_ally_hit_VV_quirk_Rage"><![CDATA[{colour_start|voivode_colour}你应该喝下永恒圣杯中的东西。成为我们中的一员！{colour_end}]]></entry>
   
   
   
	<!--Buff party-->
   <entry id="str_buff_party_VV_quirk_Rage"><![CDATA[{colour_start|voivode_colour}吾即黑暗！！！{colour_end}]]></entry>
   <entry id="str_buff_party_VV_quirk_Rage"><![CDATA[{colour_start|voivode_colour}享用他们吧我的同族们！！！{colour_end}]]></entry>
   <entry id="str_buff_party_VV_quirk_Rage"><![CDATA[{colour_start|voivode_colour}为了主人，我们那优雅的牧羊人！！！{colour_end}]]></entry>
   <entry id="str_buff_party_VV_quirk_Rage"><![CDATA[{colour_start|voivode_colour}我们服从主人！{colour_end}]]></entry>
   <entry id="str_buff_party_VV_quirk_Rage"><![CDATA[{colour_start|voivode_colour}赞美黑夜！{colour_end}]]></entry>
   <entry id="str_buff_party_VV_quirk_Rage"><![CDATA[{colour_start|voivode_colour}我们是暗夜之子！！！{colour_end}]]></entry>
   <entry id="str_buff_party_VV_quirk_Rage"><![CDATA[{colour_start|voivode_colour}退却于光，所容于夜！{colour_end}]]></entry>
   <entry id="str_buff_party_VV_quirk_Rage"><![CDATA[{colour_start|voivode_colour}黑夜是什么颜色的？
   是血色的，我的兄弟！{colour_end}]]></entry>
    
	
	<!--Buff party member-->
   <entry id="str_buff_random_party_member_VV_quirk_Rage"><![CDATA[{colour_start|voivode_colour}你是黑暗的一员吗？{colour_end}]]></entry>
   <entry id="str_buff_random_party_member_VV_quirk_Rage"><![CDATA[{colour_start|voivode_colour}服从主人！{colour_end}]]></entry>
   <entry id="str_buff_random_party_member_VV_quirk_Rage"><![CDATA[{colour_start|voivode_colour}你是我们中的一员吗？！{colour_end}]]></entry>
   <entry id="str_buff_random_party_member_VV_quirk_Rage"><![CDATA[{colour_start|voivode_colour}在主人面前跪下！！！{colour_end}]]></entry>
   <entry id="str_buff_random_party_member_VV_quirk_Rage"><![CDATA[{colour_start|voivode_colour}我们是羊群！
   而他是我们的牧羊人！{colour_end}]]></entry>
   <entry id="str_buff_random_party_member_VV_quirk_Rage"><![CDATA[{colour_start|voivode_colour}我们是黑暗的一份子！！！{colour_end}]]></entry>
   <entry id="str_buff_random_party_member_VV_quirk_Rage"><![CDATA[{colour_start|voivode_colour}我们是暗夜之子！！！{colour_end}]]></entry>
	
	<!--Attack Ally-->
	<entry id="str_attack_friendly_VV_quirk_Rage"><![CDATA[{colour_start|voivode_colour}把你的生命之力借给我，凡人！{colour_end}]]></entry>
	<entry id="str_attack_friendly_VV_quirk_Rage"><![CDATA[{colour_start|voivode_colour}弱者！在痛苦中成长吧！{colour_end}]]></entry>
	<entry id="str_attack_friendly_VV_quirk_Rage"><![CDATA[{colour_start|voivode_colour}主人要求我惩罚你！{colour_end}]]></entry>
	<entry id="str_attack_friendly_VV_quirk_Rage"><![CDATA[{colour_start|voivode_colour}痛苦会让你觉得活着！{colour_end}]]></entry>
	<entry id="str_attack_friendly_VV_quirk_Rage"><![CDATA[{colour_start|voivode_colour}如果你不这样奉承，你就毫无价值！{colour_end}]]></entry>
	<entry id="str_attack_friendly_VV_quirk_Rage"><![CDATA[{colour_start|voivode_colour}毫无价值的凡人！{colour_end}]]></entry>
	<entry id="str_attack_friendly_VV_quirk_Rage"><![CDATA[{colour_start|voivode_colour}人类的渣滓！{colour_end}]]></entry>
	<entry id="str_attack_friendly_VV_quirk_Rage"><![CDATA[{colour_start|voivode_colour}我将享用你的灵魂！{colour_end}]]></entry>
	<entry id="str_attack_friendly_VV_quirk_Rage"><![CDATA[{colour_start|voivode_colour}我很抱歉，是主人命令我
	……饱餐一顿！！{colour_end}]]></entry>
	
	<!--Curio Triggers-->
	<entry id="trigger_curio_VV_quirk_Rage"><![CDATA[{colour_start|voivode_colour}这个东西在跟我说话。我无法抗拒。{colour_end}]]></entry>
	<entry id="trigger_curio_VV_quirk_Rage"><![CDATA[{colour_start|voivode_colour}我无法抗拒这种邪秽的欢愉！{colour_end}]]></entry>
	<entry id="trigger_curio_VV_quirk_Rage"><![CDATA[{colour_start|voivode_colour}我需要利用这种邪秽的力量！{colour_end}]]></entry>
    <entry id="trigger_curio_VV_quirk_Rage"><![CDATA[{colour_start|voivode_colour}如此珍贵的力量，从这个造物上散发！{colour_end}]]></entry>
	
	<!--Consume Chalice-->	
	<entry id="str_consume_item_VV_quirk_Rage"><![CDATA[{colour_start|voivode_colour}我可以闻到主人的精华！！！把它交给我！！！{colour_end}]]></entry>
	<entry id="str_consume_item_VV_quirk_Rage"><![CDATA[{colour_start|voivode_colour}主人的精华！！！我需要它！！！{colour_end}]]></entry>
	<entry id="str_consume_item_VV_quirk_Rage"><![CDATA[{colour_start|voivode_colour}长子之血！我需要体验下它！！！{colour_end}]]></entry>
	<entry id="str_consume_item_VV_quirk_Rage"><![CDATA[{colour_start|voivode_colour}精华保障了不死！{colour_end}]]></entry>
	<entry id="str_consume_item_VV_quirk_Rage"><![CDATA[{colour_start|voivode_colour}我将成为我主人的一员！{colour_end}]]></entry>
	
<!--Cleansing-->
	<entry id="str_block_camping_meal_vv_quirk_light"><![CDATA[{colour_start|voivode_colour}我不需要吃饭，我不需要休息……并且我也不需要你们！{colour_end}]]></entry>
    <entry id="str_block_camping_meal_vv_quirk_light"><![CDATA[{colour_start|voivode_colour}我需要来自主人的生命，我需要来自主人的生命……{colour_end}]]></entry>
    
	<entry id="str_block_camping_skill_target_vv_quirk_light"><![CDATA[{colour_start|voivode_colour}我不配这样！让我这个邪恶的家伙消亡吧。{colour_end}]]></entry>
	<entry id="str_block_camping_skill_target_vv_quirk_light"><![CDATA[{colour_start|voivode_colour}额啊啊啊额！别碰我，我很痛苦！{colour_end}]]></entry>
	<entry id="str_block_camping_skill_target_vv_quirk_light"><![CDATA[{colour_start|voivode_colour}不！别管我，我被诅咒了！{colour_end}]]></entry>
	<entry id="str_block_camping_skill_target_vv_quirk_light"><![CDATA[{colour_start|voivode_colour}这对净化毫无帮助！{colour_end}]]></entry>
	<entry id="str_block_camping_skill_target_vv_quirk_light"><![CDATA[{colour_start|voivode_colour}快停下！你对我的伤害足够了！{colour_end}]]></entry>
	<entry id="str_block_camping_skill_target_vv_quirk_light"><![CDATA[{colour_start|voivode_colour}我被诅咒了！我不值得被治疗！{colour_end}]]></entry>
	<entry id="str_block_camping_skill_target_vv_quirk_light"><![CDATA[{colour_start|voivode_colour}你凡人的把戏不会有帮助的！{colour_end}]]></entry>
	<entry id="str_block_camping_skill_target_vv_quirk_light"><![CDATA[{colour_start|voivode_colour}别碰我！我要停下来！{colour_end}]]></entry>
	
	<entry id="str_bark_stress_vv_quirk_light"><![CDATA[{colour_start|voivode_colour}你对我做了什么！！！为什么是我！！！！{colour_end}]]></entry>
    <entry id="str_bark_stress_vv_quirk_light"><![CDATA[{colour_start|voivode_colour}我的皮肤在灼烧！！！我活不过这个的！！！{colour_end}]]></entry>
    <entry id="str_bark_stress_vv_quirk_light"><![CDATA[{colour_start|voivode_colour}*咳血*我感觉不对劲……{colour_end}]]></entry>
    <entry id="str_bark_stress_vv_quirk_light"><![CDATA[{colour_start|voivode_colour}*咳血*我能感觉到我的体内在融化……{colour_end}]]></entry>
	<entry id="str_bark_stress_vv_quirk_light"><![CDATA[{colour_start|voivode_colour}为什么！？为什么你要对我这样做！？{colour_end}]]></entry>
    <entry id="str_bark_stress_vv_quirk_light"><![CDATA[{colour_start|voivode_colour}让我一个人死去！{colour_end}]]></entry>
    <entry id="str_bark_stress_vv_quirk_light"><![CDATA[{colour_start|voivode_colour}我是一个邪恶的可憎之物。我无法忍受我所做的一切罪行！{colour_end}]]></entry>
    <entry id="str_bark_stress_vv_quirk_light"><![CDATA[{colour_start|voivode_colour}我能闻到生命是如何从你们的身体中散发出来的。{colour_end}]]></entry>
	<entry id="str_bark_stress_vv_quirk_light"><![CDATA[{colour_start|voivode_colour}我将吞噬胆敢横跨越我道路之人！{colour_end}]]></entry>
    <entry id="str_bark_stress_vv_quirk_light"><![CDATA[{colour_start|voivode_colour}我再也受不了这种痛苦了！请了结我！{colour_end}]]></entry>
    <entry id="str_bark_stress_vv_quirk_light"><![CDATA[{colour_start|voivode_colour}你为什么要这样对我！我的脸将留下终身的伤疤！{colour_end}]]></entry>
    <entry id="str_bark_stress_vv_quirk_light"><![CDATA[{colour_start|voivode_colour}我是一个可憎之物，净化我！净化我！{colour_end}]]></entry>
	
	<entry id="str_block_heal_vv_quirk_light"><![CDATA[{colour_start|voivode_colour}我活该去死！黑暗永远无法被净化。{colour_end}]]></entry>
    <entry id="str_block_heal_vv_quirk_light"><![CDATA[{colour_start|voivode_colour}让我死！！我是黑暗的邪恶之物。{colour_end}]]></entry>
    <entry id="str_block_heal_vv_quirk_light"><![CDATA[{colour_start|voivode_colour}把你的手从我身上拿开！我的皮肤在灼烧！{colour_end}]]></entry>
    <entry id="str_block_heal_vv_quirk_light"><![CDATA[{colour_start|voivode_colour}嘶嘶嘶!{colour_end}]]></entry>
    <entry id="str_block_heal_vv_quirk_light"><![CDATA[{colour_start|voivode_colour}嗬嘶嘶嘶嘶嘶！！{colour_end}]]></entry>
    <entry id="str_block_heal_vv_quirk_light"><![CDATA[{colour_start|voivode_colour}这不能被你那廉价的把戏治愈！！！{colour_end}]]></entry>
    <entry id="str_block_heal_vv_quirk_light"><![CDATA[{colour_start|voivode_colour}我是一个可憎之物！我活该去死！{colour_end}]]></entry>
    <entry id="str_block_heal_vv_quirk_light"><![CDATA[{colour_start|voivode_colour}不要再尝试“治疗”了！{colour_end}]]></entry>
    <entry id="str_block_heal_vv_quirk_light"><![CDATA[{colour_start|voivode_colour}如果你敢碰我，我就咬你的手！{colour_end}]]></entry>
	
	<entry id="str_random_command_vv_quirk_light"><![CDATA[{colour_start|voivode_colour}火焰快告诉我该怎么做，我会听命的！{colour_end}]]></entry>
    <entry id="str_random_command_vv_quirk_light"><![CDATA[{colour_start|voivode_colour}对我这样的邪恶之物来说没有希望！{colour_end}]]></entry>
    <entry id="str_random_command_vv_quirk_light"><![CDATA[{colour_start|voivode_colour}我注定要完蛋！{colour_end}]]></entry>
    <entry id="str_random_command_vv_quirk_light"><![CDATA[{colour_start|voivode_colour}主啊，告诉我该怎么做吧！{colour_end}]]></entry>
    <entry id="str_random_command_vv_quirk_light"><![CDATA[{colour_start|voivode_colour}这种饥饿是无法被满足的！{colour_end}]]></entry>
    <entry id="str_random_command_vv_quirk_light"><![CDATA[{colour_start|voivode_colour}我再也不会听你的了！{colour_end}]]></entry>
    <entry id="str_random_command_vv_quirk_light"><![CDATA[{colour_start|voivode_colour}我是深渊中邪恶的产物！杀了我吧！{colour_end}]]></entry>
    <entry id="str_random_command_vv_quirk_light"><![CDATA[{colour_start|voivode_colour}上帝啊，我听从你的命令，净化我吧！{colour_end}]]></entry>
   
   <entry id="str_move_forward_vv_quirk_light"><![CDATA[{colour_start|voivode_colour}拿下我，结束我的痛苦吧！{colour_end}]]></entry>
   <entry id="str_move_forward_vv_quirk_light"><![CDATA[{colour_start|voivode_colour}了结我！我是一个邪恶的混血之物！{colour_end}]]></entry>
   <entry id="str_move_forward_vv_quirk_light"><![CDATA[{colour_start|voivode_colour}只有死亡才能让牧羊人的声音沉默！{colour_end}]]></entry>
   <entry id="str_move_forward_vv_quirk_light"><![CDATA[{colour_start|voivode_colour}了结我！了结我！
我无法忍受这种痛苦了！{colour_end}]]></entry>
 <entry id="str_move_forward_vv_quirk_light"><![CDATA[{colour_start|voivode_colour}我是深渊中邪恶的产物！杀了我吧！{colour_end}]]></entry>
    
	<entry id="str_attack_self_vv_quirk_light"><![CDATA[{colour_start|voivode_colour}黑暗只能被死亡净化！{colour_end}]]></entry>
    <entry id="str_attack_self_vv_quirk_light"><![CDATA[{colour_start|voivode_colour}主啊，我将在痛苦中洗净我的罪恶！
	请结束这一切吧！{colour_end}]]></entry>
    <entry id="str_attack_self_vv_quirk_light"><![CDATA[{colour_start|voivode_colour}太痛了！简直就要把我痛死了！！！{colour_end}]]></entry>
    <entry id="str_attack_self_vv_quirk_light"><![CDATA[{colour_start|voivode_colour}如果你不结束我的痛苦，那我就自己来吧！{colour_end}]]></entry>
    <entry id="str_attack_self_vv_quirk_light"><![CDATA[{colour_start|voivode_colour}痛苦将净化腐化！{colour_end}]]></entry>
    <entry id="str_attack_self_vv_quirk_light"><![CDATA[{colour_start|voivode_colour}我需要清除腐化！*自残*{colour_end}]]></entry>
   
    <entry id="str_mark_self_vv_quirk_light"><![CDATA[{colour_start|voivode_colour}结束我的痛苦！！！{colour_end}]]></entry>
    <entry id="str_mark_self_vv_quirk_light"><![CDATA[{colour_start|voivode_colour}拿下我，结束我的痛苦吧！{colour_end}]]></entry>
    <entry id="str_mark_self_vv_quirk_light"><![CDATA[{colour_start|voivode_colour}我是一个可憎之物，了结我！！！{colour_end}]]></entry>
    <entry id="str_mark_self_vv_quirk_light"><![CDATA[{colour_start|voivode_colour}我不值得存在于世上！！{colour_end}]]></entry>
    
	<entry id="str_consume_item_vv_quirk_light"><![CDATA[{colour_start|voivode_colour}我需要从任何意义上来净化我！{colour_end}]]></entry>
    <entry id="str_consume_item_vv_quirk_light"><![CDATA[{colour_start|voivode_colour}把那个给我！{colour_end}]]></entry>
    <entry id="str_consume_item_vv_quirk_light"><![CDATA[{colour_start|voivode_colour}这将净化腐化！{colour_end}]]></entry>
    <entry id="str_consume_item_vv_quirk_light"><![CDATA[{colour_start|voivode_colour}快给我更多这个！{colour_end}]]></entry>
    
	<entry id="str_retreat_from_combat_vv_quirk_light"><![CDATA[{colour_start|voivode_colour}离开这里！！！离开这里！！！{colour_end}]]></entry>
	<entry id="str_retreat_from_combat_vv_quirk_light"><![CDATA[{colour_start|voivode_colour}我再也受不了了！我快死了！离开这里！！！{colour_end}]]></entry>
	<entry id="str_retreat_from_combat_vv_quirk_light"><![CDATA[{colour_start|voivode_colour}不，不，这太过了！结束这吧！{colour_end}]]></entry>
	
	
	<!--Comments-->
	<entry id="str_comment_curio_interaction_vv_quirk_light"><![CDATA[{colour_start|voivode_colour}一个神圣的遗物！圣火啊请清洁我吧！{colour_end}]]></entry>
    <entry id="str_comment_curio_interaction_vv_quirk_light"><![CDATA[{colour_start|voivode_colour}这个神圣的怪人会给我庇护！净化我吧！{colour_end}]]></entry>
    <entry id="str_comment_curio_interaction_vv_quirk_light"><![CDATA[{colour_start|voivode_colour}还有圣水吗！？把它给我！！！{colour_end}]]></entry>
    <entry id="str_comment_curio_interaction_vv_quirk_light"><![CDATA[{colour_start|voivode_colour}求你了，我要摸一下它！！净化是如此的痛苦！{colour_end}]]></entry>
    <entry id="str_comment_self_hit_vv_quirk_light"><![CDATA[{colour_start|voivode_colour}拿下我，我值得死。
	我被黑暗给毁了！{colour_end}]]></entry>
	<entry id="str_comment_self_hit_vv_quirk_light"><![CDATA[{colour_start|voivode_colour}我的……我的皮肤，我的皮肤液化了！！！{colour_end}]]></entry>
	<entry id="str_comment_self_hit_vv_quirk_light"><![CDATA[{colour_start|voivode_colour}求你了！了结我！求你了！！！{colour_end}]]></entry>
	
	
	
	<entry id="trigger_curio_VV_quirk_2"><![CDATA[{colour_start|voivode_colour}我需要利用这种邪秽的力量！{colour_end}]]></entry>
    <entry id="trigger_curio_VV_quirk_2"><![CDATA[{colour_start|voivode_colour}我需要利用这种邪秽的力量！{colour_end}]]></entry>
	<entry id="trigger_curio_VV_quirk_1"><![CDATA[{colour_start|voivode_colour}我……需要……我需要饱餐一顿！{colour_end}]]></entry>
    <entry id="trigger_curio_VV_quirk_1"><![CDATA[{colour_start|voivode_colour}这无尽的饥饿在我心中滋长！{colour_end}]]></entry>
    <entry id="trigger_curio_vv_quirk_light"><![CDATA[{colour_start|voivode_colour}这无尽的饥饿在我心中滋长！{colour_end}]]></entry>
	
	
  
  </language>
  


</root>