<?xml version="1.0" encoding="UTF-8"?>
<root>
 <language id="schinese">
  
	<entry id="tray_icon_tooltip_buff_duration_none_format"><![CDATA[%s]]></entry>
	
<!---Heal and Stress Sources--->
	<entry id="buff_stat_tooltip_stress_heal_percent_hero_crit"><![CDATA[%+d%% {colour_start|stress}压力{colour_end}治疗 来自暴击]]></entry>
	<entry id="buff_stat_tooltip_hp_heal_percent_damage_heal"><![CDATA[%+d%% {colour_start|healhp}生命窃取{colour_end}]]></entry>
	<entry id="buff_stat_tooltip_hp_heal_received_percent_damage_heal"><![CDATA[%+d%% {colour_start|healhp}生命窃取{colour_end}]]></entry>
	<entry id="buff_stat_tooltip_hp_heal_percent_eat"><![CDATA[%+d%% {colour_start|healhp}生命治疗{colour_end} 当进食时]]></entry>
	<entry id="buff_stat_tooltip_stress_heal_received_percent_town_idle"><![CDATA[%+d%% {colour_start|stress}压力{colour_end}治疗 当闲置于城镇]]></entry>
   
<!---Rules--->
	<entry id="buff_rule_tooltip_actorStatus_false"><![CDATA[{?string1}%s 对非%d%%]]></entry>
	<entry id="buff_rule_tooltip_has_quirk_false"><![CDATA[%s 如果没有%s]]></entry>
	<entry id="trinket_kill_all_heroes_additional_effects"><![CDATA[杀敌时：队伍：]]></entry>	
	<entry id="buff_rule_data_tooltip_courtyard"><![CDATA[{colour_start|crimson_court}庭院{colour_end}]]></entry>
	<entry id="effect_tooltip_target_group_other"><![CDATA[其他敌人：]]></entry>
	<entry id="buff_rule_data_tooltip_torch"><![CDATA[火把]]></entry>
		
<!--Light-->
    <entry id="buff_stat_tooltip_torchlight_burn_percent"><![CDATA[%+d%% {colour_start|stun}火把燃烧效率{colour_end}]]></entry>
	<entry id="buff_stat_tooltip_torch_decrease_percent"><![CDATA[%+d%% {colour_start|trap}亮度减少{colour_end}技能]]></entry>
	
<!---Combat Stat Multiply--->
    <entry id="buff_stat_tooltip_combat_stat_multiply_crit_chance"><![CDATA[%+d%% 暴击倍率。]]></entry>
    <entry id="buff_stat_tooltip_combat_stat_multiply_speed_rating"><![CDATA[%+d%% 速度倍率。]]></entry>


<!-- Mode tooltips -->
	<entry id="buff_rule_data_tooltip_strigo"><![CDATA[斯特里戈伊]]></entry>
	<entry id="buff_rule_data_tooltip_human"><![CDATA[人类]]></entry>
	<entry id="buff_rule_data_tooltip_voivode"><![CDATA[{colour_start|notable}吸血鬼总督{colour_end}]]></entry>
	<entry id="actor_mode_name_strigo"><![CDATA[斯特里戈伊]]></entry>
	<entry id="str_skill_mode_info_strigo"><![CDATA[当斯特里戈伊形态；]]></entry>
	
<!-- Skill Name tooltips -->
	<entry id="buff_rule_data_tooltip_bats"><![CDATA[嗜血蝠群]]></entry>
	<entry id="buff_rule_data_tooltip_vv_transform"><![CDATA[变身]]></entry>
	<entry id="buff_rule_data_tooltip_darkform"><![CDATA[影子戏法]]></entry>
	<entry id="buff_rule_data_tooltip_souleater"><![CDATA[灵魂盛宴]]></entry>
	<entry id="buff_rule_data_tooltip_hypnosis"><![CDATA[服从于我！]]></entry>

  </language>
</root>