<?xml version="1.0" encoding="UTF-8"?>
<root>
  <language id="schinese">
  
  
	<!--Party Names -->
    <entry id="party_name_66601"><![CDATA[坏伙伴]]></entry>
    <entry id="party_name_66602"><![CDATA[非凡绅士联盟]]></entry>
	<entry id="party_name_66603"><![CDATA[不给糖就捣蛋]]></entry>
	<entry id="party_name_66604"><![CDATA[拉杜的三个天使]]></entry>
	<entry id="party_name_66605"><![CDATA[拉杜的三个天使]]></entry>
	<entry id="party_name_66606"><![CDATA[拉杜的三个天使]]></entry>
	<entry id="party_name_66607"><![CDATA[拉杜的三个天使]]></entry>
	<entry id="party_name_66608"><![CDATA[拉杜的三个天使]]></entry>
	<entry id="party_name_66609"><![CDATA[拉杜的三个天使]]></entry>
	<entry id="party_name_66610"><![CDATA[拉杜的三个天使]]></entry>
	<entry id="party_name_66611"><![CDATA[兽人乐队]]></entry>
	<entry id="party_name_66612"><![CDATA[兽人乐队]]></entry>
	<entry id="party_name_66613"><![CDATA[兽人乐队]]></entry>
	<entry id="party_name_66614"><![CDATA[兽人乐队]]></entry>
	<entry id="party_name_66615"><![CDATA[兽人乐队]]></entry>
	<entry id="party_name_66616"><![CDATA[怪物泥浆]]></entry>
	<entry id="party_name_66617"><![CDATA[怪物泥浆]]></entry>
	<entry id="party_name_66618"><![CDATA[怪物泥浆]]></entry>
	<entry id="party_name_66619"><![CDATA[怪物泥浆]]></entry>
	<entry id="party_name_66620"><![CDATA[怪物泥浆]]></entry>
	<entry id="party_name_66620"><![CDATA[怪物泥浆]]></entry>
	<entry id="party_name_66621"><![CDATA[讨错欢心]]></entry>
	<entry id="party_name_66622"><![CDATA[讨错欢心]]></entry>
	<entry id="party_name_66623"><![CDATA[讨错欢心]]></entry>
	<entry id="party_name_66624"><![CDATA[讨错欢心]]></entry>
	<entry id="party_name_66625"><![CDATA[讨错欢心]]></entry>
	<entry id="party_name_66626"><![CDATA[呐呐呐呐呐呐呐呐呐呐呐呐呐呐呐呐]]></entry>
	<entry id="party_name_66627"><![CDATA[邪秽远征军]]></entry>
	<entry id="party_name_66628"><![CDATA[邪秽远征军]]></entry>
	<entry id="party_name_66629"><![CDATA[邪秽远征军]]></entry>
	<entry id="party_name_66630"><![CDATA[邪秽远征军]]></entry>
	<entry id="party_name_66631"><![CDATA[惺惺相惜的反社会者]]></entry>
	<entry id="party_name_66632"><![CDATA[惺惺相惜的反社会者]]></entry>
	<entry id="party_name_66633"><![CDATA[惺惺相惜的反社会者]]></entry>
	<entry id="party_name_66634"><![CDATA[惺惺相惜的反社会者]]></entry>
	<entry id="party_name_66635"><![CDATA[惺惺相惜的反社会者]]></entry>
	<entry id="party_name_66636"><![CDATA[古老皇室]]></entry>
	<entry id="party_name_66637"><![CDATA[古老皇室]]></entry>
	<entry id="party_name_66638"><![CDATA[古老皇室]]></entry>
	<entry id="party_name_66639"><![CDATA[古老皇室]]></entry>
	<entry id="party_name_66640"><![CDATA[古老皇室]]></entry>
	<entry id="party_name_66641"><![CDATA[坏人和丑人]]></entry>
	<entry id="party_name_66642"><![CDATA[坏人和丑人]]></entry>
	<entry id="party_name_66643"><![CDATA[坏人和丑人]]></entry>
	<entry id="party_name_66644"><![CDATA[坏人和丑人]]></entry>
	<entry id="party_name_66645"><![CDATA[坏人和丑人]]></entry>
	<entry id="party_name_66646"><![CDATA[负咒伙伴]]></entry>
	<entry id="party_name_66647"><![CDATA[负咒伙伴]]></entry>
	<entry id="party_name_66648"><![CDATA[负咒伙伴]]></entry>
	<entry id="party_name_66649"><![CDATA[负咒伙伴]]></entry>
	<entry id="party_name_66650"><![CDATA[负咒伙伴]]></entry>
	<entry id="party_name_66651"><![CDATA[负咒伙伴]]></entry>
	<entry id="party_name_66652"><![CDATA[负咒伙伴]]></entry>
	<entry id="party_name_66653"><![CDATA[老当益壮]]></entry>
    <entry id="party_name_66657"><![CDATA[日行者]]></entry>
    <entry id="party_name_66660"><![CDATA[我们之中的狼]]></entry>
    <entry id="party_name_66666"><![CDATA[来自地狱]]></entry>
	<entry id="party_name_66670"><![CDATA[狂猎]]></entry>
	<entry id="party_name_66675"><![CDATA[血之誓约]]></entry>
	<entry id="party_name_66680"><![CDATA[红色街头]]></entry>
	<entry id="party_name_66685"><![CDATA[贵族]]></entry>
	<entry id="party_name_66690"><![CDATA[犯罪分子相册]]></entry>
	<entry id="party_name_66695"><![CDATA[国王的娱乐]]></entry>
	<entry id="party_name_666100"><![CDATA[暴君的自助餐]]></entry>
	<entry id="party_name_666105"><![CDATA[边缘之主]]></entry>
	<entry id="party_name_666110"><![CDATA[黑暗骑士崛起]]></entry>
	<entry id="party_name_666115"><![CDATA[夜行生物]]></entry>
	<entry id="party_name_666120"><![CDATA[新伦敦旅游团]]></entry>
	<entry id="party_name_66660"><![CDATA[我们之中的狼]]></entry>
	
  </language>
</root>