﻿<?xml version="1.0" encoding="UTF-8"?>
<root>
  <language id="english">
	
	<entry id="trinket_rarity_sakura"><![CDATA[朝日]]></entry>
	<entry id="str_inventory_set_title_cc_voivode"><![CDATA[“邪恶只是一种立场上观点，不是吗？”]]></entry>
	<entry id="trinket_hero_class_requirement_seperator"><![CDATA[或]]></entry>

	
	<entry id="str_inventory_title_trinketvv_jar"><![CDATA[祝你胃口好]]></entry>
	<entry id="str_inventory_title_trinketvv_apple"><![CDATA[空虚的欢愉]]></entry>
	<entry id="str_inventory_title_trinketvv_iron"><![CDATA[扭曲的银器]]></entry>
	<entry id="str_inventory_title_trinketvv_ring"><![CDATA[授权戒指]]></entry>
	<entry id="str_inventory_title_trinketvv_portrait"><![CDATA[贵族血亲]]></entry>
	<entry id="str_inventory_title_trinketvv_orb"><![CDATA[午夜法球]]></entry>
	<entry id="str_inventory_title_trinketvv_maiden"><![CDATA[被诅咒的处女像]]></entry>
	<entry id="str_inventory_title_trinketvv_contract"><![CDATA[灵魂圣杯]]></entry>
	<entry id="str_inventory_title_trinketvv_cc_book"><![CDATA[阿黎博里的著作]]></entry>
	<entry id="str_inventory_title_trinketvv_cc_coffin"><![CDATA[亵渎棺椁]]></entry>
	<entry id="str_inventory_title_trinketvv_CoM"><![CDATA[星光烛台]]></entry>
	<entry id="str_inventory_title_trinketvv_CoM_2"><![CDATA[晶体刑叉]]></entry>
	<entry id="str_inventory_title_trinketvv_head"><![CDATA[拉杜的头颅]]></entry>
	<entry id="str_inventory_title_trinketvv_sunward"><![CDATA[卡莎的骨灰]]></entry>
	
	
  </language>
</root>