<?xml version="1.0" encoding="UTF-8"?>
<root>
  <language id="schinese">
 
<!--~~~~~~~~~~-->
<!--voivode -->
<!--~~~~~~~~~~-->
      <entry id="hero_class_name_voivode"><![CDATA[吸血鬼总督]]></entry>
	  <entry id="str_vo_town_recruit_voivode_0"><![CDATA[当心夜幕降临，因为他在注视并等待那些远离火把光芒之人。]]></entry>
	  <entry id="str_vo_town_event_idle_resolve_level_voivode"><![CDATA[当心夜幕降临，因为他在注视并等待那些远离火把光芒之人。]]></entry>
	  <entry id="str_vo_town_event_first_voivode"><![CDATA[当心夜幕降临，因为他在注视并等待那些远离火把光芒之人。]]></entry>
 
 <!--Skills -->
    <entry id="combat_skill_name_voivode_vv_transform"><![CDATA[变身]]></entry>
    <entry id="combat_skill_name_voivode_bats"><![CDATA[嗜血蝠群]]></entry>
    <entry id="combat_skill_name_voivode_darkform"><![CDATA[影子戏法]]></entry>
    <entry id="combat_skill_name_voivode_souleater"><![CDATA[灵魂盛宴]]></entry>
    <entry id="combat_skill_name_voivode_batform"><![CDATA[翱翔隐袭]]></entry>
    <entry id="combat_skill_name_voivode_echolocate"><![CDATA[回声定位]]></entry>
    <entry id="combat_skill_name_voivode_hypnosis"><![CDATA[服从于我！]]></entry>
    <entry id="combat_skill_name_voivode_move"><![CDATA[移动]]></entry>
   
 <!--Upgrade Trees -->
    <entry id="upgrade_tree_name_voivode.vv_transform"><![CDATA[变身]]></entry>
    <entry id="upgrade_tree_name_voivode.bats"><![CDATA[嗜血蝠群]]></entry>
    <entry id="upgrade_tree_name_voivode.darkform"><![CDATA[影子戏法]]></entry>
    <entry id="upgrade_tree_name_voivode.souleater"><![CDATA[灵魂盛宴]]></entry>
    <entry id="upgrade_tree_name_voivode.batform"><![CDATA[翱翔隐袭]]></entry>
    <entry id="upgrade_tree_name_voivode.force_guard"><![CDATA[回声定位]]></entry>
    <entry id="upgrade_tree_name_voivode.hypnosis"><![CDATA[服从于我！]]></entry>
   
 
<!--Blacksmith-->  
    <entry id="voivode_weapon_0"><![CDATA[高傲姿态]]></entry>
    <entry id="voivode_weapon_1"><![CDATA[卑劣本质]]></entry>
    <entry id="voivode_weapon_2"><![CDATA[类兽利爪]]></entry>
    <entry id="voivode_weapon_3"><![CDATA[扭曲利爪]]></entry>
    <entry id="voivode_weapon_4"><![CDATA[“祸心之翼”]]></entry>
    <entry id="upgrade_tree_name_voivode.weapon"><![CDATA[捕食者的翅膀]]></entry>
    <entry id="voivode_armour_0"><![CDATA[优质的紧身上衣]]></entry>
    <entry id="voivode_armour_1"><![CDATA[统领的无袖上衣]]></entry>
    <entry id="voivode_armour_2"><![CDATA[华丽的服饰]]></entry>
    <entry id="voivode_armour_3"><![CDATA[异端的绸衣]]></entry>
    <entry id="voivode_armour_4"><![CDATA[“莫洛伊的束腰外衣”]]></entry>
    <entry id="upgrade_tree_name_voivode.armour"><![CDATA[华丽服饰]]></entry>
<!--Guild/BS Text-->	
	<entry id="action_verbose_body_guild_voivode"><![CDATA[他是暗影本身的指挥者。他与黑暗的盟约允许他指挥成群飞行的害兽，或使弱者的思想屈从于他的意志。他于不详的预感之中，与阴影融为一体，在众目睽睽之中于黑暗中化为无形。当他变为斯特里戈伊形态时，他成为一位致命的夜行捕食者，狩猎他的猎物，以他们饱满的灵魂为食。]]></entry>
    <entry id="action_verbose_body_blacksmith_voivode"><![CDATA[隐藏在高贵出身、优雅举止、昂贵珠宝和无时无刻的妄自尊大的背后是可怕的本性。他能把双手变形成有爪的翅膀。而它们使他能够飞过他的猎物，在适当的时候俯冲下来，用超自然的残暴力量来蹂躏它们。]]></entry>
   
	
<!--CAMPING -->	
	<entry id="action_verbose_body_camping_trainer_voivode"><![CDATA[出于堆信仰的恐惧，黑暗的牧羊人可以召唤暗夜生物。他可以通过与他的门徒分享他独特的精华来转移诅咒。出于他的邪恶本性，他将穿刺倒下之人的尸体，以威吓任何胆敢接近之人。]]></entry>
	<!--Skill Names-->
	<entry id="camping_skill_name_voivode_camp_1"><![CDATA[邪秽洗礼]]></entry>
	<entry id="camping_skill_name_voivode_camp_2"><![CDATA[血统]]></entry> 
    <entry id="camping_skill_name_voivode_camp_3"><![CDATA[暗夜之子]]></entry>
    <entry id="camping_skill_name_voivode_camp_4"><![CDATA[滚开！]]></entry>    
	<entry id="camping_skill_name_voivode_camp_5"><![CDATA[穿刺公爵]]></entry>

	<!--Custom Tooltips-->
	<entry id="camping_skill_effect_loot_vv_bleed_tooltip"><![CDATA[{colour_start|bleed}流血{colour_end}4伤害/回合 持续3回合]]></entry>
    <entry id="camping_skill_effect_loot_vv_dark_tooltip"><![CDATA[{colour_start|skill_unselectable}移除 如果火把亮度高于25{colour_end}]]></entry>
	<entry id="camping_skill_effect_loot_VV_CAMP_CHALICE"><![CDATA[产生{colour_start|notable}永恒圣杯{colour_end}]]></entry>
	
	<!--CAMPING Barks-->	
		<entry id="voivode+str_bark_rest"><![CDATA[为何无人想睡在我身边？]]></entry>
		<entry id="voivode+str_bark_rest"><![CDATA[让黑夜拥抱我们。]]></entry>
		<entry id="voivode+str_bark_rest"><![CDATA[我会来守夜的。我是个夜猫子，白天的感觉可就没这么好了。]]></entry>
        <entry id="voivode+str_bark_rest"><![CDATA[有一次我用一支黄金圣杯来喝东西。几乎要让我痛苦到刻骨铭心。]]></entry>
		<entry id="voivode+str_bark_rest"><![CDATA[昨晚我遇到了一位漂亮又优雅的女孩。我觉得她明天就会下葬了。]]></entry>
		<entry id="voivode+str_bark_rest"><![CDATA[你们的对话太无聊了……]]></entry>  
		<entry id="voivode+str_bark_rest"><![CDATA[去吧，睡觉去吧我的牲畜，没什么好害怕的。]]></entry>
		<entry id="voivode+str_bark_rest"><![CDATA[我希望有更多的敌人可以战斗。我还没填饱我的胃口呢。]]></entry>
		<entry id="voivode+str_bark_rest"><![CDATA[我不认为火能让我暖和……]]></entry>
		<entry id="voivode+str_bark_rest"><![CDATA[不要像动物一样吃东西！注意你们的举止，土包子们！]]></entry>
		<entry id="voivode+str_bark_rest"><![CDATA[有人想和我一起喝一杯吗？]]></entry>
		<entry id="voivode+str_bark_rest"><![CDATA[你爷爷年轻的时候我已经老的不行了。]]></entry>

		<!--Babtism-->	
		<entry id="voivode+str_bark_voivode_camp_1"><![CDATA[没有任何毒药和利剑能破坏这具肉体。]]></entry>
        <entry id="voivode+str_bark_voivode_camp_1"><![CDATA[我们可不想浪费光那些宝贵的活力，不是吗？]]></entry>
		<entry id="voivode+str_bark_voivode_camp_1"><![CDATA[我已经忘记了痛苦的感觉是什么样的。]]></entry>		
		<entry id="voivode+str_bark_voivode_camp_4"><![CDATA[……为多人流出来，使罪得赦。]]></entry>
		<entry id="voivode+str_bark_voivode_camp_1"><![CDATA[别害怕，只是抿一小口……]]></entry>
		<entry id="voivode+str_bark_voivode_camp_1"><![CDATA[我将成为你的圣爵。]]></entry>	
		<entry id="voivode+str_bark_voivode_camp_1"><![CDATA[你的上帝就是给你东西喝的这个人！]]></entry>
        <entry id="voivode+str_bark_voivode_camp_1"><![CDATA[你没尝过这样的东西。我保证。。。]]></entry>				
		<entry id="voivode+str_bark_voivode_camp_1"><![CDATA[拥抱黑暗。让我们在黑夜的阴影中沉沦吧。]]></entry>
      
		<!--LINEAGE-->	
		<entry id="voivode+str_bark_voivode_camp_2"><![CDATA[你值得称赞的功绩给敌人灌输了恐惧。我都能从这里闻到了……]]></entry>
		<entry id="voivode+str_bark_voivode_camp_2"><![CDATA[我们的任务即将结束，胜利即将来临，然后我们的奖赏也将随之而来！]]></entry>
		<entry id="voivode+str_bark_voivode_camp_2"><![CDATA[别担心，阴影是我的盟友，而它们会保护我们。]]></entry>
		<entry id="voivode+str_bark_voivode_camp_2"><![CDATA[我相信你能搞定一切！愿黑暗与你同在。]]></entry>
		<entry id="voivode+str_bark_voivode_camp_2"><![CDATA[如果你觉得你的神明不会保佑你了，你总可以来找我。]]></entry>
		<entry id="voivode+str_bark_voivode_camp_2"><![CDATA[不要害怕死亡，来吧……把头靠在我肩上，然后闭上你的眼睛。]]></entry>
		<entry id="voivode+str_bark_voivode_camp_2"><![CDATA[你不用怕我。我知道我们有何……不同。]]></entry>
		<entry id="voivode+str_bark_voivode_camp_2"><![CDATA[你的战斗还真是令人钦佩，对于这么一个……有极限的生物来说的话。]]></entry>	
		 <!--Children of the night-->	
		<entry id="voivode+str_bark_voivode_camp_3"><![CDATA[看吧，满月当空……]]></entry>
		<entry id="voivode+str_bark_voivode_camp_3"><![CDATA[暗夜之子们，他们演奏着多么甜美的音乐啊……]]></entry>  
		<entry id="voivode+str_bark_voivode_camp_1"><![CDATA[到我身边，我的弟姐妹们。听从我的召唤！]]></entry>
        <!--Away from me !-->	
		<entry id="voivode+str_bark_voivode_camp_4"><![CDATA[在我这个年纪，他人的痛苦会流露出某种……美丽。]]></entry>        
		<entry id="voivode+str_bark_voivode_camp_4"><![CDATA[把那污物从我身边拿开！！]]></entry>
		<entry id="voivode+str_bark_voivode_camp_4"><![CDATA[我以为我们一致同意要把那些东西收起来的！！]]></entry>
		<entry id="voivode+str_bark_voivode_camp_4"><![CDATA[别把你的信仰放在这种骗人的饰品上了！]]></entry>
        <entry id="voivode+str_bark_voivode_camp_4"><![CDATA[嗬嘶嘶嘶！退后！]]></entry>	
        <entry id="voivode+str_bark_voivode_camp_4"><![CDATA[看着你所拜偶像的脆弱吧！！]]></entry>	
        <entry id="voivode+str_bark_voivode_camp_4"><![CDATA[哈哈哈哈……你必须要相信这玩意对我有用才行！]]></entry>	
		<!--Impale the fallen-->	
		<entry id="voivode+str_bark_voivode_camp_5"><![CDATA[扎上去！立起来！这个人还活着呢。]]></entry>
		<entry id="voivode+str_bark_voivode_camp_5"><![CDATA[那上面的味道好闻吗？哈哈哈哈哈！]]></entry>
		<entry id="voivode+str_bark_voivode_camp_5"><![CDATA[我要用我们的敌人建成一座刺林……]]></entry>
		<entry id="voivode+str_bark_voivode_camp_5"><![CDATA[让我们从远处就看到他们的痛苦！让他们知道他们面对的是谁！]]></entry>
		<entry id="voivode+str_bark_voivode_camp_5"><![CDATA[恐惧比他们的利刃所刺的还要深！]]></entry>


<!--Supply / Eternal Goblet-->	
	<entry id="str_inventory_description_estatevv_chalice"><![CDATA[吸血鬼总督的精髓。用来治愈
	{colour_start|debuff}重创减益{colour_end}和{colour_start|disease}疾病{colour_end}。
	变为{colour_start|voivode_colour}暗裔{colour_end}。]]></entry>	
	<entry id="str_inventory_title_estatevv_chalice"><![CDATA[永恒圣杯]]></entry>

	<entry id="str_inventory_description_estatevv_chalice_dummy"><![CDATA[这个东西不应该掉落的。]]></entry>	
	<entry id="str_inventory_title_estatevv_chalice_dummy"><![CDATA[奇怪的圣杯]]></entry>



 <!--Events -->	
	
    <entry id="town_event_title_bonus_recruit_voivode"><![CDATA[人蝠之谜]]></entry>
    <entry id="town_event_description_bonus_recruit_voivode"><![CDATA[一场怪蝠的瘟疫从远方传播过来。这些生物似乎正跟随着一条非自然的路线。如果幸运的话，它们会在黎明时分消失……它们只是些动物，不是吗？]]></entry>
   
    <entry id="town_event_title_idle_resolve_level_voivode"><![CDATA[严重影响]]></entry>
    <entry id="town_event_description_idle_resolve_level_voivode"><![CDATA[一阵浓厚而朦胧的雾气笼罩着哈姆雷特。
	钟声响起，宵禁开始了。修士们把自己锁在耳堂里。
	今晚只有最邪恶的生物们才在小巷里游荡]]></entry>
	
	<entry id="town_event_title_first_voivode"><![CDATA[对魔鬼的怜悯]]></entry>
    <entry id="town_event_description_first_voivode"><![CDATA[在雾中，一位显眼的外国人来到了酒馆。他的举止优雅，他的仪态威严，而他的意图则……阴暗。]]></entry>
	
	<entry id="town_event_title_lock_brothel_voivode"><![CDATA[一场骇人听闻的意外]]></entry>
    <entry id="town_event_description_lock_brothel_voivode"><![CDATA[一个有名的妓女被发现失去了生命。她枯萎的身体躺在小巷冰冷的阴影里。
不管是什么杀了她，都不是会人类。]]></entry>

	<entry id="town_event_title_bonus_Prince_of_Darkness"><![CDATA[黑暗王子]]></entry>
    <entry id="town_event_description_bonus_Prince_of_Darkness"><![CDATA[黑暗王子复活了。他最忠诚和最有经验的仆人，站在哈姆雷特这头来对抗一个更大的公害，至少现在是如此……]]></entry>
	

<!--Reactions --> 
	<!--Monster Skills --> 
	<entry id="voivode+str_monster_attack_unholy_smite"><![CDATA[我才是统率不死族的那个人，你这傻瓜！]]></entry>
	<entry id="voivode+str_monster_attack_unholy_judgement"><![CDATA[我非常熟悉这些能量……]]></entry>
	<entry id="voivode+str_monster_attack_unholy_curse"><![CDATA[诅咒一个被诅咒的人？真是可笑。]]></entry>
	<entry id="voivode+str_control_before_turn_siren"><![CDATA[这片水域现在才是我的家！]]></entry>
	<entry id="voivode+str_control_before_turn_siren"><![CDATA[这片水域现在才是我的家！]]></entry>
    <entry id="voivode+str_control_return_siren"><![CDATA[我的双目清晰了！]]></entry>
    <entry id="voivode+str_control_return_siren"><![CDATA[我应该服从我的女王！]]></entry>
    <entry id="voivode+str_control_return_siren"><![CDATA[听着我的后裔们。你们应该向女王鞠躬！]]></entry>
    <entry id="voivode+str_control_return_siren"><![CDATA[邪恶的女巫！你现在应该听我的命令！]]></entry>
    <entry id="voivode+str_control_return_siren"><![CDATA[邪恶的女巫！把这个把戏教给我！]]></entry>
    <entry id="voivode+str_control_return_siren"><![CDATA[我认识一位知道类似把戏的魅魔！]]></entry>
	<entry id="voivode+str_monster_user_selected_targets_kill_pill"><![CDATA[我要死了？但是……我却很可能会很高兴？！]]></entry>  
	<entry id="voivode+str_monster_user_selected_targets_kill_pill"><![CDATA[你和我所回归的黑暗相比什么都不是！！！]]></entry>  
  
  <!--Deathdoor --> 
    <entry id="voivode+str_bark_deathsdoor"><![CDATA[我从没料到这一刻会到来。杀死死亡本身，真是讽刺……]]></entry>
	<entry id="voivode+str_bark_deathsdoor"><![CDATA[死亡是我的伴侣，你只是让我们更亲密了而已！]]></entry>
	<entry id="voivode+str_bark_deathsdoor"><![CDATA[不能是我！先去杀了他们！]]></entry>
    <entry id="voivode+str_bark_deathsdoor"><![CDATA[傻瓜。你认为我的死能把你从我这里拯救出来？我总是会回来的。]]></entry>
    <entry id="voivode+str_bark_deathsdoor"><![CDATA[我从没料到这一刻会到来。杀死死亡本身，真是讽刺……]]></entry>
	<!--Crit by Hero -->
	<entry id="voivode+str_critbyhero"><![CDATA[你的灵魂闻起来像蜂蜜与坚果……]]></entry>
    <entry id="voivode+str_critbyhero"><![CDATA[你的生命力让我垂涎欲滴……]]></entry>
 	<entry id="voivode+str_critbyhero"><![CDATA[你的性命将让我满足！]]></entry>
	<entry id="voivode+str_critbyhero"><![CDATA[你不知道你面对的是谁，不是吗？]]></entry>
	<entry id="voivode+str_critbyhero"><![CDATA[向我屈膝！]]></entry>
	<entry id="voivode+str_critbyhero"><![CDATA[我枉活了这么久才能被你吓到！]]></entry>
	<entry id="voivode+str_critbyhero"><![CDATA[当死神盯着你的脸看时你认不出来它吗？]]></entry>
	<entry id="voivode+str_critbyhero"><![CDATA[哈哈哈哈哈……受苦吧！]]></entry>
    <entry id="voivode+str_strigo_critbyhero"><![CDATA[{colour_start|voivode_colour}见识真正的力量吧！{colour_end}]]></entry>
    <entry id="voivode+str_strigo_critbyhero"><![CDATA[{colour_start|voivode_colour}向主人屈膝！{colour_end}]]></entry>
    <entry id="voivode+str_strigo_critbyhero"><![CDATA[{colour_start|voivode_colour}我是盘踞于你噩梦中的恐怖！{colour_end}]]></entry>
    <entry id="voivode+str_strigo_critbyhero"><![CDATA[{colour_start|voivode_colour}吾既黑夜！{colour_end}]]></entry>
    <entry id="voivode+str_strigo_critbyhero"><![CDATA[{colour_start|voivode_colour}我享用了你！{colour_end}]]></entry>
    <entry id="voivode+str_strigo_critbyhero"><![CDATA[{colour_start|voivode_colour}你只不过是永生者的食物而已！{colour_end}]]></entry>
    <entry id="voivode+str_strigo_critbyhero"><![CDATA[{colour_start|voivode_colour}在我面前胆怯吧！{colour_end}]]></entry>

<!--Party Limit -->	
	<entry id="str_incompatible_party_member_voivode_religion"><![CDATA[死者不应该离开他们的坟墓……]]></entry>
    <entry id="str_incompatible_party_member_voivode_religion"><![CDATA[我拒绝和那个邪恶的东西一起旅行！]]></entry>
    <entry id="str_incompatible_party_member_voivode_religion"><![CDATA[助长黑暗之人！我是不会和你一起旅行的！]]></entry>
    <entry id="str_incompatible_party_member_voivode_religion"><![CDATA[我不会侍奉这等……生物。]]></entry>
	<entry id="str_incompatible_party_voivode_religion"><![CDATA[可怜的白痴。用救赎的应许欺骗你是多么的容易。]]></entry>
    <entry id="str_incompatible_party_voivode_religion"><![CDATA[我受不了那个可笑傀儡的胡言乱语了。]]></entry>
    <entry id="str_incompatible_party_voivode_religion"><![CDATA[“圣焰”真是种相信了就无可救药的幻觉啊。]]></entry>
	<entry id="str_incompatible_party_member_voivode_limit"><![CDATA[然后和你一起共享那些无辜的生命们？绝不。]]></entry>
    <entry id="str_incompatible_party_member_voivode_limit"><![CDATA[这是我的畜群。找你自己的畜群去！]]></entry>
    <entry id="str_incompatible_party_member_voivode_limit"><![CDATA[我才是真正的主人！]]></entry>
    <entry id="str_incompatible_party_member_voivode_limit"><![CDATA[我不打算对你一视同仁……]]></entry>
	
	<entry id="voivode+str_override_invalid_rejection"><![CDATA[可怜的白痴。用救赎的应许欺骗你是多么的容易。]]></entry>
	<entry id="voivode+str_override_invalid_rejection"><![CDATA[我受不了那个可笑傀儡的荒谬圣咏了。]]></entry>
	<entry id="voivode+str_override_invalid_rejection"><![CDATA[仅仅是接近这个地方就让我恶心……]]></entry>

<!--Town Barks--> 
	<entry id="voivode+str_stagecoach_idle"><![CDATA[真是个可怜的地方！我掌管着一座被不可摧毁的墙包围的小村庄！]]></entry>
    <entry id="voivode+str_stagecoach_idle"><![CDATA[我所配得上的远比侍奉这个肉体凡胎的渣滓要多！]]></entry>
    <entry id="voivode+str_stagecoach_idle"><![CDATA[请求我成为你的盟友，然后我就会把你变成我的奴仆！]]></entry>
    <entry id="voivode+str_stagecoach_idle"><![CDATA[好吧，这个地方还真是让人……兴味索然。]]></entry>
    <entry id="voivode+str_stagecoach_idle"><![CDATA[我可以自我介绍一下吗，我是拉杜，很高兴见到另一位领主。]]></entry>
    <entry id="voivode+str_stagecoach_idle"><![CDATA[黄金和荣耀在等待着？呸，我在追求超越这一切的东西。]]></entry>
    <entry id="voivode+str_stagecoach_idle"><![CDATA[我曾经也是一个和这里一样的地方的主人。]]></entry>
    <entry id="voivode+str_stagecoach_idle"><![CDATA[多瞧几眼，我可不和你寻常看见的那些在这里闲逛的渣滓一样。]]></entry>
    <entry id="voivode+str_stagecoach_idle"><![CDATA[一群傻瓜！你们认为你们可以在这地方找到荣耀或救赎吗？]]></entry>
    <entry id="voivode+str_stagecoach_idle"><![CDATA[那次旅途并没有使我的楚楚衣冠受到太大的损伤。]]></entry>
    <entry id="voivode+str_stagecoach_idle"><![CDATA[我认识你的先祖，真是一位优雅过人的男子。]]></entry>
    <entry id="voivode+str_stagecoach_idle"><![CDATA[这个地方……真是个美丽的梦魇！]]></entry>
    <entry id="voivode+str_stagecoach_idle"><![CDATA[我收到了你先祖的信，我的老友过世了。请允许我帮助他，让他的小镇恢复昔日的辉煌。]]></entry>
    <entry id="voivode+str_stagecoach_idle"><![CDATA[你和你的先祖有所不同。你的双目并没有看到他所看到的，我能感觉出来！]]></entry>
    <entry id="voivode+str_stagecoach_idle"><![CDATA[当这个小村庄只剩下一片荒芜的时候，我就已经很老了。]]></entry>
    <entry id="voivode+str_stagecoach_idle"><![CDATA[像我这样的人却要依靠这种平凡的运输方式真是太丢人了。]]></entry>
    <entry id="voivode+str_stagecoach_idle"><![CDATA[你的先祖和你不同，他是一位举止优雅的男人。]]></entry>
    <entry id="voivode+str_stagecoach_idle"><![CDATA[我上次拜访这个地方时的样子比现在好多了。]]></entry>
    <entry id="voivode+str_stagecoach_roster_full_rejection"><![CDATA[你的营房满了！为我再找个地方，或解雇掉你所养的一个无用的奴仆。]]></entry>
    <entry id="voivode+str_roster_list_low_stress_bark"><![CDATA[备好我的奴隶，我准备好大吃一顿了！]]></entry>
    <entry id="voivode+str_roster_list_low_stress_bark"><![CDATA[我应是与腐化战斗的士兵！]]></entry>
    <entry id="voivode+str_roster_list_low_stress_bark"><![CDATA[这里没有什么我好怕的，应该是他们怕我！]]></entry>
    <entry id="voivode+str_roster_list_low_stress_bark"><![CDATA[我并没有身处危险，我是就是危险！]]></entry>
    <entry id="voivode+str_roster_list_low_stress_bark"><![CDATA[我生而为此。]]></entry>
    <entry id="voivode+str_roster_list_low_stress_bark"><![CDATA[去帮我多带些追随者来。他们需要了解真相！]]></entry>
    <entry id="voivode+str_roster_list_low_stress_bark"><![CDATA[吾既黑暗！]]></entry>
    <entry id="voivode+str_roster_list_low_stress_bark"><![CDATA[做什么都比干坐在这个烂地方强。]]></entry>
    <entry id="voivode+str_roster_list_low_stress_bark"><![CDATA[派我出去！我好久没饱餐一顿了！]]></entry>
    <entry id="voivode+str_roster_list_low_stress_bark"><![CDATA[备好束具，我想猎食了！]]></entry>
    <entry id="voivode+str_roster_list_low_stress_bark"><![CDATA[多么美丽而晴朗的狩猎之夜！]]></entry>
    <entry id="voivode+str_roster_list_medium_stress_bark"><![CDATA[我的老骨头再也承受不住这些了……]]></entry>
    <entry id="voivode+str_roster_list_medium_stress_bark"><![CDATA[我不需要安慰，我需要饱餐！]]></entry>
    <entry id="voivode+str_roster_list_medium_stress_bark"><![CDATA[行、行，我还能再来一次。]]></entry>
    <entry id="voivode+str_roster_list_medium_stress_bark"><![CDATA[呼，这次最好待我公正！]]></entry>
    <entry id="voivode+str_roster_list_medium_stress_bark"><![CDATA[好吧我会加入你们这些讨厌的凡人的。]]></entry>
    <entry id="voivode+str_roster_list_medium_stress_bark"><![CDATA[给这个老人一周的时间来休息吧。]]></entry>
    <entry id="voivode+str_roster_list_medium_stress_bark"><![CDATA[你能体贴一下选其他人吗？]]></entry>
    <entry id="voivode+str_roster_list_medium_stress_bark"><![CDATA[我就知道这不会这么容易的。]]></entry>
    <entry id="voivode+str_roster_list_high_stress_bark"><![CDATA[别——别再找我！]]></entry>
    <entry id="voivode+str_roster_list_high_stress_bark"><![CDATA[我不能——我不想回去！]]></entry>
    <entry id="voivode+str_roster_list_high_stress_bark"><![CDATA[一些可怖的东西在这里，我能感觉到！]]></entry>
    <entry id="voivode+str_roster_list_high_stress_bark"><![CDATA[我没法把那些恐怖的景象忘掉……]]></entry>
    <entry id="voivode+str_roster_list_high_stress_bark"><![CDATA[我要缓一缓！]]></entry>
    <entry id="voivode+str_roster_list_high_stress_bark"><![CDATA[像我这样的领主在经过之前的困境后需要休息！]]></entry>
    <entry id="voivode+str_roster_list_high_stress_bark"><![CDATA[以我身体状况来看我无法再走出那里了。]]></entry>
    <entry id="voivode+str_roster_list_high_stress_bark"><![CDATA[我曾见过的恐怖……我不知道是否还能承受的住。]]></entry>
    <entry id="voivode+str_roster_list_high_stress_bark"><![CDATA[我得做些事把我的头脑释放出来。]]></entry>
    <entry id="voivode+str_roster_list_high_stress_bark"><![CDATA[酒，上帝，还是骰子。只要是能转移我注意的都行。]]></entry>
    <entry id="voivode+str_roster_list_high_stress_bark"><![CDATA[不要再来一次探险了……干别的都好！]]></entry>
    <entry id="voivode+str_roster_list_high_stress_bark"><![CDATA[我就是受不住“再去一次”这样的想法。]]></entry>
    <entry id="voivode+str_roster_list_fearful_bark"><![CDATA[我就是受不住“再去一次”这样的想法。]]></entry>
    <entry id="voivode+str_roster_list_fearful_bark"><![CDATA[下一次任务我可能就完了！我——我还没准备好。]]></entry>
    <entry id="voivode+str_roster_list_fearful_bark"><![CDATA[不……请不要派我过去。]]></entry>
    <entry id="voivode+str_roster_list_fearful_bark"><![CDATA[排我的某个后裔去吧！我无法承受的住了！]]></entry>
    <entry id="voivode+str_roster_list_paranoid_bark"><![CDATA[他们想因我的本质而烧死我！]]></entry>
    <entry id="voivode+str_roster_list_paranoid_bark"><![CDATA[他们想驱赶一群羔羊顶穿我的心脏！我能闻到他们的恐惧！]]></entry>
    <entry id="voivode+str_roster_list_paranoid_bark"><![CDATA[别看我！我知道你的邪恶想法！]]></entry>
    <entry id="voivode+str_roster_list_depressed_bark"><![CDATA[我的肉体不朽我的痛苦永恒……]]></entry>
    <entry id="voivode+str_roster_list_depressed_bark"><![CDATA[今天的夜比我内在所存之物的还要黑暗。]]></entry>
    <entry id="voivode+str_roster_list_depressed_bark"><![CDATA[未来只有死亡和流血……]]></entry>
    <entry id="voivode+str_roster_list_selfish_bark"><![CDATA[我这么努力，你应该给我点金子报答我！]]></entry>
    <entry id="voivode+str_roster_list_selfish_bark"><![CDATA[为我量身订做新的衣服，这样才能配得上像我这样的一位领主！]]></entry>
    <entry id="voivode+str_roster_list_selfish_bark"><![CDATA[这就是你对于共享我的皇家队伍的感谢！？]]></entry>
    <entry id="voivode+str_roster_list_abusive_bark"><![CDATA[愚蠢的土老包们。你们还没有意识到我是一位领主！]]></entry>
    <entry id="voivode+str_roster_list_abusive_bark"><![CDATA[让我咬一口你！我需要准备充分！]]></entry>
    <entry id="voivode+str_roster_list_abusive_bark"><![CDATA[咩咩叫的羊羔——说的就是你们！]]></entry>
    <entry id="voivode+str_roster_list_masochistic_bark"><![CDATA[让我再去一次！我喜欢痛苦！]]></entry>
    <entry id="voivode+str_roster_list_masochistic_bark"><![CDATA[哈哈哈每道伤疤都是一个美好的回忆！]]></entry>
    <entry id="voivode+str_roster_list_masochistic_bark"><![CDATA[哈哈哈哈，多么甜美的痛苦我的兄弟们啊！]]></entry>
    <entry id="voivode+str_roster_list_irrational_bark"><![CDATA[哈哈哈！嘻嘻！]]></entry>
    <entry id="voivode+str_roster_list_irrational_bark"><![CDATA[它在扭动、翻转，但它什么也没说！]]></entry>
    <entry id="voivode+str_roster_list_irrational_bark"><![CDATA[一千只眼睛——凝视着我，眨着！它们像让我回去！]]></entry>
    <entry id="voivode+str_roster_list_bar_bark"><![CDATA[<咕嘟，咕嘟>]]></entry>
    <entry id="voivode+str_roster_list_bar_bark"><![CDATA[再来点酒，先生！]]></entry>
    <entry id="voivode+str_roster_list_bar_bark"><![CDATA[可口，满足啊——多来点！]]></entry>
    <entry id="voivode+str_roster_list_bar_bark"><![CDATA[身处凡人之中的感觉是多么令人耳目一新啊！]]></entry>
    <entry id="voivode+str_roster_list_bar_bark"><![CDATA[喝吧！我保证酒是不会停的！]]></entry>
    <entry id="voivode+str_roster_list_bar_bark"><![CDATA[把酒杯装满！我的黑夜要降临了！]]></entry>
    <entry id="voivode+str_roster_list_bar_bark"><![CDATA[啊……它流进你嘴唇的感觉太美秒了！]]></entry>
    <entry id="voivode+str_roster_list_bar_bark"><![CDATA[我不需要玻璃杯。我有自己的圣杯！]]></entry>
    <entry id="voivode+str_roster_list_bar_bark"><![CDATA[我可以请你抿一小口特别的酒吗？]]></entry>
    <entry id="voivode+str_roster_list_gambling_bark"><![CDATA[再扔一次骰子，这次是我赢！]]></entry>
    <entry id="voivode+str_roster_list_gambling_bark"><![CDATA[我全押！真是太值了！]]></entry>
    <entry id="voivode+str_roster_list_gambling_bark"><![CDATA[如果你敢对我出老千，我在你死后夺回所有的东西！]]></entry>
    <entry id="voivode+str_roster_list_gambling_bark"><![CDATA[翻开那张卡片——就是“月”卡！]]></entry>
    <entry id="voivode+str_roster_list_brothel_bark"><![CDATA[让你自己为不朽的纵乐做好准备吧！]]></entry>
    <entry id="voivode+str_roster_list_brothel_bark"><![CDATA[好—好棒！]]></entry>
    <entry id="voivode+str_roster_list_brothel_bark"><![CDATA[我可没有“那么”灵活！]]></entry>
    <entry id="voivode+str_roster_list_brothel_bark"><![CDATA[别害怕，今夜我的饥渴出自一种不同的本性。]]></entry>
    <entry id="voivode+str_roster_list_brothel_bark"><![CDATA[鲜美青春之味……]]></entry>

   
    <entry id="voivode+str_roster_list_treatment_bark"><![CDATA[这个房间……它在翻转！]]></entry>
    <entry id="voivode+str_roster_list_treatment_bark"><![CDATA[我知道，我知道。这是为了我好。]]></entry>
    <entry id="voivode+str_roster_list_treatment_bark"><![CDATA[你确定你能把我锁住吗？]]></entry>
    <entry id="voivode+str_roster_list_treatment_bark"><![CDATA[你不能治愈我内在所存的一切！]]></entry>
    <entry id="voivode+str_roster_list_treatment_bark"><![CDATA[快打开门！我已经治好了——我大概好了？！]]></entry>
    <entry id="voivode+str_roster_list_disease_treatment_bark"><![CDATA[治好我？！哈哈啊哈哈！]]></entry>
    <entry id="voivode+str_roster_list_disease_treatment_bark"><![CDATA[这些水蛭身上有一种熟悉的饥饿感。]]></entry>
    <entry id="voivode+str_roster_list_disease_treatment_bark"><![CDATA[我没病，这是我本质的一部分！]]></entry>
    <entry id="voivode+str_roster_list_disease_treatment_bark"><![CDATA[一种可悲凡人的疾病就战胜了像我这样的人，真是丢人。]]></entry>
    <entry id="voivode+str_roster_list_disease_treatment_bark"><![CDATA[我内在所存之物是无法用你那凡间的仪器治愈的！]]></entry>
    <entry id="voivode+str_roster_list_disease_treatment_bark"><![CDATA[你无法治愈死亡本身！哈哈哈哈！]]></entry>
    <entry id="voivode+str_quest_too_hard"><![CDATA[这个任务难度超出我的能力水平了。]]></entry>
    <entry id="voivode+str_quest_too_hard"><![CDATA[甚至连我都不想探索这般的黑暗！]]></entry>
    <entry id="voivode+str_quest_too_hard"><![CDATA[这简直就是在自杀，派我的后裔们来替代我！]]></entry>
    <entry id="voivode+str_quest_too_hard"><![CDATA[我的老骨头再也不能应付这样任务了！]]></entry>
    <entry id="voivode+str_quest_too_hard"><![CDATA[我撑不过一分钟！]]></entry>
    <entry id="voivode+str_quest_too_hard"><![CDATA[我拒绝！去牺牲掉一个奴隶，而不是我！]]></entry>
    <entry id="voivode+str_quest_too_easy"><![CDATA[我不想把自己的才干浪费在这种小差事上。]]></entry>
    <entry id="voivode+str_quest_too_easy"><![CDATA[这种任务难度我是不屑一顾的。]]></entry>
	<entry id="voivode+str_quest_too_easy"><![CDATA[你以为你的性命会结果在这么平凡的任务上吗？！]]></entry>
	<entry id="voivode+str_quest_too_easy"><![CDATA[这项任务是给弱者和凡人的！]]></entry>
    <entry id="voivode+str_quest_too_easy"><![CDATA[哈—这类儿戏可不是上进的路子！]]></entry>
    <entry id="voivode+str_quest_too_easy"><![CDATA[以我的地位来说，这不是一个合适的任务。]]></entry>
    <entry id="voivode+str_quest_too_easy"><![CDATA[呸—太小看我了。 派我的后裔们去吧！]]></entry>
    <entry id="voivode+str_quest_too_easy"><![CDATA[我一位领主，我可不会做这种毫无意义的差事]]></entry>



<!--Strigoi Barks--> 	
	<entry id="voivode+str_strigo_bark"><![CDATA[{colour_start|voivode_colour}嘶——！{colour_end}]]></entry>    
    <entry id="voivode+str_strigo_bark"><![CDATA[{colour_start|voivode_colour}嗷——！！{colour_end}]]></entry>  
    <entry id="voivode+str_strigo_bark"><![CDATA[{colour_start|voivode_colour}嘶啊啊啊呃！{colour_end}]]></entry>    
    <entry id="voivode+str_strigo_bark"><![CDATA[{colour_start|voivode_colour}呀啊啊啊呃！{colour_end}]]></entry>
    <entry id="voivode+str_strigo_bark"><![CDATA[{colour_start|voivode_colour}咯呃呃呃……{colour_end}]]></entry>
    <entry id="voivode+str_strigo_bark"><![CDATA[{colour_start|voivode_colour}唔嗷啊啊啊！{colour_end}]]></entry>
    <entry id="voivode+str_strigo_bark"><![CDATA[{colour_start|voivode_colour}嘶啊啊啊！！！{colour_end}]]></entry>
	
		 

<!--Glossary--> 
	<entry id="str_glossary_term_101"><![CDATA[——{colour_start|voivode_colour}黑暗{colour_end}]]></entry>
	<entry id="str_glossary_term_definition_101"><![CDATA[每失去1点{colour_start|wos_rarity}火把亮度{colour_end}等于1点的{colour_start|voivode_colour}黑暗{colour_end}]]></entry>

	<entry id="str_glossary_term_102"><![CDATA[——{colour_start|voivode_colour}暗裔初生{colour_end}]]></entry>
	<entry id="str_glossary_term_definition_102"><![CDATA[x]]></entry>
	
	<entry id="str_glossary_term_103"><![CDATA[——{colour_start|voivode_colour}暗裔{colour_end}]]></entry>
	<entry id="str_glossary_term_definition_103"><![CDATA[x]]></entry>
	
	<entry id="str_glossary_term_104"><![CDATA[——{colour_start|voivode_colour}暗裔——狂怒{colour_end}]]></entry>
	<entry id="str_glossary_term_definition_104"><![CDATA[x]]></entry>
	
	<entry id="str_glossary_term_105"><![CDATA[——{colour_start|voivode_colour}暗裔初生{colour_end}——{colour_start|notable}净化{colour_end}]]></entry>
	<entry id="str_glossary_term_definition_105"><![CDATA[x]]></entry>
   
   
   
   
   <!--Skill Barks -->	
	<entry id="Flock_bark"><![CDATA[暗夜生物在我麾下！]]></entry>
	<entry id="Flock_bark"><![CDATA[别在他们的身体中留下哪怕一滴血！]]></entry>
	<entry id="Flock_bark"><![CDATA[如一片黑云般的蝠翼于獠牙将成为你的坟墓！]]></entry>
	<entry id="Flock_bark"><![CDATA[飞吧，我的兄弟们，飞吧，然后饱餐一顿！]]></entry>
	<entry id="Obey_bark"><![CDATA[在我双脚下爬行吧，虫豸！]]></entry>
	<entry id="Obey_bark"><![CDATA[你的主人在命令你！]]></entry>
	<entry id="Obey_bark"><![CDATA[在我的意志下屈服！]]></entry>
	<entry id="Obey_bark"><![CDATA[在汝的新主人面前跪下！]]></entry>
	<entry id="Obey_bark"><![CDATA[抵抗毫无意义……]]></entry>
	<entry id="Obey_bark"><![CDATA[你的意志比外表要更加脆弱！]]></entry>
	<entry id="Obey_bark"><![CDATA[来吧，向我走来，慢点。]]></entry>
	<entry id="Obey_bark"><![CDATA[在我的双脚前俯身吧，蛆虫！]]></entry>
	<entry id="Obey_bark"><![CDATA[服从！！！]]></entry>
	<entry id="Shadowplay_bark"><![CDATA[暗、阴与影。将给我们的敌人带来他们的毁灭！]]></entry>
	<entry id="Shadowplay_bark"><![CDATA[暗影将成为我们的利剑……]]></entry>
	<entry id="Shadowplay_bark"><![CDATA[他们看不见我……而我却能看见他们……]]></entry>
	<entry id="Shadowplay_bark"><![CDATA[让他们接近我……]]></entry>
	<entry id="Shadowplay_bark"><![CDATA[我将比你的影子还要靠近你。]]></entry>
	<entry id="Shadowplay_bark"><![CDATA[勿惧黑暗，我的朋友。]]></entry>
	<entry id="Shadowplay_bark_target"><![CDATA[这些影子都是从哪里来的？]]></entry>
	<entry id="Shadowplay_bark_target"><![CDATA[阴影们移动到了我的脚下！]]></entry>
	<entry id="Shadowplay_bark_target"><![CDATA[这老头子哪去了？]]></entry>
	<entry id="Shadowplay_bark_target"><![CDATA[接着就是突然的一片漆黑……]]></entry>
	<entry id="Shadowplay_bark_target"><![CDATA[接着就是突然的一片漆黑……]]></entry>
	<entry id="VV_Tranform_Bark"><![CDATA[多么恶毒的生物！]]></entry>
	<entry id="VV_Tranform_Bark"><![CDATA[真是残酷而扭曲的事情！]]></entry>
	<entry id="VV_Tranform_Bark"><![CDATA[我就知道他在隐瞒着些什么！]]></entry>
	<entry id="VV_Tranform_Bark"><![CDATA[这就是他的真面目！]]></entry>
	<entry id="VV_Tranform_Bark"><![CDATA[他是怎么保住他的衣服的？]]></entry>
	<entry id="VV_Tranform_Bark"><![CDATA[啊啊啊让那玩意滚远点！]]></entry>
	<entry id="VV_Tranform_Bark"><![CDATA[这扭曲之物并非我们的同类！]]></entry>
	
   
  <!--Shadowplay Class Barks -->	
   
	<entry id="voivode+Shadowplay_bark_target"><![CDATA[我们两个是怎么能组到一个队伍里的？！真是邪恶的魔法！]]></entry>
	<entry id="vestal+Shadowplay_bark_target"><![CDATA[我们两个是怎么能组到一个队伍里的？！真是邪恶的魔法！]]></entry>
	<entry id="paladin+Shadowplay_bark_target"><![CDATA[我们两个是怎么能组到一个队伍里的？！真是邪恶的魔法！]]></entry>
	<entry id="exorcist+Shadowplay_bark_target"><![CDATA[我们两个是怎么能组到一个队伍里的？！真是邪恶的魔法！]]></entry>
	<entry id="warrior_of_sunlight+Shadowplay_bark_target"><![CDATA[我们两个是怎么能组到一个队伍里的？！真是邪恶的魔法！]]></entry>
	
	<entry id="darkwraith+Shadowplay_bark_target"><![CDATA[这些影子都是从哪里来的？]]></entry>
	<entry id="darkwraith+Shadowplay_bark_target"><![CDATA[把戏不错，你能教教我吗。]]></entry>
	<entry id="darkwraith+Shadowplay_bark_target"><![CDATA[噢，一只斯特里戈伊。数个世纪以来我第一次见到只活的。]]></entry>
	<entry id="darkwraith+Shadowplay_bark_target"><![CDATA[拉杜你有必要那样做吗？我是不死的，我不需要保护。]]></entry>
	<entry id="succubus+Shadowplay_bark_target"><![CDATA[你真是太好心了拉杜。事后我可能会奖励你的老骨头的……]]></entry>
	<entry id="succubus+Shadowplay_bark_target"><![CDATA[你知道我可以自己选择谁来保护我的。但还是谢谢了。]]></entry>
	<entry id="succubus+Shadowplay_bark_target"><![CDATA[躲在阴影里吧老头。其他人可不会像我一样了。]]></entry>
	<entry id="beastmaster+Shadowplay_bark_target"><![CDATA[黑暗也是循环的一部分。]]></entry>
	<entry id="beastmaster+Shadowplay_bark_target"><![CDATA[非人而兽，伏于暗中。]]></entry>
	<entry id="beastmaster+Shadowplay_bark_target"><![CDATA[你体内的野兽和我的不一样……]]></entry>
	<entry id="beastmaster+Shadowplay_bark_target"><![CDATA[我的双眼能看穿你的黑暗。
	我看见了你体内的野兽。]]></entry>
	
	<entry id="abomination+Shadowplay_bark_target"><![CDATA[你在承受着诅咒，尽管你并非兄弟……]]></entry>
	<entry id="abomination+Shadowplay_bark_target"><![CDATA[你能理解我的痛苦。]]></entry>
	<entry id="abomination+Shadowplay_bark_target"><![CDATA[看看他们怎么躲着我的！你也离他们远点吧。]]></entry>
	<entry id="crusader+Shadowplay_bark_target"><![CDATA[圣焰无法容忍这般邪恶的把戏！]]></entry>
	<entry id="crusader+Shadowplay_bark_target"><![CDATA[提醒你自己，我们只是战斗中的盟友！]]></entry>
	<entry id="crusader+Shadowplay_bark_target"><![CDATA[在这结束后，提醒我来净化你这邪恶生物！]]></entry>
	<entry id="leper+Shadowplay_bark_target"><![CDATA[罪王双聚……仅为一恶。]]></entry>
	<entry id="leper+Shadowplay_bark_target"><![CDATA[你跟我一样都是位领主，不要让你自己为我效力！]]></entry>
	<entry id="leper+Shadowplay_bark_target"><![CDATA[在这黑暗的时代。我需要另一个邪恶国王的侍奉！]]></entry>
	<entry id="occultist+Shadowplay_bark_target"><![CDATA[那和我所见过的一切都不一样。尽管十分的相似。]]></entry>
	<entry id="occultist+Shadowplay_bark_target"><![CDATA[再用一下这招！多么值得研究的惊人表现！]]></entry>
	<entry id="occultist+Shadowplay_bark_target"><![CDATA[我看见了你的所作所为！并且我要学习一下……]]></entry>
	<entry id="occultist+Shadowplay_bark_target"><![CDATA[很有趣。我永远都无法召唤出你所侍奉的那个人。]]></entry>
	<entry id="occultist+Shadowplay_bark_target"><![CDATA[你的神对我来说并不陌生。]]></entry>
	<entry id="occultist+Shadowplay_bark_target"><![CDATA[我能看穿黑暗的面纱！]]></entry>
	<entry id="grave_robber+Shadowplay_bark_target"><![CDATA[更高等的黑暗！！！]]></entry>
	<entry id="grave_robber+Shadowplay_bark_target"><![CDATA[这些暗影比我能遁入的任何东西都要深！]]></entry>
	<entry id="grave_robber+Shadowplay_bark_target"><![CDATA[什么？不应该是我来这么做吗？]]></entry>
	<entry id="jester+Shadowplay_bark_target"><![CDATA[*心里发笑*多么美妙的戏法！]]></entry>
	<entry id="jester+Shadowplay_bark_target"><![CDATA[*歌唱*恐惧黑暗！]]></entry>
	<entry id="jester+Shadowplay_bark_target"><![CDATA[*歌唱*欢迎加入黑暗行军！！！]]></entry>
	<entry id="jester+Shadowplay_bark_target"><![CDATA[我能听到地狱的钟声在作响！！！]]></entry>
	<entry id="jester+Shadowplay_bark_target"><![CDATA[*歌唱*我是个孤单的行路人
每当我夜间踏足漆黑的道路！！！]]></entry>
	<entry id="houndmaster+Shadowplay_bark_target"><![CDATA[冷静点，狗狗！没什么好怕的。]]></entry>
	<entry id="houndmaster+Shadowplay_bark_target"><![CDATA[*狗狂吠不止*
	嘘，冷静点，你在对着什么瞎叫？]]></entry>
	
	
	
	<entry id="lamia+Shadowplay_bark_target"><![CDATA[哪个才是你真正的形态？问我的镜子吧。]]></entry>
	<entry id="lamia+Shadowplay_bark_target"><![CDATA[哪个才是你真正的形态？问我的镜子吧。]]></entry>

	<entry id="succubus+Shadowplay_bark_target"><![CDATA[你真是太好心了拉杜。事后我可能会奖励你的老骨头的……]]></entry>
	<entry id="succubus+Shadowplay_bark_target"><![CDATA[你知道我可以自己选择谁来保护我的。但还是谢谢了。]]></entry>
	<entry id="succubus+Shadowplay_bark_target"><![CDATA[躲在阴影里吧老头。其他人可不会像我一样了。]]></entry>
	<entry id="beastmaster+Shadowplay_bark_target"><![CDATA[黑暗也是循环的一部分。]]></entry>
	<entry id="beastmaster+Shadowplay_bark_target"><![CDATA[非人而兽，伏于暗中。]]></entry>
	<entry id="beastmaster+Shadowplay_bark_target"><![CDATA[你体内的野兽和我的不一样……]]></entry>
	<entry id="beastmaster+Shadowplay_bark_target"><![CDATA[我的双眼能看穿你的黑暗。
	我看见了你体内的野兽。]]></entry>
<!--Affliction Virtue -->
 
         <entry id="voivode+str_afflicted_fearful">                         <![CDATA[啊！是光，它在燃烧！]]></entry>       
         <entry id="voivode+str_afflicted_paranoid">                        <![CDATA[你真正的任务是摧掉我！我知道的，你没法用你那可悲的诡计骗到我的！]]></entry>         
         <entry id="voivode+str_afflicted_depressed">                       <![CDATA[我会让你发出一些美丽的尖叫声！]]></entry>      
         <entry id="voivode+str_afflicted_abusive">                         <![CDATA[我谴责你们所有人。无知的猿人…]]></entry>      
         <entry id="voivode+str_afflicted_selfish">                         <![CDATA[哼。牧羊人才不会服从他的羊羔们的命令……]]></entry>      
         <entry id="voivode+str_afflicted_hopeless">                        <![CDATA[我的存在就是一种无尽的诅咒……]]></entry>      
         <entry id="voivode+str_afflicted_irrational">                      <![CDATA[我是源泉、启示和生命！]]></entry>       
         <entry id="voivode+str_virtued_stalwart">                          <![CDATA[来啊，我能看见那些鼠辈们眼中的恐惧！]]></entry>      
         <entry id="voivode+str_virtued_courageous">                        <![CDATA[跪下并听从主人的话语！]]></entry>     
         <entry id="voivode+str_virtued_focused">                           <![CDATA[他知道那些魔鬼的学识是因为他是就魔鬼，但他所知甚多是因为他的年长。]]></entry>    
         <entry id="voivode+str_virtued_powerful">                          <![CDATA[哈哈哈哈哈……你就这点本事了吗？]]></entry>    
         <entry id="voivode+str_virtued_prosperous">                        <![CDATA[我将引领你们走向胜利，就像过去一样]]></entry>       
         <entry id="voivode+str_virtued_vigorous">                          <![CDATA[你杀不了我的！我是永生的！]]></entry>        
         <entry id="voivode+str_stress_heal_self_stalwart">                 <![CDATA[我从更糟糕的事情中“死”下来过……]]></entry>      
         <entry id="voivode+str_stress_heal_party_courageous">              <![CDATA[不要害怕黑暗，因为它是我的盟友。]]></entry>      
         <entry id="voivode+str_buff_random_party_member_focused">          <![CDATA[振作起来，勇敢地战斗，否则你会知晓我的怒火！]]></entry>
         <entry id="voivode+str_buff_party_powerful">                       <![CDATA[听我号令……攻击！]]></entry>
         <entry id="voivode+str_buff_party_powerful">                       <![CDATA[我要把他们骨头上的肉给剥下来！]]></entry>
         <entry id="voivode+str_heal_self_vigorous">                        <![CDATA[哈！他们刚刺穿了我的一个肺，但我什么也感觉不到！]]></entry>
         <entry id="voivode+str_heal_self_vigorous">                        <![CDATA[我有一根刻着你名字的长矛……]]></entry>
         <entry id="voivode+str_bark_stress_hopeless">                      <![CDATA[一只怪物。我是一只怪物！]]></entry>
         <entry id="voivode+str_bark_stress_hopeless">                      <![CDATA[我以前可是个贵族。我到底做了什么？]]></entry>
         <entry id="voivode+str_bark_stress_hopeless">                      <![CDATA[真是个恶心的笑话，说着我应该忍受这个诅咒，而不会被给予死亡的怜悯。]]></entry>
         <entry id="voivode+str_bark_stress_paranoid">                      <![CDATA[黎明即将来临，我得回去了！]]></entry>
         <entry id="voivode+str_bark_stress_paranoid">                      <![CDATA[光抛弃了我，而你却站在它那头！]]></entry>
         <entry id="voivode+str_bark_stress_paranoid">                      <![CDATA[该死的光！这里的光太多了！]]></entry>
         <entry id="voivode+str_bark_stress_depressed">                 	<![CDATA[看着血液是如何不从我的伤口流出的！]]></entry>
         <entry id="voivode+str_bark_stress_depressed">                 	<![CDATA[结束这个该死的存在吧！]]></entry>
         <entry id="voivode+str_bark_stress_depressed">                 	<![CDATA[我只是具充满痛苦的躯壳。]]></entry>
         <entry id="voivode+str_bark_stress_abusive">                       <![CDATA[关掉你的陷阱，然后服从！]]></entry>
         <entry id="voivode+str_bark_stress_abusive">                       <![CDATA[我被白痴包围了。]]></entry>
         <entry id="voivode+str_bark_stress_abusive">                       <![CDATA[是吗？……然而为什么我又要关心你的意见呢？]]></entry>
         <entry id="voivode+str_bark_stress_selfish">                       <![CDATA[跟你们这些人组队真是个错误！]]></entry>
         <entry id="voivode+str_bark_stress_selfish">                       <![CDATA[事情必须按我的方式完成！]]></entry>
         <entry id="voivode+str_bark_stress_selfish">                       <![CDATA[我只会做我认为对我自己来说方便的事情。]]></entry>
         <entry id="voivode+str_bark_stress_fearful">                       <![CDATA[那……那是大蒜吗？]]></entry>
         <entry id="voivode+str_bark_stress_fearful">                       <![CDATA[那个符号，它在燃烧！它在冻结！]]></entry>
         <entry id="voivode+str_bark_stress_fearful">                       <![CDATA[那个墙上的裂缝！ 黎明即将到来了！]]></entry>
         <entry id="voivode+str_bark_stress_irrational">                    <![CDATA[而死亡将被荣耀所掩盖，我们尸体的荣耀！]]></entry>
         <entry id="voivode+str_bark_stress_irrational">                    <![CDATA[让黑暗淹没一切……]]></entry>
         <entry id="voivode+str_bark_stress_irrational">                    <![CDATA[我将是你的重生之父！]]></entry>
         <entry id="voivode+str_change_pos_back_fearful">                   <![CDATA[把那个符号从我身边拿开！]]></entry>
         <entry id="voivode+str_change_pos_back_fearful">                   <![CDATA[那是个十字架吗？……啊呃呃！！]]></entry>
         <entry id="voivode+str_change_pos_back_fearful">                   <![CDATA[他们身上有大蒜的臭味！]]></entry>
         <entry id="voivode+str_change_pos_back_paranoid">                  <![CDATA[我不会背对着你的……]]></entry>
         <entry id="voivode+str_change_pos_back_paranoid">                  <![CDATA[我很清楚你的意图！]]></entry>
         <entry id="voivode+str_change_pos_back_paranoid">                  <![CDATA[我不会落入你的圈套的。]]></entry>
         <entry id="voivode+str_change_pos_fwd_depressed">              	<![CDATA[把它留给我！]]></entry>
         <entry id="voivode+str_change_pos_fwd_depressed">              	<![CDATA[死亡召唤我去履行职责！]]></entry>
         <entry id="voivode+str_change_pos_fwd_depressed">              	<![CDATA[我想要一些能让我觉得有活力的东西！]]></entry>
         <entry id="voivode+str_change_pos_fwd_irrational">                 <![CDATA[死亡藏身于我！]]></entry>
         <entry id="voivode+str_change_pos_fwd_irrational">                 <![CDATA[我能听到那些被我夺走性命之人的声音。]]></entry>
         <entry id="voivode+str_change_pos_fwd_irrational">                 <![CDATA[而海洋将被染成红色……]]></entry>
         <entry id="voivode+str_change_pos_back_irrational">                <![CDATA[不，这不可能……]]></entry>
         <entry id="voivode+str_change_pos_back_irrational">                <![CDATA[我们为什么要战斗？这毫无道理！]]></entry>
         <entry id="voivode+str_change_pos_back_irrational">                <![CDATA[我只是世界之中的一道影子…]]></entry>
         <entry id="voivode+str_change_pos_fwd_hopeless">                   <![CDATA[我要把你的头拧下来！ ]]></entry>
         <entry id="voivode+str_change_pos_fwd_hopeless">                   <![CDATA[请允许我。]]></entry>
         <entry id="voivode+str_change_pos_fwd_hopeless">                   <![CDATA[哦，我们在向谁开玩笑。没道理会来攻击我的。]]></entry>
         <entry id="voivode+str_change_pos_fwd_selfish">                    <![CDATA[这里没有地方留给我了。]]></entry>
         <entry id="voivode+str_change_pos_fwd_selfish">                    <![CDATA[我才是在这里指挥的人！]]></entry>
         <entry id="voivode+str_change_pos_fwd_selfish">                    <![CDATA[非得要我向你展示怎么做每一件事吗？]]></entry>
         <entry id="voivode+str_change_pos_back_selfish">                   <![CDATA[你才是应该做脏活的人！]]></entry>
         <entry id="voivode+str_change_pos_back_selfish">                   <![CDATA[我不会为你冒险的]]></entry>
         <entry id="voivode+str_change_pos_back_selfish">                   <![CDATA[取代我的位置。毕竟，你才是消耗品。]]></entry>
         <entry id="voivode+str_ignore_command_fearful">                    <![CDATA[这种饥渴在我的体内燃烧！]]></entry>
         <entry id="voivode+str_ignore_command_fearful">                    <![CDATA[生命从这具空洞的骨架中溜走了……]]></entry>
         <entry id="voivode+str_ignore_command_fearful">                    <![CDATA[我感到虚弱而衰老……]]></entry>
         <entry id="voivode+str_ignore_command_paranoid">                   <![CDATA[现在我看清楚了，你才是敌人！]]></entry>
         <entry id="voivode+str_ignore_command_paranoid">                   <![CDATA[听从你的命令将把我们全都带向毁灭！]]></entry>
         <entry id="voivode+str_ignore_command_paranoid">                   <![CDATA[等等……我为什么要把精力放到你身上？]]></entry>
         <entry id="voivode+str_ignore_command_selfish">                    <![CDATA[我说不！]]></entry>
         <entry id="voivode+str_ignore_command_selfish">                    <![CDATA[你以为你是谁，胆敢命令我？]]></entry>
         <entry id="voivode+str_ignore_command_selfish">                    <![CDATA[安静。我想怎么做就怎么做。]]></entry>
         <entry id="voivode+str_ignore_command_hopeless">                   <![CDATA[互相厮杀吧，我会欣赏这场演出的。]]></entry>
         <entry id="voivode+str_ignore_command_hopeless">                   <![CDATA[深红色的血液是如此的……令人陶醉。]]></entry>
         <entry id="voivode+str_ignore_command_hopeless">                   <![CDATA[让我享受死亡的气息]]></entry>
         <entry id="voivode+str_ignore_command_irrational">                 <![CDATA[我的力量抛弃了我！]]></entry>
         <entry id="voivode+str_ignore_command_irrational">                 <![CDATA[我的命运不在你们掌控之中！]]></entry>
         <entry id="voivode+str_ignore_command_irrational">                 <![CDATA[黑暗把我们笼罩在疯狂的尖叫声中！]]></entry>
         <entry id="voivode+str_random_command_paranoid">                   <![CDATA[你才不会成为那个教我该做什么的人！]]></entry>
         <entry id="voivode+str_random_command_paranoid">                   <![CDATA[我来把控主动权！]]></entry>
         <entry id="voivode+str_random_command_paranoid">                   <![CDATA[我不会让自己受到叛徒的指导！]]></entry>
         <entry id="voivode+str_random_command_depressed">              	<![CDATA[我一直在渴望我的结局！]]></entry>
         <entry id="voivode+str_random_command_depressed">              	<![CDATA[放马过来吧！来伤害我吧，如果你能的话！]]></entry>
         <entry id="voivode+str_random_command_depressed">              	<![CDATA[我没有救赎！]]></entry>
         <entry id="voivode+str_random_command_abusive">                    <![CDATA[见识黑暗真正的力量吧！]]></entry>
         <entry id="voivode+str_random_command_abusive">                    <![CDATA[把你可悲的建议留给那些需要的人吧！]]></entry>
         <entry id="voivode+str_random_command_abusive">                    <![CDATA[你的犹豫不决只能为我们带来耻辱！]]></entry>
         <entry id="voivode+str_random_command_selfish">                    <![CDATA[这些害虫没有一个是值得竞争的。]]></entry>
         <entry id="voivode+str_random_command_selfish">                    <![CDATA[我为我自己做主！]]></entry>
         <entry id="voivode+str_random_command_selfish">                    <![CDATA[闭嘴，然后看着事情是怎么完成的！]]></entry>
         <entry id="voivode+str_random_command_hopeless">                   <![CDATA[战争的价值是用流血多寡来衡量的。]]></entry>
         <entry id="voivode+str_random_command_hopeless">                   <![CDATA[我想听你尖叫！]]></entry>
         <entry id="voivode+str_random_command_hopeless">                   <![CDATA[我会把你像鱼一样剔除内脏！]]></entry>
         <entry id="voivode+str_random_command_irrational">                 <![CDATA[嘘……安静！]]></entry>
         <entry id="voivode+str_random_command_irrational">                 <![CDATA[我以前活着的时候也经历过这样的事……我知道结局如何。]]></entry>
         <entry id="voivode+str_random_command_irrational">                 <![CDATA[你真的认为我会相信你的意图吗？]]></entry>
         <entry id="voivode+str_random_command_irrational">                 <![CDATA[我知道该怎么做……]]></entry>
         <entry id="voivode+str_bark_stress_camp_fearful">                  <![CDATA[也许你作为食物比作为同伴更有用。]]></entry>
         <entry id="voivode+str_bark_stress_camp_fearful">                  <![CDATA[去吧……休息吧……我会仔细看着你们的。]]></entry>
         <entry id="voivode+str_bark_stress_camp_fearful">                  <![CDATA[你们中的任何一个人的性命都能止住我的饥渴。]]></entry>
         <entry id="voivode+str_bark_stress_camp_paranoid">                 <![CDATA[我拒绝睡觉，以免醒来时被木桩刺穿。]]></entry>
         <entry id="voivode+str_bark_stress_camp_paranoid">                 <![CDATA[想也别想祈祷。我能听到你。]]></entry>
         <entry id="voivode+str_bark_stress_camp_paranoid">                 <![CDATA[你不比我们甩在身后的老鼠们要好。]]></entry>
         <entry id="voivode+str_bark_stress_camp_paranoid">                 <![CDATA[给我一个我不该此时此地就结果了你的理由。]]></entry>
         <entry id="voivode+str_bark_stress_camp_depressed">                <![CDATA[我注定要指引你走向死亡。]]></entry>
         <entry id="voivode+str_bark_stress_camp_depressed">                <![CDATA[与我的同行将使你们所有人受到谴责。]]></entry>
         <entry id="voivode+str_bark_stress_camp_depressed">                <![CDATA[这项任务将把我们全都带到地狱！]]></entry>
         <entry id="voivode+str_bark_stress_camp_abusive">                  <![CDATA[你还要继续说这种蠢话吗？]]></entry>
         <entry id="voivode+str_bark_stress_camp_abusive">                  <![CDATA[你为什么不帮我个小忙，把你的舌头给割下来呢？]]></entry>
         <entry id="voivode+str_bark_stress_camp_abusive">              	<![CDATA[昨晚我遇到了一个优雅而美丽的女孩。我想她明天就该下葬了。]]></entry>
         <entry id="voivode+str_bark_stress_camp_abusive">                  <![CDATA[去吧，休息吧。希望你不会再醒来了。]]></entry>
         <entry id="voivode+str_bark_stress_camp_selfish">                  <![CDATA[似乎忍受你也是另一种地狱般的惩罚……]]></entry>
         <entry id="voivode+str_bark_stress_camp_selfish">                  <![CDATA[我被一群白痴包围了……]]></entry>
         <entry id="voivode+str_bark_stress_camp_selfish">                  <![CDATA[很明显，你不能胜任这项任务。]]></entry>
         <entry id="voivode+str_bark_stress_camp_hopeless">             	<![CDATA[别费心治好那个伤口了，反正到最后我们得截肢的。]]></entry>
         <entry id="voivode+str_bark_stress_camp_hopeless">             	<![CDATA[食腐动物在用饥饿的眼神看着你……我明白为什么。]]></entry>
         <entry id="voivode+str_bark_stress_camp_hopeless">             	<![CDATA[拜托，别费心压抑你的痛苦了。]]></entry>
         <entry id="voivode+str_bark_stress_camp_irrational">               <![CDATA[这里没有希望……能够留给你了。]]></entry>
         <entry id="voivode+str_bark_stress_camp_irrational">               <![CDATA[我们被一颗染红的月亮指引着！]]></entry>
         <entry id="voivode+str_bark_stress_camp_irrational">               <![CDATA[我可以割开我的血管，而它们却只能喷撒出粉末来。]]></entry>
         <entry id="voivode+str_mark_self_depressed">                       <![CDATA[来啊！冲我来啊！]]></entry>
         <entry id="voivode+str_mark_self_depressed">                       <![CDATA[刺穿这颗毫无生机的心脏吧！]]></entry>
         <entry id="voivode+str_mark_self_hopeless">                        <![CDATA[自从我上次感觉到痛苦以来已经过去很久了……]]></entry>
         <entry id="voivode+str_mark_self_hopeless">                        <![CDATA[你敢面对我吗！]]></entry>
         <entry id="voivode+str_mark_self_irrational">                      <![CDATA[我能看见隧道的尽头……]]></entry>
         <entry id="voivode+str_mark_self_irrational">                      <![CDATA[为永恒之主服务！]]></entry>
         <entry id="voivode+str_attack_friendly_paranoid">                  <![CDATA[别靠近我！]]></entry>
         <entry id="voivode+str_attack_friendly_paranoid">                  <![CDATA[我们来这里都是因为你的过错！]]></entry>
         <entry id="voivode+str_attack_friendly_abusive">                   <![CDATA[你将学会把事情做好的……]]></entry>
         <entry id="voivode+str_attack_friendly_abusive">                   <![CDATA[死亡对我们来说更有用！]]></entry>
         <entry id="voivode+str_attack_friendly_irrational">                <![CDATA[我知道你的任务是终结我！]]></entry>
         <entry id="voivode+str_attack_friendly_irrational">                <![CDATA[你的声音将并入我所抛弃之人的当中！]]></entry>
         <entry id="voivode+str_attack_friendly_fearful">                   <![CDATA[你只不过是牲畜而已！]]></entry>
         <entry id="voivode+str_attack_friendly_fearful">                  <![CDATA[我要拿你饱餐一顿！]]></entry>
         <entry id="voivode+str_attack_self_depressed">                 	<![CDATA[我只是具充满痛苦的躯壳。]]></entry>
         <entry id="voivode+str_attack_self_depressed">                 	<![CDATA[我想要能让我感到活力的东西！]]></entry>
         <entry id="voivode+str_attack_self_hopeless">                      <![CDATA[注视我的内脏！]]></entry>
         <entry id="voivode+str_attack_self_hopeless">                  	<![CDATA[没有比痛苦本身更甜美的乐趣了。]]></entry>
         <entry id="voivode+str_attack_self_irrational">                    <![CDATA[只有痛苦才能让我们解脱！]]></entry>
         <entry id="voivode+str_attack_self_irrational">                    <![CDATA[我是我自己的敌人！]]></entry>
         <entry id="voivode+str_block_combat_retreat_paranoid">             <![CDATA[懦夫没有希望！]]></entry>
         <entry id="voivode+str_block_combat_retreat_paranoid">             <![CDATA[你觉得你正在去往哪里？]]></entry>
         <entry id="voivode+str_block_combat_retreat_hopeless">         	<![CDATA[……什么时候最好的部分才会开始？]]></entry>
         <entry id="voivode+str_block_combat_retreat_hopeless">         	<![CDATA[你受的苦还不够……]]></entry>
         <entry id="voivode+str_block_combat_retreat_depressed">            <![CDATA[如果我倒下了，你也将随着我一起倒下！]]></entry>
         <entry id="voivode+str_block_combat_retreat_depressed">            <![CDATA[我们哪儿也不去。]]></entry>
         <entry id="voivode+str_block_combat_retreat_irrational">           <![CDATA[不要抗拒黑暗的拥抱。]]></entry>
         <entry id="voivode+str_block_combat_retreat_irrational">           <![CDATA[太阳为我们所有人落下。]]></entry>
         <entry id="voivode+str_comment_self_hit_fearful">                  <![CDATA[我受不了这种饥饿了！]]></entry>
         <entry id="voivode+str_comment_self_hit_fearful">                  <![CDATA[饥饿吞噬了我的内心！]]></entry>
         <entry id="voivode+str_comment_self_hit_paranoid">                 <![CDATA[我身上有罪！]]></entry>
         <entry id="voivode+str_comment_self_hit_paranoid">                 <![CDATA[别担心，我可以替你做脏活……]]></entry>
         <entry id="voivode+str_comment_self_hit_selfish">                  <![CDATA[这是你想要的吗？]]></entry>
         <entry id="voivode+str_comment_self_hit_selfish">                  <![CDATA[我来给你展示一下是怎么一回事……]]></entry>
         <entry id="voivode+str_comment_self_hit_depressed">                <![CDATA[我不需要任何人帮助我去死！]]></entry>
         <entry id="voivode+str_comment_self_hit_depressed">                <![CDATA[让死亡拥抱我！]]></entry>
         <entry id="voivode+str_comment_self_hit_irrational">               <![CDATA[呀啊啊啊呃！]]></entry>
         <entry id="voivode+str_comment_self_hit_irrational">               <![CDATA[让黑暗淹没一切……]]></entry>
         <entry id="voivode+str_comment_self_missed_fearful">               <![CDATA[你灵魂的气味真是太……让人分心了。]]></entry>
         <entry id="voivode+str_comment_self_missed_fearful">               <![CDATA[在此之前，我需要吃东西。]]></entry>
         <entry id="voivode+str_comment_self_missed_paranoid">              <![CDATA[我不打算让你对那满意。]]></entry>
         <entry id="voivode+str_comment_self_missed_paranoid">              <![CDATA[我不太清楚……]]></entry>
         <entry id="voivode+str_comment_self_missed_depressed">         	<![CDATA[这具身体里已经没有生命了！]]></entry>
         <entry id="voivode+str_comment_self_missed_depressed">         	<![CDATA[我不在乎…]]></entry>
         <entry id="voivode+str_comment_self_missed_irrational">            <![CDATA[我只是世界之中的一道影子……]]></entry>
         <entry id="voivode+str_comment_self_missed_irrational">            <![CDATA[死局已定……对你来说。]]></entry>
         <entry id="voivode+str_comment_ally_attack_hit_selfish">           <![CDATA[如果你的死亡能保证我的安全，你马上就会死的！]]></entry>
         <entry id="voivode+str_comment_ally_attack_hit_selfish">           <![CDATA[我不想因为你的愚蠢而死去！]]></entry>
         <entry id="voivode+str_comment_ally_attack_hit_abusive">           <![CDATA[我会教你怎么把事情做好的，傻狗。]]></entry>
         <entry id="voivode+str_comment_ally_attack_hit_abusive">           <![CDATA[你应当纠正你的错误！]]></entry>
         <entry id="voivode+str_comment_ally_attack_hit_irrational">        <![CDATA[爬到我脚边吧，凡人！]]></entry>
         <entry id="voivode+str_comment_ally_attack_hit_irrational">        <![CDATA[让你的灵魂为我服务！]]></entry>
         <entry id="voivode+str_comment_ally_attack_missed_fearful">        <![CDATA[你对此来说太弱了！]]></entry>
         <entry id="voivode+str_comment_ally_attack_missed_fearful">        <![CDATA[力量抛弃了你！]]></entry>
         <entry id="voivode+str_comment_ally_missed_paranoid">              <![CDATA[我知道你的意图……叛徒。]]></entry>
         <entry id="voivode+str_comment_ally_missed_paranoid">              <![CDATA[你才是真正的敌人……]]></entry>
         <entry id="voivode+str_comment_ally_attack_missed_abusive">        <![CDATA[哈哈哈哈哈哈哈哈！]]></entry>
         <entry id="voivode+str_comment_ally_attack_missed_abusive">        <![CDATA[与你同行的是一个骇人的存在。]]></entry>
         <entry id="voivode+str_comment_ally_attack_missed_selfish">        <![CDATA[你应该呆在你的洞穴里……]]></entry>
         <entry id="voivode+str_comment_ally_attack_missed_selfish">        <![CDATA[果不其然……]]></entry>
         <entry id="voivode+str_comment_ally_attack_missed_irrational">     <![CDATA[不愿侍奉我的人毫无荣耀可言。]]></entry>
         <entry id="voivode+str_comment_ally_attack_missed_irrational">     <![CDATA[只有我才能摆脱蛆虫和苍蝇吗？]]></entry>
         <entry id="voivode+str_comment_ally_hit_fearful">                  <![CDATA[那就是我需要吸收的能量！ ]]></entry>
         <entry id="voivode+str_comment_ally_hit_fearful">                  <![CDATA[和我分享你的生命力！]]></entry>
         <entry id="voivode+str_comment_ally_hit_paranoid">                 <![CDATA[哼……纯粹是演出来的。]]></entry>
         <entry id="voivode+str_comment_ally_hit_paranoid">                 <![CDATA[这显示了我的影响力……]]></entry>
         <entry id="voivode+str_comment_ally_hit_depressed">                <![CDATA[让血流成河……]]></entry>
         <entry id="voivode+str_comment_ally_hit_depressed">                <![CDATA[当真？]]></entry>
         <entry id="voivode+str_comment_ally_hit_abusive">                  <![CDATA[得了吧，只是一点擦伤。]]></entry>
         <entry id="voivode+str_comment_ally_hit_abusive">                  <![CDATA[你痛苦的姿态很有趣。]]></entry>
         <entry id="voivode+str_comment_ally_hit_irrational">               <![CDATA[那些肩膀上面不会留有头颅。]]></entry>
         <entry id="voivode+str_comment_ally_hit_irrational">               <![CDATA[这便是终结的开始。]]></entry>
         <entry id="voivode+str_comment_ally_missed_fearful">               <![CDATA[作为永生者的食物来说你会更有用！]]></entry>
         <entry id="voivode+str_comment_ally_missed_fearful">               <![CDATA[这么多的战斗正在打开我的胃口。]]></entry>
         <entry id="voivode+str_comment_ally_missed_paranoid">              <![CDATA[你应该把它留给我的！]]></entry>
         <entry id="voivode+str_comment_ally_missed_paranoid">              <![CDATA[哼……小事一桩。]]></entry>
         <entry id="voivode+str_comment_ally_missed_irrational">            <![CDATA[月亮会吞没太阳……直到永远。]]></entry>
         <entry id="voivode+str_comment_ally_missed_irrational">            <![CDATA[我的喉咙里有老鼠！]]></entry>
         <entry id="voivode+str_block_move_fearful">                        <![CDATA[无论你走到哪里……我都会注视着你。]]></entry>
         <entry id="voivode+str_block_move_fearful">                        <![CDATA[求你了，让我更仔细的闻闻你吧。]]></entry>
         <entry id="voivode+str_block_move_paranoid">                       <![CDATA[你不会是想逃跑吧？]]></entry>
         <entry id="voivode+str_block_move_paranoid">                       <![CDATA[把这想法从你的脑海中抹去。]]></entry>
         <entry id="voivode+str_block_move_depressed">                  	<![CDATA[不要逃避痛苦！]]></entry>
         <entry id="voivode+str_block_move_depressed">                  	<![CDATA[（虐待狂般的凶恶微笑）]]></entry>
         <entry id="voivode+str_block_move_abusive">                        <![CDATA[（强烈而有威胁性的目光）]]></entry>
         <entry id="voivode+str_block_move_abusive">                        <![CDATA[站好了，你这个贱骨头！]]></entry>
         <entry id="voivode+str_block_move_irrational">                     <![CDATA[无论你躲到哪，你的影子都将不会停止追赶你。]]></entry>
         <entry id="voivode+str_block_move_irrational">                     <![CDATA[看着你像一只败犬一样逃窜真是有趣。]]></entry>
         <entry id="voivode+str_block_item_paranoid">                       <![CDATA[你不会给它祝圣礼了吧？]]></entry>
         <entry id="voivode+str_block_item_paranoid">                       <![CDATA[我知道你在找十字架，你这个叛徒！ ]]></entry>
         <entry id="voivode+str_block_item_depressed">                  	<![CDATA[毫无必要。]]></entry>
         <entry id="voivode+str_block_item_depressed">                  	<![CDATA[那样并不会让你摆脱我的饥饿。]]></entry>
         <entry id="voivode+str_block_item_hopeless">                       <![CDATA[这不会阻止你的痛苦，也不会阻止我的乐趣。]]></entry>
         <entry id="voivode+str_block_item_hopeless">                       <![CDATA[你的表情让我想起了痛楚的感觉。]]></entry>
         <entry id="voivode+str_block_item_irrational">                     <![CDATA[不要把你的信仰放在那些小把戏上。]]></entry>
         <entry id="voivode+str_block_item_irrational">                     <![CDATA[没有什么能阻止你成为害兽的食物。]]></entry>
         <entry id="voivode+str_block_heal_paranoid">                       <![CDATA[把那火光移开！]]></entry>
         <entry id="voivode+str_block_heal_paranoid">                       <![CDATA[你想让我接受你那廉价的把戏吗？]]></entry>
         <entry id="voivode+str_block_heal_paranoid">                       <![CDATA[我不会相信你，也不会相信你卑鄙的伎俩。]]></entry>
         <entry id="voivode+str_block_heal_depressed">                  	<![CDATA[让我享受痛苦……]]></entry>
         <entry id="voivode+str_block_heal_depressed">                  	<![CDATA[我不需要你的帮助。]]></entry>
         <entry id="voivode+str_block_heal_depressed">                  	<![CDATA[哈。再考虑一下吧。]]></entry>
         <entry id="voivode+str_block_heal_hopeless">                       <![CDATA[你不能治愈已死之人。]]></entry>
         <entry id="voivode+str_block_heal_hopeless">                       <![CDATA[冷静点，我之前就已经死过几次了……]]></entry>
         <entry id="voivode+str_block_heal_hopeless">                       <![CDATA[我不需要肠子在肚子里面也能战斗。]]></entry>
         <entry id="voivode+str_block_heal_irrational">                     <![CDATA[那光像太阳一样灼伤了我……熄灭它！]]></entry>
         <entry id="voivode+str_block_heal_irrational">                     <![CDATA[把你的技巧用在那些需要它们的人身上吧。]]></entry>
         <entry id="voivode+str_block_heal_irrational">                     <![CDATA[没有东西能阻止血肉从我的骨头上剥落。]]></entry>
         <entry id="voivode+str_block_buff_paranoid">                       <![CDATA[我不会让你接近我的！]]></entry>
         <entry id="voivode+str_block_buff_paranoid">                       <![CDATA[我知道你的目的不是要帮助我。]]></entry>
         <entry id="voivode+str_block_buff_paranoid">                       <![CDATA[把你的手放在我能看见的地方，可悲的蛆虫！]]></entry>
         <entry id="voivode+str_block_buff_masochist">                      <![CDATA[这副身体里已经没有生命力了。]]></entry>
         <entry id="voivode+str_block_buff_masochist">                      <![CDATA[我一直渴望我的终结。]]></entry>
         <entry id="voivode+str_block_buff_masochist">                      <![CDATA[让我独自来面对我的痛苦……]]></entry>
         <entry id="voivode+str_block_buff_sadist">                     	<![CDATA[说真的，我很享受这样。]]></entry>
         <entry id="voivode+str_block_buff_sadist">                     	<![CDATA[我的力量只来自于我敌人的痛苦。]]></entry>
         <entry id="voivode+str_block_buff_sadist">                     	<![CDATA[我要只用爪子来面对他们。]]></entry>
         <entry id="voivode+str_block_buff_irrational">                     <![CDATA[没有老鼠能保护狼。]]></entry>
         <entry id="voivode+str_block_buff_irrational">                     <![CDATA[（尴尬的沉默）]]></entry>
         <entry id="voivode+str_block_buff_irrational">                     <![CDATA[到底……你想要做什么？]]></entry>

  </language>
</root>