﻿<?xml version="1.0" encoding="utf-8"?>
<root>
  <language id="english">
	<entry id="str_monstername_shay_lync_tree_A"><![CDATA[Dule Tree]]></entry>
	<entry id="str_monstername_shay_lync_tree_B"><![CDATA[Hanging Tree]]></entry>
	<entry id="str_monstername_shay_lync_tree_C"><![CDATA[Gallows Tree]]></entry>
	<entry id="str_monster_skill_shay_join_us"><![CDATA[Join Us]]></entry>
	<entry id="str_monster_skill_shay_sapspray"><![CDATA[Sapspray]]></entry>
	<entry id="str_monster_skill_shay_leechroot"><![CDATA[Leechroot]]></entry>
	<entry id="str_monster_skill_shay_gallows"><![CDATA[The Noose Tightens]]></entry>
	<entry id="str_monster_skill_shay_deemed_guilty"><![CDATA[Face the Gallows]]></entry>
	
 	<entry id="str_inventory_title_trinketgt_noose"><![CDATA[Missing Noose]]></entry>
 	<entry id="str_inventory_title_trinketgt_branch"><![CDATA[Vile Branch]]></entry>
	
	<entry id="str_weald_tip"><![CDATA[Root and branch alike seek to choke every scantling of wellness.]]></entry>
	<entry id="str_weald_tip"><![CDATA[The Gallows Tree's strangling branches will seek out those who are marked for death.]]></entry>
	<entry id="str_weald_tip"><![CDATA[The twice-cursed Gallows Tree has been condemned by the townsfolk and given unnatural life by the curse on these woods...]]></entry>
	<entry id="str_weald_tip"><![CDATA[The Gallows Tree can not be blighted, but its putrid sap can be bled out with ease.]]></entry>
	
	
  </language>
   <language id="brazilian">
	<entry id="str_monstername_shay_lync_tree_A"><![CDATA[Dule Tree]]></entry>
	<entry id="str_monstername_shay_lync_tree_B"><![CDATA[Hanging Tree]]></entry>
	<entry id="str_monstername_shay_lync_tree_C"><![CDATA[Gallows Tree]]></entry>
	<entry id="str_monster_skill_shay_join_us"><![CDATA[Join Us]]></entry>
	<entry id="str_monster_skill_shay_sapspray"><![CDATA[Sapspray]]></entry>
	<entry id="str_monster_skill_shay_leechroot"><![CDATA[Leechroot]]></entry>
	<entry id="str_monster_skill_shay_gallows"><![CDATA[The Noose Tightens]]></entry>
	<entry id="str_monster_skill_shay_deemed_guilty"><![CDATA[Face the Gallows]]></entry>
	
 	<entry id="str_inventory_title_trinketgt_noose"><![CDATA[Missing Noose]]></entry>
 	<entry id="str_inventory_title_trinketgt_branch"><![CDATA[Vile Branch]]></entry>
	
	<entry id="str_weald_tip"><![CDATA[Root and branch alike seek to choke every scantling of wellness.]]></entry>
	<entry id="str_weald_tip"><![CDATA[The Gallows Tree's strangling branches will seek out those who are marked for death.]]></entry>
	<entry id="str_weald_tip"><![CDATA[The twice-cursed Gallows Tree has been condemned by the townsfolk and given unnatural life by the curse on these woods...]]></entry>
	<entry id="str_weald_tip"><![CDATA[The Gallows Tree can not be blighted, but its putrid sap can be bled out with ease.]]></entry>
	
	
  </language>
  <language id="czech">
	<entry id="str_monstername_shay_lync_tree_A"><![CDATA[Dule Tree]]></entry>
	<entry id="str_monstername_shay_lync_tree_B"><![CDATA[Hanging Tree]]></entry>
	<entry id="str_monstername_shay_lync_tree_C"><![CDATA[Gallows Tree]]></entry>
	<entry id="str_monster_skill_shay_join_us"><![CDATA[Join Us]]></entry>
	<entry id="str_monster_skill_shay_sapspray"><![CDATA[Sapspray]]></entry>
	<entry id="str_monster_skill_shay_leechroot"><![CDATA[Leechroot]]></entry>
	<entry id="str_monster_skill_shay_gallows"><![CDATA[The Noose Tightens]]></entry>
	<entry id="str_monster_skill_shay_deemed_guilty"><![CDATA[Face the Gallows]]></entry>
	
 	<entry id="str_inventory_title_trinketgt_noose"><![CDATA[Missing Noose]]></entry>
 	<entry id="str_inventory_title_trinketgt_branch"><![CDATA[Vile Branch]]></entry>
	
	<entry id="str_weald_tip"><![CDATA[Root and branch alike seek to choke every scantling of wellness.]]></entry>
	<entry id="str_weald_tip"><![CDATA[The Gallows Tree's strangling branches will seek out those who are marked for death.]]></entry>
	<entry id="str_weald_tip"><![CDATA[The twice-cursed Gallows Tree has been condemned by the townsfolk and given unnatural life by the curse on these woods...]]></entry>
	<entry id="str_weald_tip"><![CDATA[The Gallows Tree can not be blighted, but its putrid sap can be bled out with ease.]]></entry>
	
	
  </language>
  <language id="french">
	<entry id="str_monstername_shay_lync_tree_A"><![CDATA[Dule Tree]]></entry>
	<entry id="str_monstername_shay_lync_tree_B"><![CDATA[Hanging Tree]]></entry>
	<entry id="str_monstername_shay_lync_tree_C"><![CDATA[Gallows Tree]]></entry>
	<entry id="str_monster_skill_shay_join_us"><![CDATA[Join Us]]></entry>
	<entry id="str_monster_skill_shay_sapspray"><![CDATA[Sapspray]]></entry>
	<entry id="str_monster_skill_shay_leechroot"><![CDATA[Leechroot]]></entry>
	<entry id="str_monster_skill_shay_gallows"><![CDATA[The Noose Tightens]]></entry>
	<entry id="str_monster_skill_shay_deemed_guilty"><![CDATA[Face the Gallows]]></entry>
	
 	<entry id="str_inventory_title_trinketgt_noose"><![CDATA[Missing Noose]]></entry>
 	<entry id="str_inventory_title_trinketgt_branch"><![CDATA[Vile Branch]]></entry>
	
	<entry id="str_weald_tip"><![CDATA[Root and branch alike seek to choke every scantling of wellness.]]></entry>
	<entry id="str_weald_tip"><![CDATA[The Gallows Tree's strangling branches will seek out those who are marked for death.]]></entry>
	<entry id="str_weald_tip"><![CDATA[The twice-cursed Gallows Tree has been condemned by the townsfolk and given unnatural life by the curse on these woods...]]></entry>
	<entry id="str_weald_tip"><![CDATA[The Gallows Tree can not be blighted, but its putrid sap can be bled out with ease.]]></entry>
	
	
  </language>
  <language id="german">
	<entry id="str_monstername_shay_lync_tree_A"><![CDATA[Dule Tree]]></entry>
	<entry id="str_monstername_shay_lync_tree_B"><![CDATA[Hanging Tree]]></entry>
	<entry id="str_monstername_shay_lync_tree_C"><![CDATA[Gallows Tree]]></entry>
	<entry id="str_monster_skill_shay_join_us"><![CDATA[Join Us]]></entry>
	<entry id="str_monster_skill_shay_sapspray"><![CDATA[Sapspray]]></entry>
	<entry id="str_monster_skill_shay_leechroot"><![CDATA[Leechroot]]></entry>
	<entry id="str_monster_skill_shay_gallows"><![CDATA[The Noose Tightens]]></entry>
	<entry id="str_monster_skill_shay_deemed_guilty"><![CDATA[Face the Gallows]]></entry>
	
 	<entry id="str_inventory_title_trinketgt_noose"><![CDATA[Missing Noose]]></entry>
 	<entry id="str_inventory_title_trinketgt_branch"><![CDATA[Vile Branch]]></entry>
	
	<entry id="str_weald_tip"><![CDATA[Root and branch alike seek to choke every scantling of wellness.]]></entry>
	<entry id="str_weald_tip"><![CDATA[The Gallows Tree's strangling branches will seek out those who are marked for death.]]></entry>
	<entry id="str_weald_tip"><![CDATA[The twice-cursed Gallows Tree has been condemned by the townsfolk and given unnatural life by the curse on these woods...]]></entry>
	<entry id="str_weald_tip"><![CDATA[The Gallows Tree can not be blighted, but its putrid sap can be bled out with ease.]]></entry>
	
	
  </language>
  <language id="italian">
	<entry id="str_monstername_shay_lync_tree_A"><![CDATA[Dule Tree]]></entry>
	<entry id="str_monstername_shay_lync_tree_B"><![CDATA[Hanging Tree]]></entry>
	<entry id="str_monstername_shay_lync_tree_C"><![CDATA[Gallows Tree]]></entry>
	<entry id="str_monster_skill_shay_join_us"><![CDATA[Join Us]]></entry>
	<entry id="str_monster_skill_shay_sapspray"><![CDATA[Sapspray]]></entry>
	<entry id="str_monster_skill_shay_leechroot"><![CDATA[Leechroot]]></entry>
	<entry id="str_monster_skill_shay_gallows"><![CDATA[The Noose Tightens]]></entry>
	<entry id="str_monster_skill_shay_deemed_guilty"><![CDATA[Face the Gallows]]></entry>
	
 	<entry id="str_inventory_title_trinketgt_noose"><![CDATA[Missing Noose]]></entry>
 	<entry id="str_inventory_title_trinketgt_branch"><![CDATA[Vile Branch]]></entry>
	
	<entry id="str_weald_tip"><![CDATA[Root and branch alike seek to choke every scantling of wellness.]]></entry>
	<entry id="str_weald_tip"><![CDATA[The Gallows Tree's strangling branches will seek out those who are marked for death.]]></entry>
	<entry id="str_weald_tip"><![CDATA[The twice-cursed Gallows Tree has been condemned by the townsfolk and given unnatural life by the curse on these woods...]]></entry>
	<entry id="str_weald_tip"><![CDATA[The Gallows Tree can not be blighted, but its putrid sap can be bled out with ease.]]></entry>
	
	
  </language>
  <language id="japanese">
	<entry id="str_monstername_shay_lync_tree_A"><![CDATA[Dule Tree]]></entry>
	<entry id="str_monstername_shay_lync_tree_B"><![CDATA[Hanging Tree]]></entry>
	<entry id="str_monstername_shay_lync_tree_C"><![CDATA[Gallows Tree]]></entry>
	<entry id="str_monster_skill_shay_join_us"><![CDATA[Join Us]]></entry>
	<entry id="str_monster_skill_shay_sapspray"><![CDATA[Sapspray]]></entry>
	<entry id="str_monster_skill_shay_leechroot"><![CDATA[Leechroot]]></entry>
	<entry id="str_monster_skill_shay_gallows"><![CDATA[The Noose Tightens]]></entry>
	<entry id="str_monster_skill_shay_deemed_guilty"><![CDATA[Face the Gallows]]></entry>
	
 	<entry id="str_inventory_title_trinketgt_noose"><![CDATA[Missing Noose]]></entry>
 	<entry id="str_inventory_title_trinketgt_branch"><![CDATA[Vile Branch]]></entry>
	
	<entry id="str_weald_tip"><![CDATA[Root and branch alike seek to choke every scantling of wellness.]]></entry>
	<entry id="str_weald_tip"><![CDATA[The Gallows Tree's strangling branches will seek out those who are marked for death.]]></entry>
	<entry id="str_weald_tip"><![CDATA[The twice-cursed Gallows Tree has been condemned by the townsfolk and given unnatural life by the curse on these woods...]]></entry>
	<entry id="str_weald_tip"><![CDATA[The Gallows Tree can not be blighted, but its putrid sap can be bled out with ease.]]></entry>
	
	
  </language>
  <language id="koreana">
	<entry id="str_monstername_shay_lync_tree_A"><![CDATA[Dule Tree]]></entry>
	<entry id="str_monstername_shay_lync_tree_B"><![CDATA[Hanging Tree]]></entry>
	<entry id="str_monstername_shay_lync_tree_C"><![CDATA[Gallows Tree]]></entry>
	<entry id="str_monster_skill_shay_join_us"><![CDATA[Join Us]]></entry>
	<entry id="str_monster_skill_shay_sapspray"><![CDATA[Sapspray]]></entry>
	<entry id="str_monster_skill_shay_leechroot"><![CDATA[Leechroot]]></entry>
	<entry id="str_monster_skill_shay_gallows"><![CDATA[The Noose Tightens]]></entry>
	<entry id="str_monster_skill_shay_deemed_guilty"><![CDATA[Face the Gallows]]></entry>
	
 	<entry id="str_inventory_title_trinketgt_noose"><![CDATA[Missing Noose]]></entry>
 	<entry id="str_inventory_title_trinketgt_branch"><![CDATA[Vile Branch]]></entry>
	
	<entry id="str_weald_tip"><![CDATA[Root and branch alike seek to choke every scantling of wellness.]]></entry>
	<entry id="str_weald_tip"><![CDATA[The Gallows Tree's strangling branches will seek out those who are marked for death.]]></entry>
	<entry id="str_weald_tip"><![CDATA[The twice-cursed Gallows Tree has been condemned by the townsfolk and given unnatural life by the curse on these woods...]]></entry>
	<entry id="str_weald_tip"><![CDATA[The Gallows Tree can not be blighted, but its putrid sap can be bled out with ease.]]></entry>
	
	
  </language>
  <language id="koreanb">
	<entry id="str_monstername_shay_lync_tree_A"><![CDATA[Dule Tree]]></entry>
	<entry id="str_monstername_shay_lync_tree_B"><![CDATA[Hanging Tree]]></entry>
	<entry id="str_monstername_shay_lync_tree_C"><![CDATA[Gallows Tree]]></entry>
	<entry id="str_monster_skill_shay_join_us"><![CDATA[Join Us]]></entry>
	<entry id="str_monster_skill_shay_sapspray"><![CDATA[Sapspray]]></entry>
	<entry id="str_monster_skill_shay_leechroot"><![CDATA[Leechroot]]></entry>
	<entry id="str_monster_skill_shay_gallows"><![CDATA[The Noose Tightens]]></entry>
	<entry id="str_monster_skill_shay_deemed_guilty"><![CDATA[Face the Gallows]]></entry>
	
 	<entry id="str_inventory_title_trinketgt_noose"><![CDATA[Missing Noose]]></entry>
 	<entry id="str_inventory_title_trinketgt_branch"><![CDATA[Vile Branch]]></entry>
	
	<entry id="str_weald_tip"><![CDATA[Root and branch alike seek to choke every scantling of wellness.]]></entry>
	<entry id="str_weald_tip"><![CDATA[The Gallows Tree's strangling branches will seek out those who are marked for death.]]></entry>
	<entry id="str_weald_tip"><![CDATA[The twice-cursed Gallows Tree has been condemned by the townsfolk and given unnatural life by the curse on these woods...]]></entry>
	<entry id="str_weald_tip"><![CDATA[The Gallows Tree can not be blighted, but its putrid sap can be bled out with ease.]]></entry>
	
	
  </language>
  <language id="polish">
	<entry id="str_monstername_shay_lync_tree_A"><![CDATA[Dule Tree]]></entry>
	<entry id="str_monstername_shay_lync_tree_B"><![CDATA[Hanging Tree]]></entry>
	<entry id="str_monstername_shay_lync_tree_C"><![CDATA[Gallows Tree]]></entry>
	<entry id="str_monster_skill_shay_join_us"><![CDATA[Join Us]]></entry>
	<entry id="str_monster_skill_shay_sapspray"><![CDATA[Sapspray]]></entry>
	<entry id="str_monster_skill_shay_leechroot"><![CDATA[Leechroot]]></entry>
	<entry id="str_monster_skill_shay_gallows"><![CDATA[The Noose Tightens]]></entry>
	<entry id="str_monster_skill_shay_deemed_guilty"><![CDATA[Face the Gallows]]></entry>
	
 	<entry id="str_inventory_title_trinketgt_noose"><![CDATA[Missing Noose]]></entry>
 	<entry id="str_inventory_title_trinketgt_branch"><![CDATA[Vile Branch]]></entry>
	
	<entry id="str_weald_tip"><![CDATA[Root and branch alike seek to choke every scantling of wellness.]]></entry>
	<entry id="str_weald_tip"><![CDATA[The Gallows Tree's strangling branches will seek out those who are marked for death.]]></entry>
	<entry id="str_weald_tip"><![CDATA[The twice-cursed Gallows Tree has been condemned by the townsfolk and given unnatural life by the curse on these woods...]]></entry>
	<entry id="str_weald_tip"><![CDATA[The Gallows Tree can not be blighted, but its putrid sap can be bled out with ease.]]></entry>
	
	
  </language>
  <language id="russian">
	<entry id="str_monstername_shay_lync_tree_A"><![CDATA[Dule Tree]]></entry>
	<entry id="str_monstername_shay_lync_tree_B"><![CDATA[Hanging Tree]]></entry>
	<entry id="str_monstername_shay_lync_tree_C"><![CDATA[Gallows Tree]]></entry>
	<entry id="str_monster_skill_shay_join_us"><![CDATA[Join Us]]></entry>
	<entry id="str_monster_skill_shay_sapspray"><![CDATA[Sapspray]]></entry>
	<entry id="str_monster_skill_shay_leechroot"><![CDATA[Leechroot]]></entry>
	<entry id="str_monster_skill_shay_gallows"><![CDATA[The Noose Tightens]]></entry>
	<entry id="str_monster_skill_shay_deemed_guilty"><![CDATA[Face the Gallows]]></entry>
	
 	<entry id="str_inventory_title_trinketgt_noose"><![CDATA[Missing Noose]]></entry>
 	<entry id="str_inventory_title_trinketgt_branch"><![CDATA[Vile Branch]]></entry>
	
	<entry id="str_weald_tip"><![CDATA[Root and branch alike seek to choke every scantling of wellness.]]></entry>
	<entry id="str_weald_tip"><![CDATA[The Gallows Tree's strangling branches will seek out those who are marked for death.]]></entry>
	<entry id="str_weald_tip"><![CDATA[The twice-cursed Gallows Tree has been condemned by the townsfolk and given unnatural life by the curse on these woods...]]></entry>
	<entry id="str_weald_tip"><![CDATA[The Gallows Tree can not be blighted, but its putrid sap can be bled out with ease.]]></entry>
	
	
  </language>
  <language id="schinese">
	<entry id="str_monstername_shay_lync_tree_A"><![CDATA[双生之树]]></entry>
	<entry id="str_monstername_shay_lync_tree_B"><![CDATA[上吊之树]]></entry>
	<entry id="str_monstername_shay_lync_tree_C"><![CDATA[绞刑之树]]></entry>
	<entry id="str_monster_skill_shay_join_us"><![CDATA[加入我们]]></entry>
	<entry id="str_monster_skill_shay_sapspray"><![CDATA[树治喷射]]></entry>
	<entry id="str_monster_skill_shay_leechroot"><![CDATA[吸血根茎]]></entry>
	<entry id="str_monster_skill_shay_gallows"><![CDATA[绷紧绞索]]></entry>
	<entry id="str_monster_skill_shay_deemed_guilty"><![CDATA[面对绞刑]]></entry>
	
 	<entry id="str_inventory_title_trinketgt_noose"><![CDATA[丢失的绞索]]></entry>
 	<entry id="str_inventory_title_trinketgt_branch"><![CDATA[恶变的枝条]]></entry>
	
	<entry id="str_weald_tip"><![CDATA[树的根茎和枝条都似乎在试图扼杀任何一丝生命。]]></entry>
	<entry id="str_weald_tip"><![CDATA[绞刑之树会绞杀那些被打上死亡标记的人。]]></entry>
	<entry id="str_weald_tip"><![CDATA[这棵二度受到诅咒的绞刑之树已经被镇上的居民所认定为威胁，并因为这片树林的之上的诅咒而被赋予了超自然的生命……]]></entry>
	<entry id="str_weald_tip"><![CDATA[绞刑之树无法被腐蚀，但其腐烂的汁液可以轻易地流淌而出。]]></entry>
	
	
  </language>
  <language id="tchinese">
	<entry id="str_monstername_shay_lync_tree_A"><![CDATA[Dule Tree]]></entry>
	<entry id="str_monstername_shay_lync_tree_B"><![CDATA[Hanging Tree]]></entry>
	<entry id="str_monstername_shay_lync_tree_C"><![CDATA[Gallows Tree]]></entry>
	<entry id="str_monster_skill_shay_join_us"><![CDATA[Join Us]]></entry>
	<entry id="str_monster_skill_shay_sapspray"><![CDATA[Sapspray]]></entry>
	<entry id="str_monster_skill_shay_leechroot"><![CDATA[Leechroot]]></entry>
	<entry id="str_monster_skill_shay_gallows"><![CDATA[The Noose Tightens]]></entry>
	<entry id="str_monster_skill_shay_deemed_guilty"><![CDATA[Face the Gallows]]></entry>
	
 	<entry id="str_inventory_title_trinketgt_noose"><![CDATA[Missing Noose]]></entry>
 	<entry id="str_inventory_title_trinketgt_branch"><![CDATA[Vile Branch]]></entry>
	
	<entry id="str_weald_tip"><![CDATA[Root and branch alike seek to choke every scantling of wellness.]]></entry>
	<entry id="str_weald_tip"><![CDATA[The Gallows Tree's strangling branches will seek out those who are marked for death.]]></entry>
	<entry id="str_weald_tip"><![CDATA[The twice-cursed Gallows Tree has been condemned by the townsfolk and given unnatural life by the curse on these woods...]]></entry>
	<entry id="str_weald_tip"><![CDATA[The Gallows Tree can not be blighted, but its putrid sap can be bled out with ease.]]></entry>
	
	
  </language>  
   <language id="spanish">
	<entry id="str_monstername_shay_lync_tree_A"><![CDATA[Dule Tree]]></entry>
	<entry id="str_monstername_shay_lync_tree_B"><![CDATA[Hanging Tree]]></entry>
	<entry id="str_monstername_shay_lync_tree_C"><![CDATA[Gallows Tree]]></entry>
	<entry id="str_monster_skill_shay_join_us"><![CDATA[Join Us]]></entry>
	<entry id="str_monster_skill_shay_sapspray"><![CDATA[Sapspray]]></entry>
	<entry id="str_monster_skill_shay_leechroot"><![CDATA[Leechroot]]></entry>
	<entry id="str_monster_skill_shay_gallows"><![CDATA[The Noose Tightens]]></entry>
	<entry id="str_monster_skill_shay_deemed_guilty"><![CDATA[Face the Gallows]]></entry>
	
 	<entry id="str_inventory_title_trinketgt_noose"><![CDATA[Missing Noose]]></entry>
 	<entry id="str_inventory_title_trinketgt_branch"><![CDATA[Vile Branch]]></entry>
	
	<entry id="str_weald_tip"><![CDATA[Root and branch alike seek to choke every scantling of wellness.]]></entry>
	<entry id="str_weald_tip"><![CDATA[The Gallows Tree's strangling branches will seek out those who are marked for death.]]></entry>
	<entry id="str_weald_tip"><![CDATA[The twice-cursed Gallows Tree has been condemned by the townsfolk and given unnatural life by the curse on these woods...]]></entry>
	<entry id="str_weald_tip"><![CDATA[The Gallows Tree can not be blighted, but its putrid sap can be bled out with ease.]]></entry>
	
	
  </language> 
</root>