<?xml version="1.0" encoding="UTF-8"?>
<root>
  <language id="english">
      
<entry id="str_monstername_cultist_sister_A"><![CDATA[邪教修女]]></entry>
<entry id="str_monstername_cultist_sister_B"><![CDATA[邪教圣母]]></entry>
<entry id="str_monstername_cultist_sister_C"><![CDATA[邪教圣者]]></entry>

<entry id="str_monster_skill_dark_ritual"><![CDATA[黑暗仪式]]></entry>
<entry id="str_monster_skill_direct_heal"><![CDATA[血肉重构]]></entry>
<entry id="str_monster_skill_group_cure"><![CDATA[邪秽诅咒]]></entry>
<entry id="str_monster_skill_cower_behind"><![CDATA[“你，保护我！”]]></entry>



  </language>
</root>

