<?xml version="1.0" encoding="UTF-8"?>
<root>
  <language id="english">
<entry id="str_monstername_cultist_summoner_A"><![CDATA[邪教召唤师]]></entry>
<entry id="str_monstername_cultist_summoner_B"><![CDATA[邪教幻灵师]]></entry>
<entry id="str_monstername_cultist_summoner_C"><![CDATA[邪教新娘]]></entry>

<entry id="str_monster_skill_summon_demo_A_1"><![CDATA[“出来吧……”]]></entry>
<entry id="str_monster_skill_summon_demo_A_2"><![CDATA[“吾召唤汝……”]]></entry>
<entry id="str_monster_skill_summon_demo_A_3"><![CDATA[“来吧，黑暗王子！”]]></entry>
<entry id="str_monster_skill_bloodmoon_fall"><![CDATA[血雨]]></entry>
      
      
 <entry id="str_monstername_demogorgon_A"><![CDATA[狄摩高根]]></entry>
<entry id="str_monstername_demogorgon_B"><![CDATA[狄摩高根领主]]></entry>
<entry id="str_monstername_demogorgon_C"><![CDATA[狄摩高根王子]]></entry>

<entry id="str_monster_skill_flesh_tear"><![CDATA[撕裂血肉]]></entry>
<entry id="str_monster_skill_flesh_burn"><![CDATA[灼烧血肉]]></entry>


  </language>
</root>