<?xml version="1.0" encoding="UTF-8"?>
<root>
  <language id="english">
<entry id="str_monstername_cultist_berzerker_A"><![CDATA[邪教狂战]]></entry>
<entry id="str_monstername_cultist_berzerker_B"><![CDATA[邪教疯魔]]></entry>
<entry id="str_monstername_cultist_berzerker_C"><![CDATA[邪教血狂]]></entry>

<entry id="str_monster_skill_cultistberzerker_claw"><![CDATA[狂野切割]]></entry>
<entry id="str_monster_skill_cultistberzerker_leapin"><![CDATA[来啊！]]></entry>
<entry id="str_monster_skill_cultistberzerker_bloodrage"><![CDATA[血之狂怒]]></entry>


  </language>
</root>