<?xml version="1.0" encoding="UTF-8"?>
<root>
  <language id="english">
<entry id="str_monstername_cultist_leader_A"><![CDATA[邪教首领]]></entry>
<entry id="str_monstername_cultist_leader_B"><![CDATA[邪教领袖]]></entry>
<entry id="str_monstername_cultist_leader_C"><![CDATA[邪教领主]]></entry>

<entry id="str_monster_skill_cultistlead_claw"><![CDATA[深深一划]]></entry>
<entry id="str_monster_skill_cultistlead_masscurse"><![CDATA[暗血诅咒]]></entry>
<entry id="str_monster_skill_cultistlead_guard"><![CDATA[鲜血守护]]></entry>

  </language>
</root>