<?xml version="1.0" encoding="UTF-8"?>
<root>
  <language id="english">
	<entry id="dungeon_name_versusarena"><![CDATA[Arena]]></entry>
    <entry id="buff_rule_data_tooltip_versusarena"><![CDATA[Arena]]></entry>
    <entry id="dungeon_name_versusarena"><![CDATA[Arena]]></entry>
    <entry id="str_embarked_on_cleanse_versusarena"><![CDATA[{?hero_names}%s embarked to slay evil in the Mountain. ({?difficulty}%s {?length}%s)]]></entry>
    <entry id="str_embarked_on_explore_versusarena"><![CDATA[{?hero_names}%s set forth to explore the Mountain. ({?difficulty}%s {?length}%s)]]></entry>
    <entry id="str_embarked_on_gather_versusarena"><![CDATA[{?hero_names}%s embarked in search of vital medicines lost along the Old Road in the Mountain. ({?difficulty}%s {?length}%s)]]></entry>
    <entry id="str_embarked_on_inventory_activate_versusarena"><![CDATA[{?hero_names}%s set off on a mission to stave off growing disease in the Mountain. ({?difficulty}%s {?length}%s)]]></entry>
    <entry id="str_returned_from_cleanse_versusarena_failure"><![CDATA[{?hero_names}%s could not brave the fierce monstrositiesarrayed against them in the Mountain. ({?difficulty}%s {?length}%s)]]></entry>
    <entry id="str_returned_from_cleanse_versusarena_success"><![CDATA[{?hero_names}%s Destroyed the wretched creatures on the peak of the versusarena. ({?difficulty}%s {?length}%s)]]></entry>
    <entry id="str_returned_from_explore_versusarena_failure"><![CDATA[{?hero_names}%s could not brave the freezing weather. ({?difficulty}%s {?length}%s)]]></entry>
    <entry id="str_returned_from_explore_versusarena_success"><![CDATA[{?hero_names}%s climbed to the peak of the versusarena, and returned safely. ({?difficulty}%s {?length}%s)]]></entry>
    <entry id="str_returned_from_gather_versusarena_failure"><![CDATA[{?hero_names}%s did not locate the missing medicines in the Mountain. ({?difficulty}%s {?length}%s)]]></entry>
    <entry id="str_returned_from_gather_versusarena_success"><![CDATA[{?hero_names}%s returned from the Mountain with the lost medicines! ({?difficulty}%s {?length}%s)]]></entry>
    <entry id="str_returned_from_inventory_activate_versusarena_failure"><![CDATA[{?hero_names}%s could not find and purify the corpses in the Mountain. ({?difficulty}%s {?length}%s)]]></entry>
    <entry id="str_returned_from_inventory_activate_versusarena_success"><![CDATA[{?hero_names}%s purified the diseased corpses strewn about the Mountain. ({?difficulty}%s {?length}%s)]]></entry>
    <entry id="town_quest_name_cleanse+1+versusarena+battle_all_rooms"><![CDATA[Skirmish]]></entry>
    <entry id="town_quest_name_cleanse+2+versusarena+battle_all_rooms"><![CDATA[Cleanse]]></entry>
    <entry id="town_quest_name_cleanse+3+versusarena+battle_all_rooms"><![CDATA[Exterminate]]></entry>
    <entry id="town_quest_name_explore+1+versusarena+explore_all_rooms"><![CDATA[Climb]]></entry>
    <entry id="town_quest_name_explore+2+versusarena+explore_all_rooms"><![CDATA[Scaling]]></entry>
    <entry id="town_quest_name_explore+3+versusarena+explore_all_rooms"><![CDATA[Expedition]]></entry>
    <entry id="town_quest_name_gather+2+versusarena+gather_medicines"><![CDATA[Stave off Sickness]]></entry>
    <entry id="town_quest_name_gather+2+versusarena"><![CDATA[Stave off Sickness]]></entry>
    <entry id="town_quest_name_inventory_activate+2+versusarena+inventory_activate_infected_corpse"><![CDATA[Detoxify the Corpses]]></entry>
    <entry id="town_quest_description_cleanse+1+versusarena+battle_all_rooms"><![CDATA[Climb the versusarena, and destroy the fiends that live up there.]]></entry>
    <entry id="town_quest_description_cleanse+2+versusarena+battle_all_rooms"><![CDATA[The air is getting colder around the versusarena. Pushing back the denizens may warm it up.]]></entry>
    <entry id="town_quest_description_cleanse+3+versusarena+battle_all_rooms"><![CDATA[They gather at the peak of the versusarena. You must find them, and extinguish them.]]></entry>
    <entry id="town_quest_description_explore+1+versusarena+explore_all_rooms"><![CDATA[Climb up the side of the versusarena, and examine the corrupted wildlife.]]></entry>
    <entry id="town_quest_description_explore+2+versusarena+explore_all_rooms"><![CDATA[Much of the versusarena is sill obscured. Scale the icy walls and make some sense of the paths.]]></entry>
    <entry id="town_quest_description_explore+3+versusarena+explore_all_rooms"><![CDATA[The peak of the versusarena is unexplored still. Mount an expedition to the top of the versusarena, and return with knowledge of the corruption.]]></entry>
    <entry id="town_quest_description_gather+2+versusarena+gather_medicines"><![CDATA[Many a cart-driver has met their end while traversing the Mountain. A king's ransom of medicines was recently abandoned. They would greatly assist in rebuilding this sickly hamlet.]]></entry>
    <entry id="town_quest_description_gather+2+versusarena"><![CDATA[Many a cart-driver has met their end while traversing the Mountain. A king's ransom of medicines was recently abandoned. They would greatly assist in rebuilding this sickly hamlet.]]></entry>
    <entry id="town_quest_description_inventory_activate+2+versusarena+inventory_activate_infected_corpse"><![CDATA[Blighted corpses lay strewn about the Old Road, teeming with filth and disease. Journeys to and from the Hamlet pose constant threat of sickness. Destroy this blight with Potent Salve.]]></entry>
    <entry id="str_versusarena_level_1_unlocked"><![CDATA[{colour_start|town_activity_log_positive_result}{?dungeon_name}%s:{colour_end} Advanced to Mastery 1.]]></entry>
    <entry id="str_versusarena_level_2_unlocked"><![CDATA[{colour_start|town_activity_log_positive_result}{?dungeon_name}%s:{colour_end} Advanced to Mastery 2.]]></entry>
    <entry id="str_versusarena_level_3_unlocked"><![CDATA[{colour_start|town_activity_log_positive_result}{?dungeon_name}%s:{colour_end} Advanced to Mastery 3.]]></entry>
    <entry id="str_versusarena_level_4_unlocked"><![CDATA[{colour_start|town_activity_log_positive_result}{?dungeon_name}%s:{colour_end} Advanced to Mastery 4.]]></entry>
    <entry id="str_versusarena_level_5_unlocked"><![CDATA[{colour_start|town_activity_log_positive_result}{?dungeon_name}%s:{colour_end} Advanced to Mastery 5.]]></entry>
    <entry id="str_versusarena_level_6_unlocked"><![CDATA[{colour_start|town_activity_log_positive_result}{?dungeon_name}%s:{colour_end} Advanced to Mastery 6.]]></entry>
    <entry id="str_versusarena_level_7_unlocked"><![CDATA[{colour_start|town_activity_log_positive_result}{?dungeon_name}%s:{colour_end} Advanced to Mastery 7.]]></entry>
    <entry id="str_versusarena_tip"><![CDATA[Fight for the Glory.]]></entry>
    <entry id="str_versusarena_unlocked"><![CDATA[{colour_start|town_activity_log_positive_result}{?dungeon_name}%s:{colour_end} A large versusarena looms menacingly in the distance.]]></entry>
  </language>
  <language id="czech">
  	<entry id="dungeon_name_versusarena"><![CDATA[Arena]]></entry>
    <entry id="buff_rule_data_tooltip_versusarena"><![CDATA[Arena]]></entry>
    <entry id="dungeon_name_versusarena"><![CDATA[Arena]]></entry>
    <entry id="str_embarked_on_cleanse_versusarena"><![CDATA[{?hero_names}%s embarked to slay evil in the Mountain. ({?difficulty}%s {?length}%s)]]></entry>
    <entry id="str_embarked_on_explore_versusarena"><![CDATA[{?hero_names}%s set forth to explore the Mountain. ({?difficulty}%s {?length}%s)]]></entry>
    <entry id="str_embarked_on_gather_versusarena"><![CDATA[{?hero_names}%s embarked in search of vital medicines lost along the Old Road in the Mountain. ({?difficulty}%s {?length}%s)]]></entry>
    <entry id="str_embarked_on_inventory_activate_versusarena"><![CDATA[{?hero_names}%s set off on a mission to stave off growing disease in the Mountain. ({?difficulty}%s {?length}%s)]]></entry>
    <entry id="str_returned_from_cleanse_versusarena_failure"><![CDATA[{?hero_names}%s could not brave the fierce monstrositiesarrayed against them in the Mountain. ({?difficulty}%s {?length}%s)]]></entry>
    <entry id="str_returned_from_cleanse_versusarena_success"><![CDATA[{?hero_names}%s Destroyed the wretched creatures on the peak of the versusarena. ({?difficulty}%s {?length}%s)]]></entry>
    <entry id="str_returned_from_explore_versusarena_failure"><![CDATA[{?hero_names}%s could not brave the freezing weather. ({?difficulty}%s {?length}%s)]]></entry>
    <entry id="str_returned_from_explore_versusarena_success"><![CDATA[{?hero_names}%s climbed to the peak of the versusarena, and returned safely. ({?difficulty}%s {?length}%s)]]></entry>
    <entry id="str_returned_from_gather_versusarena_failure"><![CDATA[{?hero_names}%s did not locate the missing medicines in the Mountain. ({?difficulty}%s {?length}%s)]]></entry>
    <entry id="str_returned_from_gather_versusarena_success"><![CDATA[{?hero_names}%s returned from the Mountain with the lost medicines! ({?difficulty}%s {?length}%s)]]></entry>
    <entry id="str_returned_from_inventory_activate_versusarena_failure"><![CDATA[{?hero_names}%s could not find and purify the corpses in the Mountain. ({?difficulty}%s {?length}%s)]]></entry>
    <entry id="str_returned_from_inventory_activate_versusarena_success"><![CDATA[{?hero_names}%s purified the diseased corpses strewn about the Mountain. ({?difficulty}%s {?length}%s)]]></entry>
    <entry id="town_quest_name_cleanse+1+versusarena+battle_all_rooms"><![CDATA[Skirmish]]></entry>
    <entry id="town_quest_name_cleanse+2+versusarena+battle_all_rooms"><![CDATA[Cleanse]]></entry>
    <entry id="town_quest_name_cleanse+3+versusarena+battle_all_rooms"><![CDATA[Exterminate]]></entry>
    <entry id="town_quest_name_explore+1+versusarena+explore_all_rooms"><![CDATA[Climb]]></entry>
    <entry id="town_quest_name_explore+2+versusarena+explore_all_rooms"><![CDATA[Scaling]]></entry>
    <entry id="town_quest_name_explore+3+versusarena+explore_all_rooms"><![CDATA[Expedition]]></entry>
    <entry id="town_quest_name_gather+2+versusarena+gather_medicines"><![CDATA[Stave off Sickness]]></entry>
    <entry id="town_quest_name_gather+2+versusarena"><![CDATA[Stave off Sickness]]></entry>
    <entry id="town_quest_name_inventory_activate+2+versusarena+inventory_activate_infected_corpse"><![CDATA[Detoxify the Corpses]]></entry>
    <entry id="town_quest_description_cleanse+1+versusarena+battle_all_rooms"><![CDATA[Climb the versusarena, and destroy the fiends that live up there.]]></entry>
    <entry id="town_quest_description_cleanse+2+versusarena+battle_all_rooms"><![CDATA[The air is getting colder around the versusarena. Pushing back the denizens may warm it up.]]></entry>
    <entry id="town_quest_description_cleanse+3+versusarena+battle_all_rooms"><![CDATA[They gather at the peak of the versusarena. You must find them, and extinguish them.]]></entry>
    <entry id="town_quest_description_explore+1+versusarena+explore_all_rooms"><![CDATA[Climb up the side of the versusarena, and examine the corrupted wildlife.]]></entry>
    <entry id="town_quest_description_explore+2+versusarena+explore_all_rooms"><![CDATA[Much of the versusarena is sill obscured. Scale the icy walls and make some sense of the paths.]]></entry>
    <entry id="town_quest_description_explore+3+versusarena+explore_all_rooms"><![CDATA[The peak of the versusarena is unexplored still. Mount an expedition to the top of the versusarena, and return with knowledge of the corruption.]]></entry>
    <entry id="town_quest_description_gather+2+versusarena+gather_medicines"><![CDATA[Many a cart-driver has met their end while traversing the Mountain. A king's ransom of medicines was recently abandoned. They would greatly assist in rebuilding this sickly hamlet.]]></entry>
    <entry id="town_quest_description_gather+2+versusarena"><![CDATA[Many a cart-driver has met their end while traversing the Mountain. A king's ransom of medicines was recently abandoned. They would greatly assist in rebuilding this sickly hamlet.]]></entry>
    <entry id="town_quest_description_inventory_activate+2+versusarena+inventory_activate_infected_corpse"><![CDATA[Blighted corpses lay strewn about the Old Road, teeming with filth and disease. Journeys to and from the Hamlet pose constant threat of sickness. Destroy this blight with Potent Salve.]]></entry>
    <entry id="str_versusarena_level_1_unlocked"><![CDATA[{colour_start|town_activity_log_positive_result}{?dungeon_name}%s:{colour_end} Advanced to Mastery 1.]]></entry>
    <entry id="str_versusarena_level_2_unlocked"><![CDATA[{colour_start|town_activity_log_positive_result}{?dungeon_name}%s:{colour_end} Advanced to Mastery 2.]]></entry>
    <entry id="str_versusarena_level_3_unlocked"><![CDATA[{colour_start|town_activity_log_positive_result}{?dungeon_name}%s:{colour_end} Advanced to Mastery 3.]]></entry>
    <entry id="str_versusarena_level_4_unlocked"><![CDATA[{colour_start|town_activity_log_positive_result}{?dungeon_name}%s:{colour_end} Advanced to Mastery 4.]]></entry>
    <entry id="str_versusarena_level_5_unlocked"><![CDATA[{colour_start|town_activity_log_positive_result}{?dungeon_name}%s:{colour_end} Advanced to Mastery 5.]]></entry>
    <entry id="str_versusarena_level_6_unlocked"><![CDATA[{colour_start|town_activity_log_positive_result}{?dungeon_name}%s:{colour_end} Advanced to Mastery 6.]]></entry>
    <entry id="str_versusarena_level_7_unlocked"><![CDATA[{colour_start|town_activity_log_positive_result}{?dungeon_name}%s:{colour_end} Advanced to Mastery 7.]]></entry>
    <entry id="str_versusarena_tip"><![CDATA[Fight for the Glory.]]></entry>
    <entry id="str_versusarena_unlocked"><![CDATA[{colour_start|town_activity_log_positive_result}{?dungeon_name}%s:{colour_end} A large versusarena looms menacingly in the distance.]]></entry>
  </language>
  <language id="brazilian">
  	<entry id="dungeon_name_versusarena"><![CDATA[Arena]]></entry>
    <entry id="buff_rule_data_tooltip_versusarena"><![CDATA[Arena]]></entry>
    <entry id="dungeon_name_versusarena"><![CDATA[Arena]]></entry>
    <entry id="str_embarked_on_cleanse_versusarena"><![CDATA[{?hero_names}%s embarked to slay evil in the Mountain. ({?difficulty}%s {?length}%s)]]></entry>
    <entry id="str_embarked_on_explore_versusarena"><![CDATA[{?hero_names}%s set forth to explore the Mountain. ({?difficulty}%s {?length}%s)]]></entry>
    <entry id="str_embarked_on_gather_versusarena"><![CDATA[{?hero_names}%s embarked in search of vital medicines lost along the Old Road in the Mountain. ({?difficulty}%s {?length}%s)]]></entry>
    <entry id="str_embarked_on_inventory_activate_versusarena"><![CDATA[{?hero_names}%s set off on a mission to stave off growing disease in the Mountain. ({?difficulty}%s {?length}%s)]]></entry>
    <entry id="str_returned_from_cleanse_versusarena_failure"><![CDATA[{?hero_names}%s could not brave the fierce monstrositiesarrayed against them in the Mountain. ({?difficulty}%s {?length}%s)]]></entry>
    <entry id="str_returned_from_cleanse_versusarena_success"><![CDATA[{?hero_names}%s Destroyed the wretched creatures on the peak of the versusarena. ({?difficulty}%s {?length}%s)]]></entry>
    <entry id="str_returned_from_explore_versusarena_failure"><![CDATA[{?hero_names}%s could not brave the freezing weather. ({?difficulty}%s {?length}%s)]]></entry>
    <entry id="str_returned_from_explore_versusarena_success"><![CDATA[{?hero_names}%s climbed to the peak of the versusarena, and returned safely. ({?difficulty}%s {?length}%s)]]></entry>
    <entry id="str_returned_from_gather_versusarena_failure"><![CDATA[{?hero_names}%s did not locate the missing medicines in the Mountain. ({?difficulty}%s {?length}%s)]]></entry>
    <entry id="str_returned_from_gather_versusarena_success"><![CDATA[{?hero_names}%s returned from the Mountain with the lost medicines! ({?difficulty}%s {?length}%s)]]></entry>
    <entry id="str_returned_from_inventory_activate_versusarena_failure"><![CDATA[{?hero_names}%s could not find and purify the corpses in the Mountain. ({?difficulty}%s {?length}%s)]]></entry>
    <entry id="str_returned_from_inventory_activate_versusarena_success"><![CDATA[{?hero_names}%s purified the diseased corpses strewn about the Mountain. ({?difficulty}%s {?length}%s)]]></entry>
    <entry id="town_quest_name_cleanse+1+versusarena+battle_all_rooms"><![CDATA[Skirmish]]></entry>
    <entry id="town_quest_name_cleanse+2+versusarena+battle_all_rooms"><![CDATA[Cleanse]]></entry>
    <entry id="town_quest_name_cleanse+3+versusarena+battle_all_rooms"><![CDATA[Exterminate]]></entry>
    <entry id="town_quest_name_explore+1+versusarena+explore_all_rooms"><![CDATA[Climb]]></entry>
    <entry id="town_quest_name_explore+2+versusarena+explore_all_rooms"><![CDATA[Scaling]]></entry>
    <entry id="town_quest_name_explore+3+versusarena+explore_all_rooms"><![CDATA[Expedition]]></entry>
    <entry id="town_quest_name_gather+2+versusarena+gather_medicines"><![CDATA[Stave off Sickness]]></entry>
    <entry id="town_quest_name_gather+2+versusarena"><![CDATA[Stave off Sickness]]></entry>
    <entry id="town_quest_name_inventory_activate+2+versusarena+inventory_activate_infected_corpse"><![CDATA[Detoxify the Corpses]]></entry>
    <entry id="town_quest_description_cleanse+1+versusarena+battle_all_rooms"><![CDATA[Climb the versusarena, and destroy the fiends that live up there.]]></entry>
    <entry id="town_quest_description_cleanse+2+versusarena+battle_all_rooms"><![CDATA[The air is getting colder around the versusarena. Pushing back the denizens may warm it up.]]></entry>
    <entry id="town_quest_description_cleanse+3+versusarena+battle_all_rooms"><![CDATA[They gather at the peak of the versusarena. You must find them, and extinguish them.]]></entry>
    <entry id="town_quest_description_explore+1+versusarena+explore_all_rooms"><![CDATA[Climb up the side of the versusarena, and examine the corrupted wildlife.]]></entry>
    <entry id="town_quest_description_explore+2+versusarena+explore_all_rooms"><![CDATA[Much of the versusarena is sill obscured. Scale the icy walls and make some sense of the paths.]]></entry>
    <entry id="town_quest_description_explore+3+versusarena+explore_all_rooms"><![CDATA[The peak of the versusarena is unexplored still. Mount an expedition to the top of the versusarena, and return with knowledge of the corruption.]]></entry>
    <entry id="town_quest_description_gather+2+versusarena+gather_medicines"><![CDATA[Many a cart-driver has met their end while traversing the Mountain. A king's ransom of medicines was recently abandoned. They would greatly assist in rebuilding this sickly hamlet.]]></entry>
    <entry id="town_quest_description_gather+2+versusarena"><![CDATA[Many a cart-driver has met their end while traversing the Mountain. A king's ransom of medicines was recently abandoned. They would greatly assist in rebuilding this sickly hamlet.]]></entry>
    <entry id="town_quest_description_inventory_activate+2+versusarena+inventory_activate_infected_corpse"><![CDATA[Blighted corpses lay strewn about the Old Road, teeming with filth and disease. Journeys to and from the Hamlet pose constant threat of sickness. Destroy this blight with Potent Salve.]]></entry>
    <entry id="str_versusarena_level_1_unlocked"><![CDATA[{colour_start|town_activity_log_positive_result}{?dungeon_name}%s:{colour_end} Advanced to Mastery 1.]]></entry>
    <entry id="str_versusarena_level_2_unlocked"><![CDATA[{colour_start|town_activity_log_positive_result}{?dungeon_name}%s:{colour_end} Advanced to Mastery 2.]]></entry>
    <entry id="str_versusarena_level_3_unlocked"><![CDATA[{colour_start|town_activity_log_positive_result}{?dungeon_name}%s:{colour_end} Advanced to Mastery 3.]]></entry>
    <entry id="str_versusarena_level_4_unlocked"><![CDATA[{colour_start|town_activity_log_positive_result}{?dungeon_name}%s:{colour_end} Advanced to Mastery 4.]]></entry>
    <entry id="str_versusarena_level_5_unlocked"><![CDATA[{colour_start|town_activity_log_positive_result}{?dungeon_name}%s:{colour_end} Advanced to Mastery 5.]]></entry>
    <entry id="str_versusarena_level_6_unlocked"><![CDATA[{colour_start|town_activity_log_positive_result}{?dungeon_name}%s:{colour_end} Advanced to Mastery 6.]]></entry>
    <entry id="str_versusarena_level_7_unlocked"><![CDATA[{colour_start|town_activity_log_positive_result}{?dungeon_name}%s:{colour_end} Advanced to Mastery 7.]]></entry>
    <entry id="str_versusarena_tip"><![CDATA[Fight for the Glory.]]></entry>
    <entry id="str_versusarena_unlocked"><![CDATA[{colour_start|town_activity_log_positive_result}{?dungeon_name}%s:{colour_end} A large versusarena looms menacingly in the distance.]]></entry>
  </language>
  <language id="italian">
  	<entry id="dungeon_name_versusarena"><![CDATA[Arena]]></entry>
    <entry id="buff_rule_data_tooltip_versusarena"><![CDATA[Arena]]></entry>
    <entry id="dungeon_name_versusarena"><![CDATA[Arena]]></entry>
    <entry id="str_embarked_on_cleanse_versusarena"><![CDATA[{?hero_names}%s embarked to slay evil in the Mountain. ({?difficulty}%s {?length}%s)]]></entry>
    <entry id="str_embarked_on_explore_versusarena"><![CDATA[{?hero_names}%s set forth to explore the Mountain. ({?difficulty}%s {?length}%s)]]></entry>
    <entry id="str_embarked_on_gather_versusarena"><![CDATA[{?hero_names}%s embarked in search of vital medicines lost along the Old Road in the Mountain. ({?difficulty}%s {?length}%s)]]></entry>
    <entry id="str_embarked_on_inventory_activate_versusarena"><![CDATA[{?hero_names}%s set off on a mission to stave off growing disease in the Mountain. ({?difficulty}%s {?length}%s)]]></entry>
    <entry id="str_returned_from_cleanse_versusarena_failure"><![CDATA[{?hero_names}%s could not brave the fierce monstrositiesarrayed against them in the Mountain. ({?difficulty}%s {?length}%s)]]></entry>
    <entry id="str_returned_from_cleanse_versusarena_success"><![CDATA[{?hero_names}%s Destroyed the wretched creatures on the peak of the versusarena. ({?difficulty}%s {?length}%s)]]></entry>
    <entry id="str_returned_from_explore_versusarena_failure"><![CDATA[{?hero_names}%s could not brave the freezing weather. ({?difficulty}%s {?length}%s)]]></entry>
    <entry id="str_returned_from_explore_versusarena_success"><![CDATA[{?hero_names}%s climbed to the peak of the versusarena, and returned safely. ({?difficulty}%s {?length}%s)]]></entry>
    <entry id="str_returned_from_gather_versusarena_failure"><![CDATA[{?hero_names}%s did not locate the missing medicines in the Mountain. ({?difficulty}%s {?length}%s)]]></entry>
    <entry id="str_returned_from_gather_versusarena_success"><![CDATA[{?hero_names}%s returned from the Mountain with the lost medicines! ({?difficulty}%s {?length}%s)]]></entry>
    <entry id="str_returned_from_inventory_activate_versusarena_failure"><![CDATA[{?hero_names}%s could not find and purify the corpses in the Mountain. ({?difficulty}%s {?length}%s)]]></entry>
    <entry id="str_returned_from_inventory_activate_versusarena_success"><![CDATA[{?hero_names}%s purified the diseased corpses strewn about the Mountain. ({?difficulty}%s {?length}%s)]]></entry>
    <entry id="town_quest_name_cleanse+1+versusarena+battle_all_rooms"><![CDATA[Skirmish]]></entry>
    <entry id="town_quest_name_cleanse+2+versusarena+battle_all_rooms"><![CDATA[Cleanse]]></entry>
    <entry id="town_quest_name_cleanse+3+versusarena+battle_all_rooms"><![CDATA[Exterminate]]></entry>
    <entry id="town_quest_name_explore+1+versusarena+explore_all_rooms"><![CDATA[Climb]]></entry>
    <entry id="town_quest_name_explore+2+versusarena+explore_all_rooms"><![CDATA[Scaling]]></entry>
    <entry id="town_quest_name_explore+3+versusarena+explore_all_rooms"><![CDATA[Expedition]]></entry>
    <entry id="town_quest_name_gather+2+versusarena+gather_medicines"><![CDATA[Stave off Sickness]]></entry>
    <entry id="town_quest_name_gather+2+versusarena"><![CDATA[Stave off Sickness]]></entry>
    <entry id="town_quest_name_inventory_activate+2+versusarena+inventory_activate_infected_corpse"><![CDATA[Detoxify the Corpses]]></entry>
    <entry id="town_quest_description_cleanse+1+versusarena+battle_all_rooms"><![CDATA[Climb the versusarena, and destroy the fiends that live up there.]]></entry>
    <entry id="town_quest_description_cleanse+2+versusarena+battle_all_rooms"><![CDATA[The air is getting colder around the versusarena. Pushing back the denizens may warm it up.]]></entry>
    <entry id="town_quest_description_cleanse+3+versusarena+battle_all_rooms"><![CDATA[They gather at the peak of the versusarena. You must find them, and extinguish them.]]></entry>
    <entry id="town_quest_description_explore+1+versusarena+explore_all_rooms"><![CDATA[Climb up the side of the versusarena, and examine the corrupted wildlife.]]></entry>
    <entry id="town_quest_description_explore+2+versusarena+explore_all_rooms"><![CDATA[Much of the versusarena is sill obscured. Scale the icy walls and make some sense of the paths.]]></entry>
    <entry id="town_quest_description_explore+3+versusarena+explore_all_rooms"><![CDATA[The peak of the versusarena is unexplored still. Mount an expedition to the top of the versusarena, and return with knowledge of the corruption.]]></entry>
    <entry id="town_quest_description_gather+2+versusarena+gather_medicines"><![CDATA[Many a cart-driver has met their end while traversing the Mountain. A king's ransom of medicines was recently abandoned. They would greatly assist in rebuilding this sickly hamlet.]]></entry>
    <entry id="town_quest_description_gather+2+versusarena"><![CDATA[Many a cart-driver has met their end while traversing the Mountain. A king's ransom of medicines was recently abandoned. They would greatly assist in rebuilding this sickly hamlet.]]></entry>
    <entry id="town_quest_description_inventory_activate+2+versusarena+inventory_activate_infected_corpse"><![CDATA[Blighted corpses lay strewn about the Old Road, teeming with filth and disease. Journeys to and from the Hamlet pose constant threat of sickness. Destroy this blight with Potent Salve.]]></entry>
    <entry id="str_versusarena_level_1_unlocked"><![CDATA[{colour_start|town_activity_log_positive_result}{?dungeon_name}%s:{colour_end} Advanced to Mastery 1.]]></entry>
    <entry id="str_versusarena_level_2_unlocked"><![CDATA[{colour_start|town_activity_log_positive_result}{?dungeon_name}%s:{colour_end} Advanced to Mastery 2.]]></entry>
    <entry id="str_versusarena_level_3_unlocked"><![CDATA[{colour_start|town_activity_log_positive_result}{?dungeon_name}%s:{colour_end} Advanced to Mastery 3.]]></entry>
    <entry id="str_versusarena_level_4_unlocked"><![CDATA[{colour_start|town_activity_log_positive_result}{?dungeon_name}%s:{colour_end} Advanced to Mastery 4.]]></entry>
    <entry id="str_versusarena_level_5_unlocked"><![CDATA[{colour_start|town_activity_log_positive_result}{?dungeon_name}%s:{colour_end} Advanced to Mastery 5.]]></entry>
    <entry id="str_versusarena_level_6_unlocked"><![CDATA[{colour_start|town_activity_log_positive_result}{?dungeon_name}%s:{colour_end} Advanced to Mastery 6.]]></entry>
    <entry id="str_versusarena_level_7_unlocked"><![CDATA[{colour_start|town_activity_log_positive_result}{?dungeon_name}%s:{colour_end} Advanced to Mastery 7.]]></entry>
    <entry id="str_versusarena_tip"><![CDATA[Fight for the Glory.]]></entry>
    <entry id="str_versusarena_unlocked"><![CDATA[{colour_start|town_activity_log_positive_result}{?dungeon_name}%s:{colour_end} A large versusarena looms menacingly in the distance.]]></entry>
  </language>
  <language id="russian">
  	<entry id="dungeon_name_versusarena"><![CDATA[Arena]]></entry>
    <entry id="buff_rule_data_tooltip_versusarena"><![CDATA[Arena]]></entry>
    <entry id="dungeon_name_versusarena"><![CDATA[Arena]]></entry>
    <entry id="str_embarked_on_cleanse_versusarena"><![CDATA[{?hero_names}%s embarked to slay evil in the Mountain. ({?difficulty}%s {?length}%s)]]></entry>
    <entry id="str_embarked_on_explore_versusarena"><![CDATA[{?hero_names}%s set forth to explore the Mountain. ({?difficulty}%s {?length}%s)]]></entry>
    <entry id="str_embarked_on_gather_versusarena"><![CDATA[{?hero_names}%s embarked in search of vital medicines lost along the Old Road in the Mountain. ({?difficulty}%s {?length}%s)]]></entry>
    <entry id="str_embarked_on_inventory_activate_versusarena"><![CDATA[{?hero_names}%s set off on a mission to stave off growing disease in the Mountain. ({?difficulty}%s {?length}%s)]]></entry>
    <entry id="str_returned_from_cleanse_versusarena_failure"><![CDATA[{?hero_names}%s could not brave the fierce monstrositiesarrayed against them in the Mountain. ({?difficulty}%s {?length}%s)]]></entry>
    <entry id="str_returned_from_cleanse_versusarena_success"><![CDATA[{?hero_names}%s Destroyed the wretched creatures on the peak of the versusarena. ({?difficulty}%s {?length}%s)]]></entry>
    <entry id="str_returned_from_explore_versusarena_failure"><![CDATA[{?hero_names}%s could not brave the freezing weather. ({?difficulty}%s {?length}%s)]]></entry>
    <entry id="str_returned_from_explore_versusarena_success"><![CDATA[{?hero_names}%s climbed to the peak of the versusarena, and returned safely. ({?difficulty}%s {?length}%s)]]></entry>
    <entry id="str_returned_from_gather_versusarena_failure"><![CDATA[{?hero_names}%s did not locate the missing medicines in the Mountain. ({?difficulty}%s {?length}%s)]]></entry>
    <entry id="str_returned_from_gather_versusarena_success"><![CDATA[{?hero_names}%s returned from the Mountain with the lost medicines! ({?difficulty}%s {?length}%s)]]></entry>
    <entry id="str_returned_from_inventory_activate_versusarena_failure"><![CDATA[{?hero_names}%s could not find and purify the corpses in the Mountain. ({?difficulty}%s {?length}%s)]]></entry>
    <entry id="str_returned_from_inventory_activate_versusarena_success"><![CDATA[{?hero_names}%s purified the diseased corpses strewn about the Mountain. ({?difficulty}%s {?length}%s)]]></entry>
    <entry id="town_quest_name_cleanse+1+versusarena+battle_all_rooms"><![CDATA[Skirmish]]></entry>
    <entry id="town_quest_name_cleanse+2+versusarena+battle_all_rooms"><![CDATA[Cleanse]]></entry>
    <entry id="town_quest_name_cleanse+3+versusarena+battle_all_rooms"><![CDATA[Exterminate]]></entry>
    <entry id="town_quest_name_explore+1+versusarena+explore_all_rooms"><![CDATA[Climb]]></entry>
    <entry id="town_quest_name_explore+2+versusarena+explore_all_rooms"><![CDATA[Scaling]]></entry>
    <entry id="town_quest_name_explore+3+versusarena+explore_all_rooms"><![CDATA[Expedition]]></entry>
    <entry id="town_quest_name_gather+2+versusarena+gather_medicines"><![CDATA[Stave off Sickness]]></entry>
    <entry id="town_quest_name_gather+2+versusarena"><![CDATA[Stave off Sickness]]></entry>
    <entry id="town_quest_name_inventory_activate+2+versusarena+inventory_activate_infected_corpse"><![CDATA[Detoxify the Corpses]]></entry>
    <entry id="town_quest_description_cleanse+1+versusarena+battle_all_rooms"><![CDATA[Climb the versusarena, and destroy the fiends that live up there.]]></entry>
    <entry id="town_quest_description_cleanse+2+versusarena+battle_all_rooms"><![CDATA[The air is getting colder around the versusarena. Pushing back the denizens may warm it up.]]></entry>
    <entry id="town_quest_description_cleanse+3+versusarena+battle_all_rooms"><![CDATA[They gather at the peak of the versusarena. You must find them, and extinguish them.]]></entry>
    <entry id="town_quest_description_explore+1+versusarena+explore_all_rooms"><![CDATA[Climb up the side of the versusarena, and examine the corrupted wildlife.]]></entry>
    <entry id="town_quest_description_explore+2+versusarena+explore_all_rooms"><![CDATA[Much of the versusarena is sill obscured. Scale the icy walls and make some sense of the paths.]]></entry>
    <entry id="town_quest_description_explore+3+versusarena+explore_all_rooms"><![CDATA[The peak of the versusarena is unexplored still. Mount an expedition to the top of the versusarena, and return with knowledge of the corruption.]]></entry>
    <entry id="town_quest_description_gather+2+versusarena+gather_medicines"><![CDATA[Many a cart-driver has met their end while traversing the Mountain. A king's ransom of medicines was recently abandoned. They would greatly assist in rebuilding this sickly hamlet.]]></entry>
    <entry id="town_quest_description_gather+2+versusarena"><![CDATA[Many a cart-driver has met their end while traversing the Mountain. A king's ransom of medicines was recently abandoned. They would greatly assist in rebuilding this sickly hamlet.]]></entry>
    <entry id="town_quest_description_inventory_activate+2+versusarena+inventory_activate_infected_corpse"><![CDATA[Blighted corpses lay strewn about the Old Road, teeming with filth and disease. Journeys to and from the Hamlet pose constant threat of sickness. Destroy this blight with Potent Salve.]]></entry>
    <entry id="str_versusarena_level_1_unlocked"><![CDATA[{colour_start|town_activity_log_positive_result}{?dungeon_name}%s:{colour_end} Advanced to Mastery 1.]]></entry>
    <entry id="str_versusarena_level_2_unlocked"><![CDATA[{colour_start|town_activity_log_positive_result}{?dungeon_name}%s:{colour_end} Advanced to Mastery 2.]]></entry>
    <entry id="str_versusarena_level_3_unlocked"><![CDATA[{colour_start|town_activity_log_positive_result}{?dungeon_name}%s:{colour_end} Advanced to Mastery 3.]]></entry>
    <entry id="str_versusarena_level_4_unlocked"><![CDATA[{colour_start|town_activity_log_positive_result}{?dungeon_name}%s:{colour_end} Advanced to Mastery 4.]]></entry>
    <entry id="str_versusarena_level_5_unlocked"><![CDATA[{colour_start|town_activity_log_positive_result}{?dungeon_name}%s:{colour_end} Advanced to Mastery 5.]]></entry>
    <entry id="str_versusarena_level_6_unlocked"><![CDATA[{colour_start|town_activity_log_positive_result}{?dungeon_name}%s:{colour_end} Advanced to Mastery 6.]]></entry>
    <entry id="str_versusarena_level_7_unlocked"><![CDATA[{colour_start|town_activity_log_positive_result}{?dungeon_name}%s:{colour_end} Advanced to Mastery 7.]]></entry>
    <entry id="str_versusarena_tip"><![CDATA[Fight for the Glory.]]></entry>
    <entry id="str_versusarena_unlocked"><![CDATA[{colour_start|town_activity_log_positive_result}{?dungeon_name}%s:{colour_end} A large versusarena looms menacingly in the distance.]]></entry>
  </language>
  <language id="polish">
  	<entry id="dungeon_name_versusarena"><![CDATA[Arena]]></entry>
    <entry id="buff_rule_data_tooltip_versusarena"><![CDATA[Arena]]></entry>
    <entry id="dungeon_name_versusarena"><![CDATA[Arena]]></entry>
    <entry id="str_embarked_on_cleanse_versusarena"><![CDATA[{?hero_names}%s embarked to slay evil in the Mountain. ({?difficulty}%s {?length}%s)]]></entry>
    <entry id="str_embarked_on_explore_versusarena"><![CDATA[{?hero_names}%s set forth to explore the Mountain. ({?difficulty}%s {?length}%s)]]></entry>
    <entry id="str_embarked_on_gather_versusarena"><![CDATA[{?hero_names}%s embarked in search of vital medicines lost along the Old Road in the Mountain. ({?difficulty}%s {?length}%s)]]></entry>
    <entry id="str_embarked_on_inventory_activate_versusarena"><![CDATA[{?hero_names}%s set off on a mission to stave off growing disease in the Mountain. ({?difficulty}%s {?length}%s)]]></entry>
    <entry id="str_returned_from_cleanse_versusarena_failure"><![CDATA[{?hero_names}%s could not brave the fierce monstrositiesarrayed against them in the Mountain. ({?difficulty}%s {?length}%s)]]></entry>
    <entry id="str_returned_from_cleanse_versusarena_success"><![CDATA[{?hero_names}%s Destroyed the wretched creatures on the peak of the versusarena. ({?difficulty}%s {?length}%s)]]></entry>
    <entry id="str_returned_from_explore_versusarena_failure"><![CDATA[{?hero_names}%s could not brave the freezing weather. ({?difficulty}%s {?length}%s)]]></entry>
    <entry id="str_returned_from_explore_versusarena_success"><![CDATA[{?hero_names}%s climbed to the peak of the versusarena, and returned safely. ({?difficulty}%s {?length}%s)]]></entry>
    <entry id="str_returned_from_gather_versusarena_failure"><![CDATA[{?hero_names}%s did not locate the missing medicines in the Mountain. ({?difficulty}%s {?length}%s)]]></entry>
    <entry id="str_returned_from_gather_versusarena_success"><![CDATA[{?hero_names}%s returned from the Mountain with the lost medicines! ({?difficulty}%s {?length}%s)]]></entry>
    <entry id="str_returned_from_inventory_activate_versusarena_failure"><![CDATA[{?hero_names}%s could not find and purify the corpses in the Mountain. ({?difficulty}%s {?length}%s)]]></entry>
    <entry id="str_returned_from_inventory_activate_versusarena_success"><![CDATA[{?hero_names}%s purified the diseased corpses strewn about the Mountain. ({?difficulty}%s {?length}%s)]]></entry>
    <entry id="town_quest_name_cleanse+1+versusarena+battle_all_rooms"><![CDATA[Skirmish]]></entry>
    <entry id="town_quest_name_cleanse+2+versusarena+battle_all_rooms"><![CDATA[Cleanse]]></entry>
    <entry id="town_quest_name_cleanse+3+versusarena+battle_all_rooms"><![CDATA[Exterminate]]></entry>
    <entry id="town_quest_name_explore+1+versusarena+explore_all_rooms"><![CDATA[Climb]]></entry>
    <entry id="town_quest_name_explore+2+versusarena+explore_all_rooms"><![CDATA[Scaling]]></entry>
    <entry id="town_quest_name_explore+3+versusarena+explore_all_rooms"><![CDATA[Expedition]]></entry>
    <entry id="town_quest_name_gather+2+versusarena+gather_medicines"><![CDATA[Stave off Sickness]]></entry>
    <entry id="town_quest_name_gather+2+versusarena"><![CDATA[Stave off Sickness]]></entry>
    <entry id="town_quest_name_inventory_activate+2+versusarena+inventory_activate_infected_corpse"><![CDATA[Detoxify the Corpses]]></entry>
    <entry id="town_quest_description_cleanse+1+versusarena+battle_all_rooms"><![CDATA[Climb the versusarena, and destroy the fiends that live up there.]]></entry>
    <entry id="town_quest_description_cleanse+2+versusarena+battle_all_rooms"><![CDATA[The air is getting colder around the versusarena. Pushing back the denizens may warm it up.]]></entry>
    <entry id="town_quest_description_cleanse+3+versusarena+battle_all_rooms"><![CDATA[They gather at the peak of the versusarena. You must find them, and extinguish them.]]></entry>
    <entry id="town_quest_description_explore+1+versusarena+explore_all_rooms"><![CDATA[Climb up the side of the versusarena, and examine the corrupted wildlife.]]></entry>
    <entry id="town_quest_description_explore+2+versusarena+explore_all_rooms"><![CDATA[Much of the versusarena is sill obscured. Scale the icy walls and make some sense of the paths.]]></entry>
    <entry id="town_quest_description_explore+3+versusarena+explore_all_rooms"><![CDATA[The peak of the versusarena is unexplored still. Mount an expedition to the top of the versusarena, and return with knowledge of the corruption.]]></entry>
    <entry id="town_quest_description_gather+2+versusarena+gather_medicines"><![CDATA[Many a cart-driver has met their end while traversing the Mountain. A king's ransom of medicines was recently abandoned. They would greatly assist in rebuilding this sickly hamlet.]]></entry>
    <entry id="town_quest_description_gather+2+versusarena"><![CDATA[Many a cart-driver has met their end while traversing the Mountain. A king's ransom of medicines was recently abandoned. They would greatly assist in rebuilding this sickly hamlet.]]></entry>
    <entry id="town_quest_description_inventory_activate+2+versusarena+inventory_activate_infected_corpse"><![CDATA[Blighted corpses lay strewn about the Old Road, teeming with filth and disease. Journeys to and from the Hamlet pose constant threat of sickness. Destroy this blight with Potent Salve.]]></entry>
    <entry id="str_versusarena_level_1_unlocked"><![CDATA[{colour_start|town_activity_log_positive_result}{?dungeon_name}%s:{colour_end} Advanced to Mastery 1.]]></entry>
    <entry id="str_versusarena_level_2_unlocked"><![CDATA[{colour_start|town_activity_log_positive_result}{?dungeon_name}%s:{colour_end} Advanced to Mastery 2.]]></entry>
    <entry id="str_versusarena_level_3_unlocked"><![CDATA[{colour_start|town_activity_log_positive_result}{?dungeon_name}%s:{colour_end} Advanced to Mastery 3.]]></entry>
    <entry id="str_versusarena_level_4_unlocked"><![CDATA[{colour_start|town_activity_log_positive_result}{?dungeon_name}%s:{colour_end} Advanced to Mastery 4.]]></entry>
    <entry id="str_versusarena_level_5_unlocked"><![CDATA[{colour_start|town_activity_log_positive_result}{?dungeon_name}%s:{colour_end} Advanced to Mastery 5.]]></entry>
    <entry id="str_versusarena_level_6_unlocked"><![CDATA[{colour_start|town_activity_log_positive_result}{?dungeon_name}%s:{colour_end} Advanced to Mastery 6.]]></entry>
    <entry id="str_versusarena_level_7_unlocked"><![CDATA[{colour_start|town_activity_log_positive_result}{?dungeon_name}%s:{colour_end} Advanced to Mastery 7.]]></entry>
    <entry id="str_versusarena_tip"><![CDATA[Fight for the Glory.]]></entry>
    <entry id="str_versusarena_unlocked"><![CDATA[{colour_start|town_activity_log_positive_result}{?dungeon_name}%s:{colour_end} A large versusarena looms menacingly in the distance.]]></entry>
  </language>
  <language id="french">
  	<entry id="dungeon_name_versusarena"><![CDATA[Arena]]></entry>
    <entry id="buff_rule_data_tooltip_versusarena"><![CDATA[Arena]]></entry>
    <entry id="dungeon_name_versusarena"><![CDATA[Arena]]></entry>
    <entry id="str_embarked_on_cleanse_versusarena"><![CDATA[{?hero_names}%s embarked to slay evil in the Mountain. ({?difficulty}%s {?length}%s)]]></entry>
    <entry id="str_embarked_on_explore_versusarena"><![CDATA[{?hero_names}%s set forth to explore the Mountain. ({?difficulty}%s {?length}%s)]]></entry>
    <entry id="str_embarked_on_gather_versusarena"><![CDATA[{?hero_names}%s embarked in search of vital medicines lost along the Old Road in the Mountain. ({?difficulty}%s {?length}%s)]]></entry>
    <entry id="str_embarked_on_inventory_activate_versusarena"><![CDATA[{?hero_names}%s set off on a mission to stave off growing disease in the Mountain. ({?difficulty}%s {?length}%s)]]></entry>
    <entry id="str_returned_from_cleanse_versusarena_failure"><![CDATA[{?hero_names}%s could not brave the fierce monstrositiesarrayed against them in the Mountain. ({?difficulty}%s {?length}%s)]]></entry>
    <entry id="str_returned_from_cleanse_versusarena_success"><![CDATA[{?hero_names}%s Destroyed the wretched creatures on the peak of the versusarena. ({?difficulty}%s {?length}%s)]]></entry>
    <entry id="str_returned_from_explore_versusarena_failure"><![CDATA[{?hero_names}%s could not brave the freezing weather. ({?difficulty}%s {?length}%s)]]></entry>
    <entry id="str_returned_from_explore_versusarena_success"><![CDATA[{?hero_names}%s climbed to the peak of the versusarena, and returned safely. ({?difficulty}%s {?length}%s)]]></entry>
    <entry id="str_returned_from_gather_versusarena_failure"><![CDATA[{?hero_names}%s did not locate the missing medicines in the Mountain. ({?difficulty}%s {?length}%s)]]></entry>
    <entry id="str_returned_from_gather_versusarena_success"><![CDATA[{?hero_names}%s returned from the Mountain with the lost medicines! ({?difficulty}%s {?length}%s)]]></entry>
    <entry id="str_returned_from_inventory_activate_versusarena_failure"><![CDATA[{?hero_names}%s could not find and purify the corpses in the Mountain. ({?difficulty}%s {?length}%s)]]></entry>
    <entry id="str_returned_from_inventory_activate_versusarena_success"><![CDATA[{?hero_names}%s purified the diseased corpses strewn about the Mountain. ({?difficulty}%s {?length}%s)]]></entry>
    <entry id="town_quest_name_cleanse+1+versusarena+battle_all_rooms"><![CDATA[Skirmish]]></entry>
    <entry id="town_quest_name_cleanse+2+versusarena+battle_all_rooms"><![CDATA[Cleanse]]></entry>
    <entry id="town_quest_name_cleanse+3+versusarena+battle_all_rooms"><![CDATA[Exterminate]]></entry>
    <entry id="town_quest_name_explore+1+versusarena+explore_all_rooms"><![CDATA[Climb]]></entry>
    <entry id="town_quest_name_explore+2+versusarena+explore_all_rooms"><![CDATA[Scaling]]></entry>
    <entry id="town_quest_name_explore+3+versusarena+explore_all_rooms"><![CDATA[Expedition]]></entry>
    <entry id="town_quest_name_gather+2+versusarena+gather_medicines"><![CDATA[Stave off Sickness]]></entry>
    <entry id="town_quest_name_gather+2+versusarena"><![CDATA[Stave off Sickness]]></entry>
    <entry id="town_quest_name_inventory_activate+2+versusarena+inventory_activate_infected_corpse"><![CDATA[Detoxify the Corpses]]></entry>
    <entry id="town_quest_description_cleanse+1+versusarena+battle_all_rooms"><![CDATA[Climb the versusarena, and destroy the fiends that live up there.]]></entry>
    <entry id="town_quest_description_cleanse+2+versusarena+battle_all_rooms"><![CDATA[The air is getting colder around the versusarena. Pushing back the denizens may warm it up.]]></entry>
    <entry id="town_quest_description_cleanse+3+versusarena+battle_all_rooms"><![CDATA[They gather at the peak of the versusarena. You must find them, and extinguish them.]]></entry>
    <entry id="town_quest_description_explore+1+versusarena+explore_all_rooms"><![CDATA[Climb up the side of the versusarena, and examine the corrupted wildlife.]]></entry>
    <entry id="town_quest_description_explore+2+versusarena+explore_all_rooms"><![CDATA[Much of the versusarena is sill obscured. Scale the icy walls and make some sense of the paths.]]></entry>
    <entry id="town_quest_description_explore+3+versusarena+explore_all_rooms"><![CDATA[The peak of the versusarena is unexplored still. Mount an expedition to the top of the versusarena, and return with knowledge of the corruption.]]></entry>
    <entry id="town_quest_description_gather+2+versusarena+gather_medicines"><![CDATA[Many a cart-driver has met their end while traversing the Mountain. A king's ransom of medicines was recently abandoned. They would greatly assist in rebuilding this sickly hamlet.]]></entry>
    <entry id="town_quest_description_gather+2+versusarena"><![CDATA[Many a cart-driver has met their end while traversing the Mountain. A king's ransom of medicines was recently abandoned. They would greatly assist in rebuilding this sickly hamlet.]]></entry>
    <entry id="town_quest_description_inventory_activate+2+versusarena+inventory_activate_infected_corpse"><![CDATA[Blighted corpses lay strewn about the Old Road, teeming with filth and disease. Journeys to and from the Hamlet pose constant threat of sickness. Destroy this blight with Potent Salve.]]></entry>
    <entry id="str_versusarena_level_1_unlocked"><![CDATA[{colour_start|town_activity_log_positive_result}{?dungeon_name}%s:{colour_end} Advanced to Mastery 1.]]></entry>
    <entry id="str_versusarena_level_2_unlocked"><![CDATA[{colour_start|town_activity_log_positive_result}{?dungeon_name}%s:{colour_end} Advanced to Mastery 2.]]></entry>
    <entry id="str_versusarena_level_3_unlocked"><![CDATA[{colour_start|town_activity_log_positive_result}{?dungeon_name}%s:{colour_end} Advanced to Mastery 3.]]></entry>
    <entry id="str_versusarena_level_4_unlocked"><![CDATA[{colour_start|town_activity_log_positive_result}{?dungeon_name}%s:{colour_end} Advanced to Mastery 4.]]></entry>
    <entry id="str_versusarena_level_5_unlocked"><![CDATA[{colour_start|town_activity_log_positive_result}{?dungeon_name}%s:{colour_end} Advanced to Mastery 5.]]></entry>
    <entry id="str_versusarena_level_6_unlocked"><![CDATA[{colour_start|town_activity_log_positive_result}{?dungeon_name}%s:{colour_end} Advanced to Mastery 6.]]></entry>
    <entry id="str_versusarena_level_7_unlocked"><![CDATA[{colour_start|town_activity_log_positive_result}{?dungeon_name}%s:{colour_end} Advanced to Mastery 7.]]></entry>
    <entry id="str_versusarena_tip"><![CDATA[Fight for the Glory.]]></entry>
    <entry id="str_versusarena_unlocked"><![CDATA[{colour_start|town_activity_log_positive_result}{?dungeon_name}%s:{colour_end} A large versusarena looms menacingly in the distance.]]></entry>
  </language>
  <language id="german">
  	<entry id="dungeon_name_versusarena"><![CDATA[Arena]]></entry>
    <entry id="buff_rule_data_tooltip_versusarena"><![CDATA[Arena]]></entry>
    <entry id="dungeon_name_versusarena"><![CDATA[Arena]]></entry>
    <entry id="str_embarked_on_cleanse_versusarena"><![CDATA[{?hero_names}%s embarked to slay evil in the Mountain. ({?difficulty}%s {?length}%s)]]></entry>
    <entry id="str_embarked_on_explore_versusarena"><![CDATA[{?hero_names}%s set forth to explore the Mountain. ({?difficulty}%s {?length}%s)]]></entry>
    <entry id="str_embarked_on_gather_versusarena"><![CDATA[{?hero_names}%s embarked in search of vital medicines lost along the Old Road in the Mountain. ({?difficulty}%s {?length}%s)]]></entry>
    <entry id="str_embarked_on_inventory_activate_versusarena"><![CDATA[{?hero_names}%s set off on a mission to stave off growing disease in the Mountain. ({?difficulty}%s {?length}%s)]]></entry>
    <entry id="str_returned_from_cleanse_versusarena_failure"><![CDATA[{?hero_names}%s could not brave the fierce monstrositiesarrayed against them in the Mountain. ({?difficulty}%s {?length}%s)]]></entry>
    <entry id="str_returned_from_cleanse_versusarena_success"><![CDATA[{?hero_names}%s Destroyed the wretched creatures on the peak of the versusarena. ({?difficulty}%s {?length}%s)]]></entry>
    <entry id="str_returned_from_explore_versusarena_failure"><![CDATA[{?hero_names}%s could not brave the freezing weather. ({?difficulty}%s {?length}%s)]]></entry>
    <entry id="str_returned_from_explore_versusarena_success"><![CDATA[{?hero_names}%s climbed to the peak of the versusarena, and returned safely. ({?difficulty}%s {?length}%s)]]></entry>
    <entry id="str_returned_from_gather_versusarena_failure"><![CDATA[{?hero_names}%s did not locate the missing medicines in the Mountain. ({?difficulty}%s {?length}%s)]]></entry>
    <entry id="str_returned_from_gather_versusarena_success"><![CDATA[{?hero_names}%s returned from the Mountain with the lost medicines! ({?difficulty}%s {?length}%s)]]></entry>
    <entry id="str_returned_from_inventory_activate_versusarena_failure"><![CDATA[{?hero_names}%s could not find and purify the corpses in the Mountain. ({?difficulty}%s {?length}%s)]]></entry>
    <entry id="str_returned_from_inventory_activate_versusarena_success"><![CDATA[{?hero_names}%s purified the diseased corpses strewn about the Mountain. ({?difficulty}%s {?length}%s)]]></entry>
    <entry id="town_quest_name_cleanse+1+versusarena+battle_all_rooms"><![CDATA[Skirmish]]></entry>
    <entry id="town_quest_name_cleanse+2+versusarena+battle_all_rooms"><![CDATA[Cleanse]]></entry>
    <entry id="town_quest_name_cleanse+3+versusarena+battle_all_rooms"><![CDATA[Exterminate]]></entry>
    <entry id="town_quest_name_explore+1+versusarena+explore_all_rooms"><![CDATA[Climb]]></entry>
    <entry id="town_quest_name_explore+2+versusarena+explore_all_rooms"><![CDATA[Scaling]]></entry>
    <entry id="town_quest_name_explore+3+versusarena+explore_all_rooms"><![CDATA[Expedition]]></entry>
    <entry id="town_quest_name_gather+2+versusarena+gather_medicines"><![CDATA[Stave off Sickness]]></entry>
    <entry id="town_quest_name_gather+2+versusarena"><![CDATA[Stave off Sickness]]></entry>
    <entry id="town_quest_name_inventory_activate+2+versusarena+inventory_activate_infected_corpse"><![CDATA[Detoxify the Corpses]]></entry>
    <entry id="town_quest_description_cleanse+1+versusarena+battle_all_rooms"><![CDATA[Climb the versusarena, and destroy the fiends that live up there.]]></entry>
    <entry id="town_quest_description_cleanse+2+versusarena+battle_all_rooms"><![CDATA[The air is getting colder around the versusarena. Pushing back the denizens may warm it up.]]></entry>
    <entry id="town_quest_description_cleanse+3+versusarena+battle_all_rooms"><![CDATA[They gather at the peak of the versusarena. You must find them, and extinguish them.]]></entry>
    <entry id="town_quest_description_explore+1+versusarena+explore_all_rooms"><![CDATA[Climb up the side of the versusarena, and examine the corrupted wildlife.]]></entry>
    <entry id="town_quest_description_explore+2+versusarena+explore_all_rooms"><![CDATA[Much of the versusarena is sill obscured. Scale the icy walls and make some sense of the paths.]]></entry>
    <entry id="town_quest_description_explore+3+versusarena+explore_all_rooms"><![CDATA[The peak of the versusarena is unexplored still. Mount an expedition to the top of the versusarena, and return with knowledge of the corruption.]]></entry>
    <entry id="town_quest_description_gather+2+versusarena+gather_medicines"><![CDATA[Many a cart-driver has met their end while traversing the Mountain. A king's ransom of medicines was recently abandoned. They would greatly assist in rebuilding this sickly hamlet.]]></entry>
    <entry id="town_quest_description_gather+2+versusarena"><![CDATA[Many a cart-driver has met their end while traversing the Mountain. A king's ransom of medicines was recently abandoned. They would greatly assist in rebuilding this sickly hamlet.]]></entry>
    <entry id="town_quest_description_inventory_activate+2+versusarena+inventory_activate_infected_corpse"><![CDATA[Blighted corpses lay strewn about the Old Road, teeming with filth and disease. Journeys to and from the Hamlet pose constant threat of sickness. Destroy this blight with Potent Salve.]]></entry>
    <entry id="str_versusarena_level_1_unlocked"><![CDATA[{colour_start|town_activity_log_positive_result}{?dungeon_name}%s:{colour_end} Advanced to Mastery 1.]]></entry>
    <entry id="str_versusarena_level_2_unlocked"><![CDATA[{colour_start|town_activity_log_positive_result}{?dungeon_name}%s:{colour_end} Advanced to Mastery 2.]]></entry>
    <entry id="str_versusarena_level_3_unlocked"><![CDATA[{colour_start|town_activity_log_positive_result}{?dungeon_name}%s:{colour_end} Advanced to Mastery 3.]]></entry>
    <entry id="str_versusarena_level_4_unlocked"><![CDATA[{colour_start|town_activity_log_positive_result}{?dungeon_name}%s:{colour_end} Advanced to Mastery 4.]]></entry>
    <entry id="str_versusarena_level_5_unlocked"><![CDATA[{colour_start|town_activity_log_positive_result}{?dungeon_name}%s:{colour_end} Advanced to Mastery 5.]]></entry>
    <entry id="str_versusarena_level_6_unlocked"><![CDATA[{colour_start|town_activity_log_positive_result}{?dungeon_name}%s:{colour_end} Advanced to Mastery 6.]]></entry>
    <entry id="str_versusarena_level_7_unlocked"><![CDATA[{colour_start|town_activity_log_positive_result}{?dungeon_name}%s:{colour_end} Advanced to Mastery 7.]]></entry>
    <entry id="str_versusarena_tip"><![CDATA[Fight for the Glory.]]></entry>
    <entry id="str_versusarena_unlocked"><![CDATA[{colour_start|town_activity_log_positive_result}{?dungeon_name}%s:{colour_end} A large versusarena looms menacingly in the distance.]]></entry>
  </language>
  <language id="spanish">
  	<entry id="dungeon_name_versusarena"><![CDATA[Arena]]></entry>
    <entry id="buff_rule_data_tooltip_versusarena"><![CDATA[Arena]]></entry>
    <entry id="dungeon_name_versusarena"><![CDATA[Arena]]></entry>
    <entry id="str_embarked_on_cleanse_versusarena"><![CDATA[{?hero_names}%s embarked to slay evil in the Mountain. ({?difficulty}%s {?length}%s)]]></entry>
    <entry id="str_embarked_on_explore_versusarena"><![CDATA[{?hero_names}%s set forth to explore the Mountain. ({?difficulty}%s {?length}%s)]]></entry>
    <entry id="str_embarked_on_gather_versusarena"><![CDATA[{?hero_names}%s embarked in search of vital medicines lost along the Old Road in the Mountain. ({?difficulty}%s {?length}%s)]]></entry>
    <entry id="str_embarked_on_inventory_activate_versusarena"><![CDATA[{?hero_names}%s set off on a mission to stave off growing disease in the Mountain. ({?difficulty}%s {?length}%s)]]></entry>
    <entry id="str_returned_from_cleanse_versusarena_failure"><![CDATA[{?hero_names}%s could not brave the fierce monstrositiesarrayed against them in the Mountain. ({?difficulty}%s {?length}%s)]]></entry>
    <entry id="str_returned_from_cleanse_versusarena_success"><![CDATA[{?hero_names}%s Destroyed the wretched creatures on the peak of the versusarena. ({?difficulty}%s {?length}%s)]]></entry>
    <entry id="str_returned_from_explore_versusarena_failure"><![CDATA[{?hero_names}%s could not brave the freezing weather. ({?difficulty}%s {?length}%s)]]></entry>
    <entry id="str_returned_from_explore_versusarena_success"><![CDATA[{?hero_names}%s climbed to the peak of the versusarena, and returned safely. ({?difficulty}%s {?length}%s)]]></entry>
    <entry id="str_returned_from_gather_versusarena_failure"><![CDATA[{?hero_names}%s did not locate the missing medicines in the Mountain. ({?difficulty}%s {?length}%s)]]></entry>
    <entry id="str_returned_from_gather_versusarena_success"><![CDATA[{?hero_names}%s returned from the Mountain with the lost medicines! ({?difficulty}%s {?length}%s)]]></entry>
    <entry id="str_returned_from_inventory_activate_versusarena_failure"><![CDATA[{?hero_names}%s could not find and purify the corpses in the Mountain. ({?difficulty}%s {?length}%s)]]></entry>
    <entry id="str_returned_from_inventory_activate_versusarena_success"><![CDATA[{?hero_names}%s purified the diseased corpses strewn about the Mountain. ({?difficulty}%s {?length}%s)]]></entry>
    <entry id="town_quest_name_cleanse+1+versusarena+battle_all_rooms"><![CDATA[Skirmish]]></entry>
    <entry id="town_quest_name_cleanse+2+versusarena+battle_all_rooms"><![CDATA[Cleanse]]></entry>
    <entry id="town_quest_name_cleanse+3+versusarena+battle_all_rooms"><![CDATA[Exterminate]]></entry>
    <entry id="town_quest_name_explore+1+versusarena+explore_all_rooms"><![CDATA[Climb]]></entry>
    <entry id="town_quest_name_explore+2+versusarena+explore_all_rooms"><![CDATA[Scaling]]></entry>
    <entry id="town_quest_name_explore+3+versusarena+explore_all_rooms"><![CDATA[Expedition]]></entry>
    <entry id="town_quest_name_gather+2+versusarena+gather_medicines"><![CDATA[Stave off Sickness]]></entry>
    <entry id="town_quest_name_gather+2+versusarena"><![CDATA[Stave off Sickness]]></entry>
    <entry id="town_quest_name_inventory_activate+2+versusarena+inventory_activate_infected_corpse"><![CDATA[Detoxify the Corpses]]></entry>
    <entry id="town_quest_description_cleanse+1+versusarena+battle_all_rooms"><![CDATA[Climb the versusarena, and destroy the fiends that live up there.]]></entry>
    <entry id="town_quest_description_cleanse+2+versusarena+battle_all_rooms"><![CDATA[The air is getting colder around the versusarena. Pushing back the denizens may warm it up.]]></entry>
    <entry id="town_quest_description_cleanse+3+versusarena+battle_all_rooms"><![CDATA[They gather at the peak of the versusarena. You must find them, and extinguish them.]]></entry>
    <entry id="town_quest_description_explore+1+versusarena+explore_all_rooms"><![CDATA[Climb up the side of the versusarena, and examine the corrupted wildlife.]]></entry>
    <entry id="town_quest_description_explore+2+versusarena+explore_all_rooms"><![CDATA[Much of the versusarena is sill obscured. Scale the icy walls and make some sense of the paths.]]></entry>
    <entry id="town_quest_description_explore+3+versusarena+explore_all_rooms"><![CDATA[The peak of the versusarena is unexplored still. Mount an expedition to the top of the versusarena, and return with knowledge of the corruption.]]></entry>
    <entry id="town_quest_description_gather+2+versusarena+gather_medicines"><![CDATA[Many a cart-driver has met their end while traversing the Mountain. A king's ransom of medicines was recently abandoned. They would greatly assist in rebuilding this sickly hamlet.]]></entry>
    <entry id="town_quest_description_gather+2+versusarena"><![CDATA[Many a cart-driver has met their end while traversing the Mountain. A king's ransom of medicines was recently abandoned. They would greatly assist in rebuilding this sickly hamlet.]]></entry>
    <entry id="town_quest_description_inventory_activate+2+versusarena+inventory_activate_infected_corpse"><![CDATA[Blighted corpses lay strewn about the Old Road, teeming with filth and disease. Journeys to and from the Hamlet pose constant threat of sickness. Destroy this blight with Potent Salve.]]></entry>
    <entry id="str_versusarena_level_1_unlocked"><![CDATA[{colour_start|town_activity_log_positive_result}{?dungeon_name}%s:{colour_end} Advanced to Mastery 1.]]></entry>
    <entry id="str_versusarena_level_2_unlocked"><![CDATA[{colour_start|town_activity_log_positive_result}{?dungeon_name}%s:{colour_end} Advanced to Mastery 2.]]></entry>
    <entry id="str_versusarena_level_3_unlocked"><![CDATA[{colour_start|town_activity_log_positive_result}{?dungeon_name}%s:{colour_end} Advanced to Mastery 3.]]></entry>
    <entry id="str_versusarena_level_4_unlocked"><![CDATA[{colour_start|town_activity_log_positive_result}{?dungeon_name}%s:{colour_end} Advanced to Mastery 4.]]></entry>
    <entry id="str_versusarena_level_5_unlocked"><![CDATA[{colour_start|town_activity_log_positive_result}{?dungeon_name}%s:{colour_end} Advanced to Mastery 5.]]></entry>
    <entry id="str_versusarena_level_6_unlocked"><![CDATA[{colour_start|town_activity_log_positive_result}{?dungeon_name}%s:{colour_end} Advanced to Mastery 6.]]></entry>
    <entry id="str_versusarena_level_7_unlocked"><![CDATA[{colour_start|town_activity_log_positive_result}{?dungeon_name}%s:{colour_end} Advanced to Mastery 7.]]></entry>
    <entry id="str_versusarena_tip"><![CDATA[Fight for the Glory.]]></entry>
    <entry id="str_versusarena_unlocked"><![CDATA[{colour_start|town_activity_log_positive_result}{?dungeon_name}%s:{colour_end} A large versusarena looms menacingly in the distance.]]></entry>
  </language>
    <language id="schinese">
	<entry id="dungeon_name_versusarena"><![CDATA[竞技场]]></entry>
    <entry id="buff_rule_data_tooltip_versusarena"><![CDATA[竞技场]]></entry>
    <entry id="dungeon_name_versusarena"><![CDATA[竞技场]]></entry>
    <entry id="str_embarked_on_cleanse_versusarena"><![CDATA[{?hero_names}%s启程去山峰上屠戮邪物。（{?difficulty}%s {?length}%s）]]></entry>
    <entry id="str_embarked_on_explore_versusarena"><![CDATA[{?hero_names}%s开始探索山峰。（{?difficulty}%s {?length}%s）]]></entry>
    <entry id="str_embarked_on_gather_versusarena"><![CDATA[{?hero_names}%s在山峰的老路上寻找丢失的重要药品。（{?difficulty}%s {?length}%s）]]></entry>
    <entry id="str_embarked_on_inventory_activate_versusarena"><![CDATA[{?hero_names}%s出发去执行一项任务以减缓山峰上日益严重的疾病。（{?difficulty}%s {?length}%s）]]></entry>
    <entry id="str_returned_from_cleanse_versusarena_failure"><![CDATA[{?hero_names}%s无法勇敢地面对山峰上凶猛的怪物大军。（{?difficulty}%s {?length}%s）]]></entry>
    <entry id="str_returned_from_cleanse_versusarena_success"><![CDATA[{?hero_names}%s摧毁了决胜峰山顶上的那些可怜生物。（{?difficulty}%s {?length}%s）]]></entry>
    <entry id="str_returned_from_explore_versusarena_failure"><![CDATA[{?hero_names}%s无法忍受寒冷的天气。（{?difficulty}%s {?length}%s）]]></entry>
    <entry id="str_returned_from_explore_versusarena_success"><![CDATA[{?hero_names}%s爬上了决胜峰的山峰，并安全返回。（{?difficulty}%s {?length}%s）]]></entry>
    <entry id="str_returned_from_gather_versusarena_failure"><![CDATA[{?hero_names}%s没有在山峰上找到丢失的药品。（{?difficulty}%s {?length}%s）]]></entry>
    <entry id="str_returned_from_gather_versusarena_success"><![CDATA[{?hero_names}%s带着丢失的药品从山峰上回来了！({?difficulty}%s {?length}%s）]]></entry>
    <entry id="str_returned_from_inventory_activate_versusarena_failure"><![CDATA[{?hero_names}%s在山峰上没能找到并净化尸体。（{?difficulty}%s {?length}%s）]]></entry>
    <entry id="str_returned_from_inventory_activate_versusarena_success"><![CDATA[{?hero_names}%s净化了散落在山峰上的病尸。（{?difficulty}%s {?length}%s）]]></entry>
    <entry id="town_quest_name_cleanse+1+versusarena+battle_all_rooms"><![CDATA[冲突]]></entry>
    <entry id="town_quest_name_cleanse+2+versusarena+battle_all_rooms"><![CDATA[净化]]></entry>
    <entry id="town_quest_name_cleanse+3+versusarena+battle_all_rooms"><![CDATA[剿灭]]></entry>
    <entry id="town_quest_name_explore+1+versusarena+explore_all_rooms"><![CDATA[登山]]></entry>
    <entry id="town_quest_name_explore+2+versusarena+explore_all_rooms"><![CDATA[攀岩]]></entry>
    <entry id="town_quest_name_explore+3+versusarena+explore_all_rooms"><![CDATA[远征]]></entry>
    <entry id="town_quest_name_gather+2+versusarena+gather_medicines"><![CDATA[延缓疾病]]></entry>
    <entry id="town_quest_name_gather+2+versusarena"><![CDATA[延缓疾病]]></entry>
    <entry id="town_quest_name_inventory_activate+2+versusarena+inventory_activate_infected_corpse"><![CDATA[给尸体解毒]]></entry>
    <entry id="town_quest_description_cleanse+1+versusarena+battle_all_rooms"><![CDATA[爬上决胜峰，消灭住在那里的恶魔。]]></entry>
    <entry id="town_quest_description_cleanse+2+versusarena+battle_all_rooms"><![CDATA[决胜峰周围的空气越来越冷。治退那些栖息于此的恶魔可能会使山峰暖和起来。]]></entry>
    <entry id="town_quest_description_cleanse+3+versusarena+battle_all_rooms"><![CDATA[他们聚集在对决竞技山的山顶。你必须找到他们，并消灭他们。]]></entry>
    <entry id="town_quest_description_explore+1+versusarena+explore_all_rooms"><![CDATA[爬上决胜峰的一侧，检查被腐化的野生动物。]]></entry>
    <entry id="town_quest_description_explore+2+versusarena+explore_all_rooms"><![CDATA[决胜峰的很多地方仍旧未被探明。在结冰的岩壁上攀爬，探明一些路径。]]></entry>
    <entry id="town_quest_description_explore+3+versusarena+explore_all_rooms"><![CDATA[决胜峰的山顶仍旧未被探明。派遣一支远征队攀登到决胜峰的山顶，带着对腐化的知识返回。]]></entry>
    <entry id="town_quest_description_gather+2+versusarena+gather_medicines"><![CDATA[许多手推车车夫在通过山峰时死去了。一位国王的大堆医药最近被遗弃了。它们将极大地帮助重建这个被疾病困扰的小村庄。]]></entry>
    <entry id="town_quest_description_gather+2+versusarena"><![CDATA[许多手推车车夫在通过山峰时死去了。一位国王的大堆医药最近被遗弃了。它们将极大地帮助重建这个被疾病困扰的小村庄。]]></entry>
    <entry id="town_quest_description_inventory_activate+2+versusarena+inventory_activate_infected_corpse"><![CDATA[腐烂的尸体散落在老路上，到处都是污秽和疾病。往返于哈姆雷特的旅程经常会带来疾病的威胁。用强力药膏消灭这种腐蚀的疾病。]]></entry>
    <entry id="str_versusarena_level_1_unlocked"><![CDATA[{colour_start|town_activity_log_positive_result}{?dungeon_name}%s：{colour_end}掌控程度已提升至1。]]></entry>
    <entry id="str_versusarena_level_2_unlocked"><![CDATA[{colour_start|town_activity_log_positive_result}{?dungeon_name}%s：{colour_end}掌控程度已提升至2。]]></entry>
    <entry id="str_versusarena_level_3_unlocked"><![CDATA[{colour_start|town_activity_log_positive_result}{?dungeon_name}%s：{colour_end}掌控程度已提升至3。]]></entry>
    <entry id="str_versusarena_level_4_unlocked"><![CDATA[{colour_start|town_activity_log_positive_result}{?dungeon_name}%s：{colour_end}掌控程度已提升至4。]]></entry>
    <entry id="str_versusarena_level_5_unlocked"><![CDATA[{colour_start|town_activity_log_positive_result}{?dungeon_name}%s：{colour_end}掌控程度已提升至5。]]></entry>
    <entry id="str_versusarena_level_6_unlocked"><![CDATA[{colour_start|town_activity_log_positive_result}{?dungeon_name}%s：{colour_end}掌控程度已提升至6。]]></entry>
    <entry id="str_versusarena_level_7_unlocked"><![CDATA[{colour_start|town_activity_log_positive_result}{?dungeon_name}%s：{colour_end}掌控程度已提升至7。]]></entry>
    <entry id="str_versusarena_tip"><![CDATA[为荣耀而战。]]></entry>
    <entry id="str_versusarena_unlocked"><![CDATA[{colour_start|town_activity_log_positive_result}{?dungeon_name}%s：{colour_end}一座巨大的竞技场在远处赫然耸现。]]></entry>
  </language>
</root>

