﻿<?xml version="1.0" encoding="UTF-8"?>
<root>
  <language id="english">
    <entry id="town_event_title_versusmed_revive"><![CDATA[Victory Ceremony]]></entry>
    <entry id="town_event_description_versusmed_revive"><![CDATA[To celebrate your victory, you have earned some gold.]]></entry>
    <entry id="town_quest_name_plot_versusmed_dungeon"><![CDATA[4 Versus 4]]></entry>
    <entry id="town_quest_description_plot_versusmed_dungeon"><![CDATA[Fight for Glory & Gold against 4 random opponents.]]></entry>
    <entry id="str_caretaker_goal_plot_versusmed_dungeon"><![CDATA[Meet the opponents]]></entry>
    <entry id="str_embarked_on_plot_versusmed_dungeon"><![CDATA[Deployed to fight]]></entry>
    <entry id="str_plot_versusmed_dungeon_tip"><![CDATA[Tip. Its time to fight to death]]></entry>
    <entry id="str_returned_from_plot_versusmed_dungeon_failure"><![CDATA[Defeat]]></entry>
    <entry id="str_returned_from_plot_versusmed_dungeon_success"><![CDATA[Victory]]></entry>
  </language>
  <language id="french">
    <entry id="town_event_title_versusmed_revive"><![CDATA[Victory Ceremony]]></entry>
    <entry id="town_event_description_versusmed_revive"><![CDATA[We have brought the Priest for the resurrection ceremony. It will be expensive.]]></entry>
    <entry id="town_quest_name_plot_versusmed_dungeon"><![CDATA[4Versus4]]></entry>
    <entry id="town_quest_description_plot_versusmed_dungeon"><![CDATA[Fight for Glory & Gold against 4 random opponents.]]></entry>
    <entry id="str_caretaker_goal_plot_versusmed_dungeon"><![CDATA[Meet the opponents]]></entry>
    <entry id="str_embarked_on_plot_versusmed_dungeon"><![CDATA[Deployed to fight]]></entry>
    <entry id="str_plot_versusmed_dungeon_tip"><![CDATA[Tip. Its time to fight to death]]></entry>
    <entry id="str_returned_from_plot_versusmed_dungeon_failure"><![CDATA[Defeat]]></entry>
    <entry id="str_returned_from_plot_versusmed_dungeon_success"><![CDATA[Victory]]></entry>
  </language>
  <language id="german">
    <entry id="town_event_title_versusmed_revive"><![CDATA[Victory Ceremony]]></entry>
    <entry id="town_event_description_versusmed_revive"><![CDATA[We have brought the Priest for the resurrection ceremony. It will be expensive.]]></entry>
    <entry id="town_quest_name_plot_versusmed_dungeon"><![CDATA[4Versus4]]></entry>
    <entry id="town_quest_description_plot_versusmed_dungeon"><![CDATA[Fight for Glory & Gold against 4 random opponents.]]></entry>
    <entry id="str_caretaker_goal_plot_versusmed_dungeon"><![CDATA[Meet the opponents]]></entry>
    <entry id="str_embarked_on_plot_versusmed_dungeon"><![CDATA[Deployed to fight]]></entry>
    <entry id="str_plot_versusmed_dungeon_tip"><![CDATA[Tip. Its time to fight to death]]></entry>
    <entry id="str_returned_from_plot_versusmed_dungeon_failure"><![CDATA[Defeat]]></entry>
    <entry id="str_returned_from_plot_versusmed_dungeon_success"><![CDATA[Victory]]></entry>
  </language>
  <language id="spanish">
    <entry id="town_event_title_versusmed_revive"><![CDATA[Victory Ceremony]]></entry>
    <entry id="town_event_description_versusmed_revive"><![CDATA[We have brought the Priest for the resurrection ceremony. It will be expensive.]]></entry>
    <entry id="town_quest_name_plot_versusmed_dungeon"><![CDATA[4Versus4]]></entry>
    <entry id="town_quest_description_plot_versusmed_dungeon"><![CDATA[Fight for Glory & Gold against 4 random opponents.]]></entry>
    <entry id="str_caretaker_goal_plot_versusmed_dungeon"><![CDATA[Meet the opponents]]></entry>
    <entry id="str_embarked_on_plot_versusmed_dungeon"><![CDATA[Deployed to fight]]></entry>
    <entry id="str_plot_versusmed_dungeon_tip"><![CDATA[Tip. Its time to fight to death]]></entry>
    <entry id="str_returned_from_plot_versusmed_dungeon_failure"><![CDATA[Defeat]]></entry>
    <entry id="str_returned_from_plot_versusmed_dungeon_success"><![CDATA[Victory]]></entry>
  </language>
  <language id="brazilian">
    <entry id="town_event_title_versusmed_revive"><![CDATA[Victory Ceremony]]></entry>
    <entry id="town_event_description_versusmed_revive"><![CDATA[We have brought the Priest for the resurrection ceremony. It will be expensive.]]></entry>
    <entry id="town_quest_name_plot_versusmed_dungeon"><![CDATA[4Versus4]]></entry>
    <entry id="town_quest_description_plot_versusmed_dungeon"><![CDATA[Fight for Glory & Gold against 4 random opponents.]]></entry>
    <entry id="str_caretaker_goal_plot_versusmed_dungeon"><![CDATA[Meet the opponents]]></entry>
    <entry id="str_embarked_on_plot_versusmed_dungeon"><![CDATA[Deployed to fight]]></entry>
    <entry id="str_plot_versusmed_dungeon_tip"><![CDATA[Tip. Its time to fight to death]]></entry>
    <entry id="str_returned_from_plot_versusmed_dungeon_failure"><![CDATA[Defeat]]></entry>
    <entry id="str_returned_from_plot_versusmed_dungeon_success"><![CDATA[Victory]]></entry>
  </language>
  <language id="polish">
    <entry id="town_event_title_versusmed_revive"><![CDATA[Victory Ceremony]]></entry>
    <entry id="town_event_description_versusmed_revive"><![CDATA[We have brought the Priest for the resurrection ceremony. It will be expensive.]]></entry>
    <entry id="town_quest_name_plot_versusmed_dungeon"><![CDATA[4Versus4]]></entry>
    <entry id="town_quest_description_plot_versusmed_dungeon"><![CDATA[Fight for Glory & Gold against 4 random opponents.]]></entry>
    <entry id="str_caretaker_goal_plot_versusmed_dungeon"><![CDATA[Meet the opponents]]></entry>
    <entry id="str_embarked_on_plot_versusmed_dungeon"><![CDATA[Deployed to fight]]></entry>
    <entry id="str_plot_versusmed_dungeon_tip"><![CDATA[Tip. Its time to fight to death]]></entry>
    <entry id="str_returned_from_plot_versusmed_dungeon_failure"><![CDATA[Defeat]]></entry>
    <entry id="str_returned_from_plot_versusmed_dungeon_success"><![CDATA[Victory]]></entry>
  </language>
  <language id="czech">
    <entry id="town_event_title_versusmed_revive"><![CDATA[Victory Ceremony]]></entry>
    <entry id="town_event_description_versusmed_revive"><![CDATA[We have brought the Priest for the resurrection ceremony. It will be expensive.]]></entry>
    <entry id="town_quest_name_plot_versusmed_dungeon"><![CDATA[4Versus4]]></entry>
    <entry id="town_quest_description_plot_versusmed_dungeon"><![CDATA[Fight for Glory & Gold against 4 random opponents.]]></entry>
    <entry id="str_caretaker_goal_plot_versusmed_dungeon"><![CDATA[Meet the opponents]]></entry>
    <entry id="str_embarked_on_plot_versusmed_dungeon"><![CDATA[Deployed to fight]]></entry>
    <entry id="str_plot_versusmed_dungeon_tip"><![CDATA[Tip. Its time to fight to death]]></entry>
    <entry id="str_returned_from_plot_versusmed_dungeon_failure"><![CDATA[Defeat]]></entry>
    <entry id="str_returned_from_plot_versusmed_dungeon_success"><![CDATA[Victory]]></entry>
  </language>
  <language id="italian">
    <entry id="town_event_title_versusmed_revive"><![CDATA[Victory Ceremony]]></entry>
    <entry id="town_event_description_versusmed_revive"><![CDATA[We have brought the Priest for the resurrection ceremony. It will be expensive.]]></entry>
    <entry id="town_quest_name_plot_versusmed_dungeon"><![CDATA[4Versus4]]></entry>
    <entry id="town_quest_description_plot_versusmed_dungeon"><![CDATA[Fight for Glory & Gold against 4 random opponents.]]></entry>
    <entry id="str_caretaker_goal_plot_versusmed_dungeon"><![CDATA[Meet the opponents]]></entry>
    <entry id="str_embarked_on_plot_versusmed_dungeon"><![CDATA[Deployed to fight]]></entry>
    <entry id="str_plot_versusmed_dungeon_tip"><![CDATA[Tip. Its time to fight to death]]></entry>
    <entry id="str_returned_from_plot_versusmed_dungeon_failure"><![CDATA[Defeat]]></entry>
    <entry id="str_returned_from_plot_versusmed_dungeon_success"><![CDATA[Victory]]></entry>
  </language>
  <language id="schinese">
    <entry id="town_event_title_versusmed_revive"><![CDATA[颁奖典礼]]></entry>
    <entry id="town_event_description_versusmed_revive"><![CDATA[我们带了祭祀来举行复活仪式。仪式的花销会十分巨大。]]></entry>
    <entry id="town_quest_name_plot_versusmed_dungeon"><![CDATA[4对4]]></entry>
    <entry id="town_quest_description_plot_versusmed_dungeon"><![CDATA[与4个随机对手为荣耀与财富而战。]]></entry>
    <entry id="str_caretaker_goal_plot_versusmed_dungeon"><![CDATA[迎战对手]]></entry>
    <entry id="str_embarked_on_plot_versusmed_dungeon"><![CDATA[展开作战]]></entry>
    <entry id="str_plot_versusmed_dungeon_tip"><![CDATA[提示：是时候战斗至死了]]></entry>
    <entry id="str_returned_from_plot_versusmed_dungeon_failure"><![CDATA[失败]]></entry>
    <entry id="str_returned_from_plot_versusmed_dungeon_success"><![CDATA[胜利]]></entry>
  </language>
   <language id="russian">
    <entry id="town_event_title_versusmed_revive"><![CDATA[Victory Ceremony]]></entry>
    <entry id="town_event_description_versusmed_revive"><![CDATA[We have brought the Priest for the resurrection ceremony. It will be expensive.]]></entry>
    <entry id="town_quest_name_plot_versusmed_dungeon"><![CDATA[4Versus4]]></entry>
    <entry id="town_quest_description_plot_versusmed_dungeon"><![CDATA[Fight for Glory & Gold against 4 random opponents.]]></entry>
    <entry id="str_caretaker_goal_plot_versusmed_dungeon"><![CDATA[Meet the opponents]]></entry>
    <entry id="str_embarked_on_plot_versusmed_dungeon"><![CDATA[Deployed to fight]]></entry>
    <entry id="str_plot_versusmed_dungeon_tip"><![CDATA[Tip. Its time to fight to death]]></entry>
    <entry id="str_returned_from_plot_versusmed_dungeon_failure"><![CDATA[Defeat]]></entry>
    <entry id="str_returned_from_plot_versusmed_dungeon_success"><![CDATA[Victory]]></entry>
  </language> 
</root>