﻿<?xml version="1.0" encoding="UTF-8"?>
<root>
  <language id="english">
    <entry id="town_event_title_versusrez_revive"><![CDATA[Ritual of Resurrection]]></entry>
    <entry id="town_event_description_versusrez_revive"><![CDATA[We have brought the Priest for the resurrection ceremony. It will be expensive.]]></entry>
    <entry id="town_quest_name_plot_versusrez_dungeon"><![CDATA[Ressurection Ritual]]></entry>
    <entry id="town_quest_description_plot_versusrez_dungeon"><![CDATA[Visit the Priest for the ressurection ritual.]]></entry>
    <entry id="str_caretaker_goal_plot_versusrez_dungeon"><![CDATA[Meet the Priest]]></entry>
    <entry id="str_embarked_on_plot_versusrez_dungeon"><![CDATA[Deployed to explore]]></entry>
    <entry id="str_plot_versusrez_dungeon_tip"><![CDATA[Tip. Its time to bring back old friends]]></entry>
    <entry id="str_returned_from_plot_versusrez_dungeon_failure"><![CDATA[Could not meet the Priest]]></entry>
    <entry id="str_returned_from_plot_versusrez_dungeon_success"><![CDATA[The Priest decided to help us.]]></entry>
  </language>
  <language id="french">
    <entry id="town_event_title_versusrez_revive"><![CDATA[Ritual of Resurrection]]></entry>
    <entry id="town_event_description_versusrez_revive"><![CDATA[We have brought the Priest for the resurrection ceremony. It will be expensive.]]></entry>
    <entry id="town_quest_name_plot_versusrez_dungeon"><![CDATA[Ressurection Ritual]]></entry>
    <entry id="town_quest_description_plot_versusrez_dungeon"><![CDATA[Visit the Priest for the ressurection ritual.]]></entry>
    <entry id="str_caretaker_goal_plot_versusrez_dungeon"><![CDATA[Meet the Priest]]></entry>
    <entry id="str_embarked_on_plot_versusrez_dungeon"><![CDATA[Deployed to explore]]></entry>
    <entry id="str_plot_versusrez_dungeon_tip"><![CDATA[Tip. Its time to bring back old friends]]></entry>
    <entry id="str_returned_from_plot_versusrez_dungeon_failure"><![CDATA[Could not meet the Priest]]></entry>
    <entry id="str_returned_from_plot_versusrez_dungeon_success"><![CDATA[The Priest decided to help us.]]></entry>
  </language>
  <language id="german">
    <entry id="town_event_title_versusrez_revive"><![CDATA[Ritual of Resurrection]]></entry>
    <entry id="town_event_description_versusrez_revive"><![CDATA[We have brought the Priest for the resurrection ceremony. It will be expensive.]]></entry>
    <entry id="town_quest_name_plot_versusrez_dungeon"><![CDATA[Ressurection Ritual]]></entry>
    <entry id="town_quest_description_plot_versusrez_dungeon"><![CDATA[Visit the Priest for the ressurection ritual.]]></entry>
    <entry id="str_caretaker_goal_plot_versusrez_dungeon"><![CDATA[Meet the Priest]]></entry>
    <entry id="str_embarked_on_plot_versusrez_dungeon"><![CDATA[Deployed to explore]]></entry>
    <entry id="str_plot_versusrez_dungeon_tip"><![CDATA[Tip. Its time to bring back old friends]]></entry>
    <entry id="str_returned_from_plot_versusrez_dungeon_failure"><![CDATA[Could not meet the Priest]]></entry>
    <entry id="str_returned_from_plot_versusrez_dungeon_success"><![CDATA[The Priest decided to help us.]]></entry>
  </language>
  <language id="spanish">
    <entry id="town_event_title_versusrez_revive"><![CDATA[Ritual of Resurrection]]></entry>
    <entry id="town_event_description_versusrez_revive"><![CDATA[We have brought the Priest for the resurrection ceremony. It will be expensive.]]></entry>
    <entry id="town_quest_name_plot_versusrez_dungeon"><![CDATA[Ressurection Ritual]]></entry>
    <entry id="town_quest_description_plot_versusrez_dungeon"><![CDATA[Visit the Priest for the ressurection ritual.]]></entry>
    <entry id="str_caretaker_goal_plot_versusrez_dungeon"><![CDATA[Meet the Priest]]></entry>
    <entry id="str_embarked_on_plot_versusrez_dungeon"><![CDATA[Deployed to explore]]></entry>
    <entry id="str_plot_versusrez_dungeon_tip"><![CDATA[Tip. Its time to bring back old friends]]></entry>
    <entry id="str_returned_from_plot_versusrez_dungeon_failure"><![CDATA[Could not meet the Priest]]></entry>
    <entry id="str_returned_from_plot_versusrez_dungeon_success"><![CDATA[The Priest decided to help us.]]></entry>
  </language>
  <language id="brazilian">
    <entry id="town_event_title_versusrez_revive"><![CDATA[Ritual of Resurrection]]></entry>
    <entry id="town_event_description_versusrez_revive"><![CDATA[We have brought the Priest for the resurrection ceremony. It will be expensive.]]></entry>
    <entry id="town_quest_name_plot_versusrez_dungeon"><![CDATA[Ressurection Ritual]]></entry>
    <entry id="town_quest_description_plot_versusrez_dungeon"><![CDATA[Visit the Priest for the ressurection ritual.]]></entry>
    <entry id="str_caretaker_goal_plot_versusrez_dungeon"><![CDATA[Meet the Priest]]></entry>
    <entry id="str_embarked_on_plot_versusrez_dungeon"><![CDATA[Deployed to explore]]></entry>
    <entry id="str_plot_versusrez_dungeon_tip"><![CDATA[Tip. Its time to bring back old friends]]></entry>
    <entry id="str_returned_from_plot_versusrez_dungeon_failure"><![CDATA[Could not meet the Priest]]></entry>
    <entry id="str_returned_from_plot_versusrez_dungeon_success"><![CDATA[The Priest decided to help us.]]></entry>
  </language>
  <language id="polish">
    <entry id="town_event_title_versusrez_revive"><![CDATA[Ritual of Resurrection]]></entry>
    <entry id="town_event_description_versusrez_revive"><![CDATA[We have brought the Priest for the resurrection ceremony. It will be expensive.]]></entry>
    <entry id="town_quest_name_plot_versusrez_dungeon"><![CDATA[Ressurection Ritual]]></entry>
    <entry id="town_quest_description_plot_versusrez_dungeon"><![CDATA[Visit the Priest for the ressurection ritual.]]></entry>
    <entry id="str_caretaker_goal_plot_versusrez_dungeon"><![CDATA[Meet the Priest]]></entry>
    <entry id="str_embarked_on_plot_versusrez_dungeon"><![CDATA[Deployed to explore]]></entry>
    <entry id="str_plot_versusrez_dungeon_tip"><![CDATA[Tip. Its time to bring back old friends]]></entry>
    <entry id="str_returned_from_plot_versusrez_dungeon_failure"><![CDATA[Could not meet the Priest]]></entry>
    <entry id="str_returned_from_plot_versusrez_dungeon_success"><![CDATA[The Priest decided to help us.]]></entry>
  </language>
  <language id="czech">
    <entry id="town_event_title_versusrez_revive"><![CDATA[Ritual of Resurrection]]></entry>
    <entry id="town_event_description_versusrez_revive"><![CDATA[We have brought the Priest for the resurrection ceremony. It will be expensive.]]></entry>
    <entry id="town_quest_name_plot_versusrez_dungeon"><![CDATA[Ressurection Ritual]]></entry>
    <entry id="town_quest_description_plot_versusrez_dungeon"><![CDATA[Visit the Priest for the ressurection ritual.]]></entry>
    <entry id="str_caretaker_goal_plot_versusrez_dungeon"><![CDATA[Meet the Priest]]></entry>
    <entry id="str_embarked_on_plot_versusrez_dungeon"><![CDATA[Deployed to explore]]></entry>
    <entry id="str_plot_versusrez_dungeon_tip"><![CDATA[Tip. Its time to bring back old friends]]></entry>
    <entry id="str_returned_from_plot_versusrez_dungeon_failure"><![CDATA[Could not meet the Priest]]></entry>
    <entry id="str_returned_from_plot_versusrez_dungeon_success"><![CDATA[The Priest decided to help us.]]></entry>
  </language>
  <language id="italian">
    <entry id="town_event_title_versusrez_revive"><![CDATA[Ritual of Resurrection]]></entry>
    <entry id="town_event_description_versusrez_revive"><![CDATA[We have brought the Priest for the resurrection ceremony. It will be expensive.]]></entry>
    <entry id="town_quest_name_plot_versusrez_dungeon"><![CDATA[Ressurection Ritual]]></entry>
    <entry id="town_quest_description_plot_versusrez_dungeon"><![CDATA[Visit the Priest for the ressurection ritual.]]></entry>
    <entry id="str_caretaker_goal_plot_versusrez_dungeon"><![CDATA[Meet the Priest]]></entry>
    <entry id="str_embarked_on_plot_versusrez_dungeon"><![CDATA[Deployed to explore]]></entry>
    <entry id="str_plot_versusrez_dungeon_tip"><![CDATA[Tip. Its time to bring back old friends]]></entry>
    <entry id="str_returned_from_plot_versusrez_dungeon_failure"><![CDATA[Could not meet the Priest]]></entry>
    <entry id="str_returned_from_plot_versusrez_dungeon_success"><![CDATA[The Priest decided to help us.]]></entry>
  </language>
  <language id="schinese">
    <entry id="town_event_title_versusrez_revive"><![CDATA[复活仪式]]></entry>
    <entry id="town_event_description_versusrez_revive"><![CDATA[我们带了祭祀来举行复活仪式。仪式的花销会十分巨大。]]></entry>
    <entry id="town_quest_name_plot_versusrez_dungeon"><![CDATA[复活仪式]]></entry>
    <entry id="town_quest_description_plot_versusrez_dungeon"><![CDATA[去拜访祭祀参加减压仪式。]]></entry>
    <entry id="str_caretaker_goal_plot_versusrez_dungeon"><![CDATA[会面祭祀]]></entry>
    <entry id="str_embarked_on_plot_versusrez_dungeon"><![CDATA[展开探索]]></entry>
    <entry id="str_plot_versusrez_dungeon_tip"><![CDATA[提示：是时候把老朋友们带回来了]]></entry>
    <entry id="str_returned_from_plot_versusrez_dungeon_failure"><![CDATA[没能见到祭祀]]></entry>
    <entry id="str_returned_from_plot_versusrez_dungeon_success"><![CDATA[祭祀决定帮助我们。]]></entry>
  </language>
   <language id="russian">
    <entry id="town_event_title_versusrez_revive"><![CDATA[Ritual of Resurrection]]></entry>
    <entry id="town_event_description_versusrez_revive"><![CDATA[We have brought the Priest for the resurrection ceremony. It will be expensive.]]></entry>
    <entry id="town_quest_name_plot_versusrez_dungeon"><![CDATA[Ressurection Ritual]]></entry>
    <entry id="town_quest_description_plot_versusrez_dungeon"><![CDATA[Visit the Priest for the ressurection ritual.]]></entry>
    <entry id="str_caretaker_goal_plot_versusrez_dungeon"><![CDATA[Meet the Priest]]></entry>
    <entry id="str_embarked_on_plot_versusrez_dungeon"><![CDATA[Deployed to explore]]></entry>
    <entry id="str_plot_versusrez_dungeon_tip"><![CDATA[Tip. Its time to bring back old friends]]></entry>
    <entry id="str_returned_from_plot_versusrez_dungeon_failure"><![CDATA[Could not meet the Priest]]></entry>
    <entry id="str_returned_from_plot_versusrez_dungeon_success"><![CDATA[The Priest decided to help us.]]></entry>
  </language> 
</root>