<?xml version="1.0" encoding="UTF-8"?>
<root>
  <language id="schinese">

    <entry id="str_quirk_name_alch_protean"><![CDATA[变化莫测]]></entry>
    <entry id="str_quirk_name_alch_immutable"><![CDATA[永恒不变]]></entry>

    <!--Class name-->	
	<entry id="hero_class_name_alchemist"><![CDATA[炼金术师]]></entry>	

	<!--Skills-->
	<entry id="combat_skill_name_alchemist_alch_rup"><![CDATA[割裂]]></entry>
    <entry id="combat_skill_name_alchemist_alch_dec"><![CDATA[侵蚀]]></entry>
    <entry id="combat_skill_name_alchemist_alch_inf"><![CDATA[注射]]></entry>
    <entry id="combat_skill_name_alchemist_alch_putre"><![CDATA[尸骸腐坏]]></entry>
    <entry id="combat_skill_name_alchemist_alch_alg"><![CDATA[阿尔吉侬]]></entry>
    <entry id="combat_skill_name_alchemist_alch_hom"><![CDATA[召唤人造人]]></entry>
    <entry id="combat_skill_name_alchemist_alch_blood"><![CDATA[鲜血汤药]]></entry>
    <entry id="combat_skill_name_alchemist_move"><![CDATA[移动]]></entry>

    <entry id="upgrade_tree_name_alchemist.alch_rup"><![CDATA[割裂]]></entry>
    <entry id="upgrade_tree_name_alchemist.alch_dec"><![CDATA[侵蚀]]></entry>
    <entry id="upgrade_tree_name_alchemist.alch_inf"><![CDATA[注射]]></entry>
    <entry id="upgrade_tree_name_alchemist.alch_putre"><![CDATA[尸骸腐坏]]></entry>
    <entry id="upgrade_tree_name_alchemist.alch_alg"><![CDATA[阿尔吉侬]]></entry>
    <entry id="upgrade_tree_name_alchemist.alch_hom"><![CDATA[召唤人造人]]></entry>
    <entry id="upgrade_tree_name_alchemist.alch_blood"><![CDATA[鲜血汤药]]></entry>

    <entry id="buff_rule_data_tooltip_alch_rup"><![CDATA[割裂]]></entry>
	<entry id="buff_rule_data_tooltip_alch_dec"><![CDATA[侵蚀]]></entry>
	<entry id="buff_rule_data_tooltip_alch_inf"><![CDATA[注射]]></entry>
	<entry id="buff_rule_data_tooltip_alch_putre"><![CDATA[尸骸腐坏]]></entry>
	<entry id="buff_rule_data_tooltip_alch_alg"><![CDATA[阿尔吉侬]]></entry>
	<entry id="buff_rule_data_tooltip_alch_hom"><![CDATA[召唤人造人]]></entry>
	<entry id="buff_rule_data_tooltip_alch_blood"><![CDATA[鲜血汤药]]></entry>

    <!--Weapons and Armor-->
    <entry id="alchemist_armour_0"><![CDATA[陈旧的大褂]]></entry>
    <entry id="alchemist_armour_1"><![CDATA[重新制作的大褂]]></entry>
    <entry id="alchemist_armour_2"><![CDATA[研究员的大褂]]></entry>
    <entry id="alchemist_armour_3"><![CDATA[术士的斗篷]]></entry>
    <entry id="alchemist_armour_4"><![CDATA[“超然”]]></entry>

    <entry id="alchemist_weapon_0"><![CDATA[枯萎的手臂]]></entry>
    <entry id="alchemist_weapon_1"><![CDATA[畸形的手臂]]></entry>
    <entry id="alchemist_weapon_2"><![CDATA[异界的附肢]]></entry>
    <entry id="alchemist_weapon_3"><![CDATA[异魔的附肢]]></entry>
    <entry id="alchemist_weapon_4"><![CDATA[“神之手”]]></entry>

    <entry id="upgrade_tree_name_alchemist.weapon"><![CDATA[附肢]]></entry>
    <entry id="upgrade_tree_name_alchemist.armour"><![CDATA[大褂]]></entry>

    <!--Descriptions-->
    <entry id="action_verbose_body_guild_alchemist"><![CDATA[炼金术士，尽管她的本性令人担忧，手臂也令人憎恶，但她经常会拯救她的战友们的生命。她的研究和许多实验都给了她巨大的恢复能力，这些能力可以通过攻击行动进一步增强。此外，陪伴她的还有实验室培养出的助手，它们都会极力地保护她，以及她所称为盟友的人。]]></entry>
    <entry id="action_verbose_body_blacksmith_alchemist"><![CDATA[炼金术士运用她研究的各种成果来净化她力量的来源。无论她是利用她的即兴酿制的药剂，她的缝合怪盟友，或她的致命的附肢，她可以变的极其危险。]]></entry>
    <entry id="action_verbose_body_camping_trainer_alchemist"><![CDATA[作为一个孤独的研究者，炼金术士将自己孤立起来，以进一步深造她那禁忌的知识。然而，当她回到其他人身边时，她将带回着有用信息、不死的哨兵和唤醒内在力量的注射药剂等形式的实用之物。]]></entry>

    <!--Camping-->
    <entry id="camping_skill_name_encourage"><![CDATA[激励]]></entry>
	<entry id="camping_skill_name_first_aid"><![CDATA[伤口包扎]]></entry>
	<entry id="camping_skill_name_pep_talk"><![CDATA[鼓舞士气]]></entry>
	<entry id="camping_skill_name_alch_potions"><![CDATA[未知混合物]]></entry>
	<entry id="camping_skill_name_alch_knowledge"><![CDATA[禁忌知识]]></entry>
	<entry id="camping_skill_name_alch_sentinels"><![CDATA[驱动哨兵]]></entry>
	<entry id="camping_skill_name_alch_research"><![CDATA[深渊研究]]></entry>

	<entry id="camping_skill_effect_loot_Alch_Potions"><![CDATA[生成一份随机的药剂]]></entry>
	
	<entry id="str_bark_alch_potions"><![CDATA[如果你能克服副作用，这些混合物将有助于我们大家的努力。]]></entry>
	<entry id="str_bark_alch_knowledge"><![CDATA[你们都必须知道这个世界的可怕真相……]]></entry>
	<entry id="str_bark_alch_sentinels"><![CDATA[这些尸体对他们还是能起到作用的。我们能够好好休息了。]]></entry>
	<entry id="str_bark_alch_research"><![CDATA[如果我要弥补所做的一切，我必须尽我所能。]]></entry>

	<!--Town Events-->
	<entry id="town_event_title_first_alchemist"><![CDATA[不祥的炼金术士]]></entry>
    <entry id="town_event_description_first_alchemist"><![CDATA[这个孤独的流浪者最初被误认为是一个有着令人憎恶的手臂的怪物，她来到这个小镇时表现出对我们的敌人有着广泛的了解，并承诺要消灭他们。]]></entry>

    <!--Potions-->
    <entry id="str_inventory_title_estatealch_cock_conc"><![CDATA[蛇鸡兽合剂]]></entry>
	<entry id="str_inventory_description_estatealch_cock_conc"><![CDATA[这种混合物能在体内激起极大的愤怒，导致使用者的攻击变的迅猛，并使行为变的鲁莽。]]></entry>
	<entry id="str_inventory_title_estatealch_phoen_tear"><![CDATA[凤凰之泪]]></entry>
	<entry id="str_inventory_description_estatealch_phoen_tear"><![CDATA[这种混合物能在体内点燃一团烈火，注入一种坚不可摧的韧性。]]></entry>
	<entry id="str_inventory_title_estatealch_basi_ven"><![CDATA[蜥怪毒液]]></entry>
	<entry id="str_inventory_description_estatealch_basi_ven"><![CDATA[这种混合物能使皮肤变硬，赋予使用者坚石般的防御。]]></entry>
	<entry id="str_inventory_title_estatealch_man_root"><![CDATA[曼德拉混合物]]></entry>
	<entry id="str_inventory_description_estatealch_man_root"><![CDATA[不适合胆小之人。如果使用者能克服最初的效果，这种混合物会极大地增强他们]]></entry>

    <!--General-->
    <entry id="enemy_type_name_alch_experiment"><![CDATA[实验品]]></entry>

    <!--Homunculus-->
    <entry id="str_monstername_hom_A"><![CDATA[粗制的人造人]]></entry>
    <entry id="str_monstername_hom_B"><![CDATA[有缺陷的人造人]]></entry>
    <entry id="str_monstername_hom_C"><![CDATA[完美的人造人]]></entry>

    <entry id="str_monster_skill_alch_hom_recon"><![CDATA[重组]]></entry>
  	<entry id="str_monster_skill_alch_hom_liq"><![CDATA[液化]]></entry>
  	<entry id="str_monster_skill_alch_hom_guard"><![CDATA[我身作盾]]></entry>

  	<!--Lab Rat-->
  	<entry id="str_monstername_lab_rat_A"><![CDATA[实验鼠]]></entry>
    <entry id="str_monstername_lab_rat_B"><![CDATA[畸形的实验鼠]]></entry>
    <entry id="str_monstername_lab_rat_C"><![CDATA[扭曲的实验鼠]]></entry>

    <entry id="str_monster_skill_alch_lab_rat_gnaw"><![CDATA[撕裂啃噬]]></entry>
  	<entry id="str_monster_skill_alch_lab_rat_musk"><![CDATA[瘟毒麝香]]></entry>
  	<entry id="str_monster_skill_alch_lab_rat_squeak"><![CDATA[惊扰尖叫]]></entry>
  	<entry id="str_monster_skill_alch_lab_rat_flee"><![CDATA[抱头鼠窜]]></entry>
	
<!--Custom Tooltips-->

    <!--Putrefaction-->	
	<entry id="buff_stat_tooltip_upgrade_discount_alch_putre_corpse_TT"><![CDATA[清除尸骸
		+1生命{colour_start|healhp}治疗{colour_end} 每清除一具尸骸]]></entry>

	<!--Blood Decoction-->
	<entry id="buff_stat_tooltip_upgrade_discount_alch_blood_riposte_TT_a"><![CDATA[激活{colour_start|riposte}反击{colour_end}/{colour_start|riposte}反击{colour_end}：-60%%伤害]]></entry>

	<entry id="buff_stat_tooltip_upgrade_discount_alch_blood_riposte_TT_b1"><![CDATA[命中时：{colour_start|bleed}流血{colour_end}{colour_start|skill_unselectable}（100%%基础概率）{colour_end} 1伤害/回合 持续3回合]]></entry>
	<entry id="buff_stat_tooltip_upgrade_discount_alch_blood_riposte_TT_b2"><![CDATA[命中时：{colour_start|bleed}流血{colour_end}{colour_start|skill_unselectable}（110%%基础概率）{colour_end} 1伤害/回合 持续3回合]]></entry>
	<entry id="buff_stat_tooltip_upgrade_discount_alch_blood_riposte_TT_b3"><![CDATA[命中时：{colour_start|bleed}流血{colour_end}{colour_start|skill_unselectable}（120%%基础概率）{colour_end} 2伤害/回合 持续3回合]]></entry>
	<entry id="buff_stat_tooltip_upgrade_discount_alch_blood_riposte_TT_b4"><![CDATA[命中时：{colour_start|bleed}流血{colour_end}{colour_start|skill_unselectable}（130%%基础概率）{colour_end} 2伤害/回合 持续3回合]]></entry>
	<entry id="buff_stat_tooltip_upgrade_discount_alch_blood_riposte_TT_b5"><![CDATA[命中时：{colour_start|bleed}流血{colour_end}{colour_start|skill_unselectable}（140%%基础概率）{colour_end} 3伤害/回合 持续3回合]]></entry>

	<entry id="buff_stat_tooltip_upgrade_discount_alch_blood_riposte_TT_c"><![CDATA[{colour_start|buff}增益自身{colour_end}：注射：+2生命{colour_start|healhp}治疗{colour_end}]]></entry>
	<entry id="buff_stat_tooltip_upgrade_discount_alch_blood_riposte_TT_d"><![CDATA[{colour_start|buff}增益自身{colour_end}：注射：+3生命{colour_start|healhp}治疗{colour_end}]]></entry>
	<entry id="buff_stat_tooltip_upgrade_discount_alch_blood_riposte_TT_e"><![CDATA[{colour_start|buff}增益自身{colour_end}：注射：+4生命{colour_start|healhp}治疗{colour_end}]]></entry>

	<entry id="buff_stat_tooltip_upgrade_discount_alch_riposte_buff_TT"><![CDATA[{colour_start|riposte}反击{colour_end}：-60%%伤害]]></entry>
	
	<!--Bloodied Mortar-->
	<entry id="buff_stat_tooltip_upgrade_discount_alch_mortar_tt"><![CDATA[任何技能：{colour_start|bleed}流血{colour_end}{colour_start|skill_unselectable}（140%%基础概率）{colour_end} 1伤害/回合 持续3回合]]></entry>

	<!--Gestating Bottle-->
	<entry id="buff_stat_tooltip_upgrade_discount_alch_gestating_tt1"><![CDATA[友军技能：{colour_start|buff}增益自身：{colour_end}+5%%伤害{colour_start|skill_unselectable}（持续1场战斗）{colour_end}]]></entry>
	<entry id="buff_stat_tooltip_upgrade_discount_alch_gestating_tt2"><![CDATA[攻击命中时：{colour_start|buff}增益自身：{colour_end}+5%%{colour_start|healhp}治疗{colour_end}技能{colour_end}{colour_start|skill_unselectable}（持续1场战斗）{colour_end}]]></entry>

	<!--Cure-->
	<entry id="effect_tooltip_cure_poison"><![CDATA[治愈{colour_start|blight}腐蚀{colour_end}]]></entry>

	<entry id="effect_tooltip_cure_bleed"><![CDATA[治愈{colour_start|bleed}流血{colour_end}]]></entry>
	
	<entry id="effect_tooltip_cure_disease"><![CDATA[治愈{colour_start|disease}疾病{colour_end}]]></entry>
	

	<!--CD-->
	<entry id="buff_stat_tooltip_upgrade_discount_alch_cd_tt"><![CDATA[{colour_start|notable}冷却：3回合{colour_end}]]></entry>

	<entry id="buff_stat_tooltip_upgrade_discount_alch_hom_cd_debuff_tt"><![CDATA[召唤人造人不可用！]]></entry>
	
	<entry id="buff_stat_tooltip_upgrade_discount_alch_alg_cd_debuff_tt"><![CDATA[阿尔吉侬不可用！]]></entry>
	

	<!--Putrefaction Rework-->
	<entry id="buff_stat_tooltip_upgrade_discount_Pu_Corpse_TT"><![CDATA[{colour_start|notable}只能攻击尸骸{colour_end}
	清除尸骸]]></entry>
	
	<entry id="buff_stat_tooltip_upgrade_discount_Pu_Heal_TT_1"><![CDATA[全体英雄：{colour_start|healhp}治疗{colour_end}3%%最大生命值]]></entry>
	<entry id="buff_stat_tooltip_upgrade_discount_Pu_Heal_TT_2"><![CDATA[全体英雄：{colour_start|healhp}治疗{colour_end}4%%最大生命值]]></entry>
	<entry id="buff_stat_tooltip_upgrade_discount_Pu_Heal_TT_3"><![CDATA[全体英雄：{colour_start|healhp}治疗{colour_end}5%%最大生命值]]></entry>
	<entry id="buff_stat_tooltip_upgrade_discount_Pu_Heal_TT_4"><![CDATA[全体英雄：{colour_start|healhp}治疗{colour_end}6%%最大生命值]]></entry>
	<entry id="buff_stat_tooltip_upgrade_discount_Pu_Heal_TT_5"><![CDATA[全体英雄：{colour_start|healhp}治疗{colour_end}7%%最大生命值]]></entry>	
	
	<entry id="buff_stat_tooltip_upgrade_discount_Pu_Debuff_TT_1"><![CDATA[全体敌人：{colour_start|debuff}减益：{colour_end}+6%%受到的伤害{colour_start|skill_unselectable}（100%%基础概率）{colour_end}]]></entry>	
	<entry id="buff_stat_tooltip_upgrade_discount_Pu_Debuff_TT_2"><![CDATA[全体敌人：{colour_start|debuff}减益：{colour_end}+7%%受到的伤害{colour_start|skill_unselectable}（110%%基础概率）{colour_end}]]></entry>	
	<entry id="buff_stat_tooltip_upgrade_discount_Pu_Debuff_TT_3"><![CDATA[全体敌人：{colour_start|debuff}减益：{colour_end}+8%%受到的伤害{colour_start|skill_unselectable}（120%%基础概率）{colour_end}]]></entry>	
	<entry id="buff_stat_tooltip_upgrade_discount_Pu_Debuff_TT_4"><![CDATA[全体敌人：{colour_start|debuff}减益：{colour_end}+9%%受到的伤害{colour_start|skill_unselectable}（130%%基础概率）{colour_end}]]></entry>	
	<entry id="buff_stat_tooltip_upgrade_discount_Pu_Debuff_TT_5"><![CDATA[全体敌人：{colour_start|debuff}减益：{colour_end}+10%%受到的伤害{colour_start|skill_unselectable}（140%%基础概率）{colour_end}]]></entry>	

	<!--Trinkets-->

	<!--Set Flavour Text-->
	<entry id="str_inventory_set_title_alchemist_cc"><![CDATA[“我恐怕我已经太过火了……”]]></entry>
	
	<!--Trinket Names-->
	<entry id="str_inventory_title_trinketalch_concentrated"><![CDATA[浓缩药瓶]]></entry>
	<entry id="str_inventory_title_trinketalch_newt"><![CDATA[蝾螈之眼]]></entry>
	<entry id="str_inventory_title_trinketalch_belladonna"><![CDATA[颠茄花]]></entry>
	<entry id="str_inventory_title_trinketalch_mutagenic"><![CDATA[诱变药瓶]]></entry>
	<entry id="str_inventory_title_trinketalch_growth"><![CDATA[传染性生长物]]></entry>
	<entry id="str_inventory_title_trinketalch_gestating"><![CDATA[孕育魔瓶]]></entry>
	<entry id="str_inventory_title_trinketalch_CC_paw"><![CDATA[人的手掌]]></entry>
	<entry id="str_inventory_title_trinketalch_CC_blood"><![CDATA[腐败的受试血液]]></entry>
	<entry id="str_inventory_title_trinketalch_CoM_tendrils"><![CDATA[结晶触手]]></entry>
	<entry id="str_inventory_title_trinketalch_crucible"><![CDATA[贪食坩埚]]></entry>
	<entry id="str_inventory_title_trinketalch_mortar"><![CDATA[血污研钵]]></entry>
	<entry id="str_inventory_title_trinketalch_globe"><![CDATA[骇人展示球]]></entry>
	<entry id="str_inventory_title_trinketalch_head"><![CDATA[摩根的头颅]]></entry>
	<entry id="str_inventory_title_trinketalch_gourd"><![CDATA[仙丹葫芦]]></entry>
	<entry id="buff_stat_tooltip_hp_dot_poison_amount_received_percent"><![CDATA[%+d%%受到的{colour_start|blight}腐蚀{colour_end}技能效果]]></entry>	
	<entry id="buff_rule_data_tooltip_antivenom"><![CDATA[解毒剂]]></entry>
	
    <!--Barks-->
	<entry id="alchemist+str_monster_user_selected_targets_kill_pill"><![CDATA[你不能在那种情况下以任何方式杀了我，但我邀请你来试试。]]></entry>  
	
	<entry id="alchemist+str_monster_attack_unholy_curse"><![CDATA[我看到了！我的发现和我将在默默无闻中消亡！]]></entry>
    <entry id="alchemist+str_monster_attack_unholy_smite"><![CDATA[这东西以如此强烈的仇恨撕裂了血肉！]]></entry>
    <entry id="alchemist+str_monster_attack_unholy_judgement"><![CDATA[鉴于我的一生，即使是我也永远无法展示出这般的死灵精通。]]></entry>
	<entry id="alchemist+str_bark_deathsdoor"><![CDATA[如果我死了……烧掉我的研究记录。]]></entry>
	
	<entry id="alchemist+str_critbyhero"><![CDATA[它一定很喜欢你，野兽。]]></entry>
    <entry id="alchemist+str_critbyhero"><![CDATA[一股势不可挡的力量！]]></entry>
    <entry id="alchemist+str_critbyhero"><![CDATA[他们将化为乌有。]]></entry>
    <entry id="alchemist+str_critbyhero"><![CDATA[唯一合乎逻辑的结果。]]></entry>
    <entry id="alchemist+str_critbyhero"><![CDATA[如此微不足道的对手。]]></entry>
    <entry id="alchemist+str_critbyhero"><![CDATA[我几乎都要失望了。]]></entry>
    <entry id="alchemist+str_critbyhero"><![CDATA[我的才能赋予了我神性！]]></entry>
    <entry id="alchemist+str_critbyhero"><![CDATA[太棒了。]]></entry>
    <entry id="alchemist+str_critbyhero"><![CDATA[没有我治不好的病。]]></entry>
    <entry id="alchemist+str_critbyhero"><![CDATA[再见。]]></entry>
    <entry id="alchemist+str_critbyhero"><![CDATA[纯粹的技巧。]]></entry>

	
	<entry id="alch_alg_bark"><![CDATA[为你自己赎罪吧，可怜人！]]></entry>
	<entry id="alch_alg_bark"><![CDATA[深入敌后……]]></entry>
	<entry id="alch_alg_bark"><![CDATA[向他们展示我的愤怒。]]></entry>
	<entry id="alch_alg_bark"><![CDATA[把他们送进地狱！]]></entry>
	<entry id="alch_alg_bark"><![CDATA[可怜的生物……]]></entry>
	<entry id="alch_hom_bark"><![CDATA[我所选定的哨兵。]]></entry>
	<entry id="alch_hom_bark"><![CDATA[小卒，到前面去！]]></entry>
	<entry id="alch_hom_bark"><![CDATA[用你的生命来守护我。]]></entry>
	<entry id="alch_hom_bark"><![CDATA[让你自己有用点，烂肉。]]></entry>
	<entry id="alch_hom_bark"><![CDATA[你无需客气。]]></entry>
	
	
    <entry id="alchemist+str_afflicted_fearful"><![CDATA[我的手臂？……我的手臂！]]></entry>
    <entry id="alchemist+str_afflicted_fearful"><![CDATA[我不会被拿下的！]]></entry>
    <entry id="alchemist+str_afflicted_fearful"><![CDATA[不——不要！放——放开我！]]></entry>
    <entry id="alchemist+str_afflicted_fearful"><![CDATA[求你了……不要再这样了！]]></entry>
    <entry id="alchemist+str_afflicted_fearful"><![CDATA[这——这不可能！]]></entry>
    <entry id="alchemist+str_afflicted_paranoid"><![CDATA[到处都是特务！]]></entry>
    <entry id="alchemist+str_afflicted_paranoid"><![CDATA[我不该相信你们这些人。]]></entry>
    <entry id="alchemist+str_afflicted_paranoid"><![CDATA[哈！我觉得我们中间有只老鼠！]]></entry>
    <entry id="alchemist+str_afflicted_paranoid"><![CDATA[叛徒！该死的叛徒！]]></entry>
    <entry id="alchemist+str_afflicted_paranoid"><![CDATA[他们付给你什么来绑架我？！]]></entry>
    <entry id="alchemist+str_afflicted_abusive"><![CDATA[我用我的两个肾打赌你们甚至连字都不识。]]></entry>
    <entry id="alchemist+str_afflicted_abusive"><![CDATA[你没有精度，这个世界上没人关心你！]]></entry>
    <entry id="alchemist+str_afflicted_abusive"><![CDATA[我都忘了凡人的陪伴有多么的令人厌恶。]]></entry>
    <entry id="alchemist+str_afflicted_abusive"><![CDATA[你们就像我靴子里的石子！]]></entry>
    <entry id="alchemist+str_afflicted_abusive"><![CDATA[你在我这样的处境里撑不了一天！]]></entry>
    <entry id="alchemist+str_afflicted_masochistic"><![CDATA[当我把手臂从身体上剁下来时，我沉浸在超然的喜悦和极乐中！]]></entry>
    <entry id="alchemist+str_afflicted_masochistic"><![CDATA[它渴求一次牺牲……]]></entry>
    <entry id="alchemist+str_afflicted_masochistic"><![CDATA[我的血液沸腾了起来！快让它流出来！]]></entry>
    <entry id="alchemist+str_afflicted_masochistic"><![CDATA[永远不要尝试逃避痛苦，因为它是所有生命的始与终。]]></entry>
    <entry id="alchemist+str_afflicted_masochistic"><![CDATA[我要用我可怜的肉体来充分体验他们的愤怒。]]></entry>
    <entry id="alchemist+str_afflicted_selfish"><![CDATA[看着我然后消亡吧，因为我是一位神！]]></entry>
    <entry id="alchemist+str_afflicted_selfish"><![CDATA[装饰品不应该用来装饰吗？]]></entry>
    <entry id="alchemist+str_afflicted_selfish"><![CDATA[你和我那脱离肉体的手一样没用！]]></entry>
    <entry id="alchemist+str_afflicted_selfish"><![CDATA[别我受到伤害，我要亲自动手了。]]></entry>
    <entry id="alchemist+str_afflicted_selfish"><![CDATA[神不应该忍受这等混乱。]]></entry>
    <entry id="alchemist+str_afflicted_selfish"><![CDATA[把欠我的还给我！]]></entry>
    <entry id="alchemist+str_afflicted_depressed"><![CDATA[我早该想到这会走下坡路了。一如既往……]]></entry>
    <entry id="alchemist+str_afflicted_depressed"><![CDATA[我辜负了我们，并且也辜负了我自己。]]></entry>
    <entry id="alchemist+str_afflicted_depressed"><![CDATA[我想，因为我是……]]></entry>
    <entry id="alchemist+str_afflicted_irrational"><![CDATA[我是一只勤劳的小蜜蜂。嗡嗡嗡嗡嗡嗡！]]></entry>
    <entry id="alchemist+str_afflicted_irrational"><![CDATA[自然的法则抛弃了我们，但它们究竟又去到了哪里？]]></entry>
    <entry id="alchemist+str_afflicted_irrational"><![CDATA[在这个奇怪的时代，即使死神也会死去……]]></entry>
    <entry id="alchemist+str_afflicted_irrational"><![CDATA[当你能飞的时候谁需要腿？]]></entry>
    <entry id="alchemist+str_afflicted_irrational"><![CDATA[来吧，我们将载歌载舞，享受我们短暂的生命！]]></entry>

    <entry id="alchemist+str_virtued_stalwart"><![CDATA[我们的决心是无与伦比的。任何挑战我们的人都要倒霉了。]]></entry>
    <entry id="alchemist+str_virtued_stalwart"><![CDATA[骄傲地站出来，并永不退缩。]]></entry>
    <entry id="alchemist+str_virtued_stalwart"><![CDATA[最艰难的战斗需要最坚强的意志。]]></entry>
    <entry id="alchemist+str_virtued_stalwart"><![CDATA[别听他们的！这里依旧还有希望。]]></entry>
    <entry id="alchemist+str_virtued_stalwart"><![CDATA[我们的胜利已成定局。谁又在乎是不是写在墓志铭上的呢？]]></entry>
    <entry id="alchemist+str_virtued_courageous"><![CDATA[宇宙在我们的力量之下哀嚎！]]></entry>
    <entry id="alchemist+str_virtued_courageous"><![CDATA[见鬼去吧！我们可以做得更好。]]></entry>
    <entry id="alchemist+str_virtued_courageous"><![CDATA[我们已经赢了。]]></entry>
    <entry id="alchemist+str_virtued_courageous"><![CDATA[我们心跳声融为一体，因为我们站在这场战争的同一侧。]]></entry>
    <entry id="alchemist+str_virtued_courageous"><![CDATA[倒下是很自然的，但站起来就是很不寻常的了。]]></entry>
    <entry id="alchemist+str_virtued_focused"><![CDATA[引导尖端刺入心脏，它的死亡就板上钉钉了。]]></entry>
    <entry id="alchemist+str_virtued_focused"><![CDATA[每一种成分都精确到毫克，然后混合物就会起作用了。]]></entry>
    <entry id="alchemist+str_virtued_focused"><![CDATA[当你到了我想要的地方时我就会搞定你。]]></entry>
    <entry id="alchemist+str_virtued_focused"><![CDATA[邪物们自食恶果了！]]></entry>
    <entry id="alchemist+str_virtued_focused"><![CDATA[那些惹毛我们的人应该付出代价。]]></entry>
    <entry id="alchemist+str_virtued_powerful"><![CDATA[混合物一定在生效。]]></entry>
    <entry id="alchemist+str_virtued_powerful"><![CDATA[让我向你展示真正的力量！]]></entry>
    <entry id="alchemist+str_virtued_powerful"><![CDATA[我们将登神。]]></entry>
    <entry id="alchemist+str_virtued_powerful"><![CDATA[力量不在于力气大小，而在于头脑。]]></entry>
    <entry id="alchemist+str_virtued_powerful"><![CDATA[把他们放逐到虚无之中！]]></entry>
    <entry id="alchemist+str_virtued_vigorous"><![CDATA[我们将向他们展示他们的末日，马上。]]></entry>
    <entry id="alchemist+str_virtued_vigorous"><![CDATA[让他们的烈火把你变得更加坚定。]]></entry>
    <entry id="alchemist+str_virtued_vigorous"><![CDATA[我是崇高而光荣的。]]></entry>
    <entry id="alchemist+str_virtued_vigorous"><![CDATA[我是一位神！我的意志将使一切化为灰烬！]]></entry>
    <entry id="alchemist+str_virtued_vigorous"><![CDATA[邪物害怕它无法遏制的东西！]]></entry>

    <entry id="alchemist+str_stress_heal_self_stalwart"><![CDATA[我还没有死。]]></entry>
    <entry id="alchemist+str_stress_heal_self_stalwart"><![CDATA[绝望有它自己的平静，看来如此。]]></entry>
    <entry id="alchemist+str_stress_heal_party_courageous"><![CDATA[我们是不可避免的！]]></entry>
    <entry id="alchemist+str_stress_heal_party_courageous"><![CDATA[我们将向地狱本身进军！]]></entry>

    <entry id="alchemist+str_buff_random_party_member_focused"><![CDATA[呼吸吧。让空气进入你的肺部。]]></entry>
    <entry id="alchemist+str_buff_random_party_member_focused"><![CDATA[永远不要忘记它们仅仅只是野兽。]]></entry>

    <entry id="alchemist+str_buff_party_powerful"><![CDATA[黑暗只是我意志下的一个奴隶！]]></entry>
    <entry id="alchemist+str_buff_party_powerful"><![CDATA[好消息，各位！]]></entry>

    <entry id="alchemist+str_heal_self_vigorous"><![CDATA[我在复原！]]></entry>
    <entry id="alchemist+str_heal_self_vigorous"><![CDATA[我不会被打倒的。]]></entry>

    <entry id="alchemist+str_bark_stress_fearful"><![CDATA[一道坏的伤口就是它所需要的一切……]]></entry>
    <entry id="alchemist+str_bark_stress_fearful"><![CDATA[不！再也我受不了了！]]></entry>
    <entry id="alchemist+str_bark_stress_fearful"><![CDATA[我被汗水与恐惧浸透了。]]></entry>
    <entry id="alchemist+str_bark_stress_fearful"><![CDATA[不，别碰我！别碰我！]]></entry>
    <entry id="alchemist+str_bark_stress_fearful"><![CDATA[命运本身想尽方法让我自作自受！]]></entry>
    <entry id="alchemist+str_bark_stress_paranoid"><![CDATA[我能感觉到有东西就将出现在你们中间。]]></entry>
    <entry id="alchemist+str_bark_stress_paranoid"><![CDATA[你们全都要取我首级吗？]]></entry>
    <entry id="alchemist+str_bark_stress_paranoid"><![CDATA[你们中至少有一个人会杀了我的。我必须排除所有嫌疑犯。]]></entry>
    <entry id="alchemist+str_bark_stress_paranoid"><![CDATA[这东西想夺回我的奖品！我说，这是我的！]]></entry>
    <entry id="alchemist+str_bark_stress_paranoid"><![CDATA[我的家人付给了你多少钱？]]></entry>
    <entry id="alchemist+str_bark_stress_masochistic"><![CDATA[除非身处生与死的模糊界限之中，否则我是不会满足的。]]></entry>
    <entry id="alchemist+str_bark_stress_masochistic"><![CDATA[皮肤长出来就是为了被剥落的。]]></entry>
    <entry id="alchemist+str_bark_stress_masochistic"><![CDATA[红色和我很搭。]]></entry>
    <entry id="alchemist+str_bark_stress_masochistic"><![CDATA[痛苦与快乐融为了一体！]]></entry>
    <entry id="alchemist+str_bark_stress_masochistic"><![CDATA[每一处伤口都会带来极乐！]]></entry>
    <entry id="alchemist+str_bark_stress_abusive"><![CDATA[你们全都是一堆烂肉肉，被我身上的某种恶毒的诅咒带来了生命！]]></entry>
    <entry id="alchemist+str_bark_stress_abusive"><![CDATA[我需要更有能力的手下。]]></entry>
    <entry id="alchemist+str_bark_stress_abusive"><![CDATA[我再也不想和你们这些人打交道了！]]></entry>
    <entry id="alchemist+str_bark_stress_abusive"><![CDATA[愿他们带走你们所有人！带到地狱去]]></entry>
    <entry id="alchemist+str_bark_stress_abusive"><![CDATA[你在我的队伍中既无技巧也无目的。]]></entry>
    <entry id="alchemist+str_bark_stress_abusive"><![CDATA[你的脑子就像一头初生牛犊的！]]></entry>
    <entry id="alchemist+str_bark_stress_selfish"><![CDATA[我每治好一个伤口就要收取一笔合理的金币。]]></entry>
    <entry id="alchemist+str_bark_stress_selfish"><![CDATA[跪下，贱民们！]]></entry>
    <entry id="alchemist+str_bark_stress_selfish"><![CDATA[在我的祭坛上礼拜吧！]]></entry>
    <entry id="alchemist+str_bark_stress_selfish"><![CDATA[可能得献祭掉几只爪子了……]]></entry>
    <entry id="alchemist+str_bark_stress_selfish"><![CDATA[记载在史书上将会是我！]]></entry>
    <entry id="alchemist+str_bark_stress_depressed"><![CDATA[我所有的沐雨栉风……就是为此。]]></entry>
    <entry id="alchemist+str_bark_stress_depressed"><![CDATA[我所有的成就只不过是一个残破女人的灵魂。]]></entry>
    <entry id="alchemist+str_bark_stress_depressed"><![CDATA[我真的把这件事搞砸了。]]></entry>
    <entry id="alchemist+str_bark_stress_depressed"><![CDATA[我的心在狂跳！]]></entry>
    <entry id="alchemist+str_bark_stress_depressed"><![CDATA[我只是一个假装女王的小卒。]]></entry>
    <entry id="alchemist+str_bark_stress_irrational"><![CDATA[我在试验某种混合物。如果你变成石头了请通知我。]]></entry>
    <entry id="alchemist+str_bark_stress_irrational"><![CDATA[我到底该怎么做跳舞这件事呢？节奏会让我迷失的。]]></entry>
    <entry id="alchemist+str_bark_stress_irrational"><![CDATA[宇宙对着我低语，对着我独自低语！]]></entry>
    <entry id="alchemist+str_bark_stress_irrational"><![CDATA[彗星、陨石还有天体，哦天哪！]]></entry>
    <entry id="alchemist+str_bark_stress_irrational"><![CDATA[佳肴正在腐烂！我们必须抢救未腐烂的！]]></entry>

    <entry id="alchemist+str_change_pos_back_fearful"><![CDATA[我们必须飞翔！我们就快被终结了！]]></entry>
    <entry id="alchemist+str_change_pos_back_fearful"><![CDATA[哈！]]></entry>
    <entry id="alchemist+str_change_pos_back_fearful"><![CDATA[如此弱不禁风的生物！]]></entry>
    <entry id="alchemist+str_change_pos_back_fearful"><![CDATA[我们必须撤退！]]></entry>
    <entry id="alchemist+str_change_pos_back_fearful"><![CDATA[不——不是我！]]></entry>
    <entry id="alchemist+str_change_pos_back_fearful"><![CDATA[我们该如何对付如此巨大的敌人？]]></entry>
    <entry id="alchemist+str_change_pos_back_paranoid"><![CDATA[如果你必须得这么做的话，正面捅我，不要背刺我。]]></entry>
    <entry id="alchemist+str_change_pos_back_paranoid"><![CDATA[你为什么要躲到我的周围？]]></entry>
    <entry id="alchemist+str_change_pos_back_paranoid"><![CDATA[你们这些老鼠必须受到监督。]]></entry>
    <entry id="alchemist+str_change_pos_fwd_masochistic"><![CDATA[一位女科学家知道什么时候应该上阵。]]></entry>
    <entry id="alchemist+str_change_pos_fwd_masochistic"><![CDATA[伤口能让我更接近我的下一形态。]]></entry>
    <entry id="alchemist+str_change_pos_fwd_masochistic"><![CDATA[就像飞蛾扑火一样，我被引诱到前方了！]]></entry>
    <entry id="alchemist+str_change_pos_fwd_masochistic"><![CDATA[我将迎面拥抱我的掠食者。]]></entry>
    <entry id="alchemist+str_change_pos_fwd_masochistic"><![CDATA[以猩红为我施洗！]]></entry>
    <entry id="alchemist+str_change_pos_fwd_irrational"><![CDATA[我的触手在乱动，我的猎物逃跑了！]]></entry>
    <entry id="alchemist+str_change_pos_fwd_irrational"><![CDATA[对于下一步的行动，我要向右移动！]]></entry>
    <entry id="alchemist+str_change_pos_fwd_irrational"><![CDATA[从宏观来说，何为运动？]]></entry>
    <entry id="alchemist+str_change_pos_fwd_irrational"><![CDATA[要是我能让人类和猫科动物杂交就好了……]]></entry>
    <entry id="alchemist+str_change_pos_fwd_irrational"><![CDATA[婚礼这里请，伙计们！]]></entry>
    <entry id="alchemist+str_change_pos_back_irrational"><![CDATA[那些家伙看起来有点刻薄。]]></entry>
    <entry id="alchemist+str_change_pos_back_irrational"><![CDATA[这片瓷砖地板很精致。]]></entry>
    <entry id="alchemist+str_change_pos_back_irrational"><![CDATA[有人在叫我的名字？]]></entry>
    <entry id="alchemist+str_change_pos_back_irrational"><![CDATA[现在，我把我的镜子放哪儿了？]]></entry>
    <entry id="alchemist+str_change_pos_back_irrational"><![CDATA[天空在我头顶打转。]]></entry>
    <entry id="alchemist+str_change_pos_fwd_depressed"><![CDATA[我只不过是一个小卒。]]></entry>
    <entry id="alchemist+str_change_pos_fwd_depressed"><![CDATA[也许我的肉体至少能拖延住它们。]]></entry>
    <entry id="alchemist+str_change_pos_fwd_depressed"><![CDATA[你为什么要关心一个骗子的下场？]]></entry>
    <entry id="alchemist+str_change_pos_fwd_depressed"><![CDATA[我希望我的牺牲足够了。]]></entry>
    <entry id="alchemist+str_change_pos_fwd_depressed"><![CDATA[我心甘情愿地面对死亡。]]></entry>
    <entry id="alchemist+str_change_pos_back_depressed"><![CDATA[我最好在黑暗中腐烂。]]></entry>
    <entry id="alchemist+str_change_pos_back_depressed"><![CDATA[我也想帮忙，但我知道自己何时就已经被排挤了。]]></entry>
    <entry id="alchemist+str_change_pos_back_depressed"><![CDATA[我只是个不知足的小女孩。]]></entry>
    <entry id="alchemist+str_change_pos_back_depressed"><![CDATA[我只是一个负担。]]></entry>
    <entry id="alchemist+str_change_pos_back_depressed"><![CDATA[你们的才华在我身后都白白浪费了。]]></entry>
    <entry id="alchemist+str_change_pos_fwd_selfish"><![CDATA[你们比我要更强大，让开吧。]]></entry>
    <entry id="alchemist+str_change_pos_fwd_selfish"><![CDATA[如果你想要有一番成就的话……]]></entry>
    <entry id="alchemist+str_change_pos_fwd_selfish"><![CDATA[他们希望仔细看一看。]]></entry>
    <entry id="alchemist+str_change_pos_fwd_selfish"><![CDATA[看着我然后惊叹吧！]]></entry>
    <entry id="alchemist+str_change_pos_fwd_selfish"><![CDATA[也许下次吧，贱民。]]></entry>
    <entry id="alchemist+str_change_pos_back_selfish"><![CDATA[如果我死了，我们就完了！]]></entry>
    <entry id="alchemist+str_change_pos_back_selfish"><![CDATA[我只是需要一点时间。]]></entry>
    <entry id="alchemist+str_change_pos_back_selfish"><![CDATA[死亡会一直等待到我准备好的。]]></entry>
    <entry id="alchemist+str_change_pos_back_selfish"><![CDATA[毫无恶感。]]></entry>
    <entry id="alchemist+str_change_pos_back_selfish"><![CDATA[拱卒！]]></entry>

    <entry id="alchemist+str_ignore_command_fearful"><![CDATA[死神把我握在她那苍白的手中……]]></entry>
    <entry id="alchemist+str_ignore_command_fearful"><![CDATA[在这种地方是不可能做到的。]]></entry>
    <entry id="alchemist+str_ignore_command_fearful"><![CDATA[这是一道我的头脑无法解开的谜题。]]></entry>
    <entry id="alchemist+str_ignore_command_fearful"><![CDATA[我遇见了我们所有人可怕的死亡。]]></entry>
    <entry id="alchemist+str_ignore_command_fearful"><![CDATA[我一切的知识对我来说都是毫无用处的。]]></entry>
    <entry id="alchemist+str_ignore_command_paranoid"><![CDATA[又一个欺骗的例子。]]></entry>
    <entry id="alchemist+str_ignore_command_paranoid"><![CDATA[信任是博来的，不是偷来的。]]></entry>
    <entry id="alchemist+str_ignore_command_paranoid"><![CDATA[是啊，那样做对你有好处吗，嗯？]]></entry>
    <entry id="alchemist+str_ignore_command_paranoid"><![CDATA[只有傻瓜才会认为他们比我聪明。]]></entry>
    <entry id="alchemist+str_ignore_command_paranoid"><![CDATA[多么明显的诡计！]]></entry>
    <entry id="alchemist+str_ignore_command_selfish"><![CDATA[我只做我想做的事，仅此而已。]]></entry>
    <entry id="alchemist+str_ignore_command_selfish"><![CDATA[我只专注于重要的事情：我自己。]]></entry>
    <entry id="alchemist+str_ignore_command_selfish"><![CDATA[我在为真正重要的事情保存能量。]]></entry>
    <entry id="alchemist+str_ignore_command_selfish"><![CDATA[什么都不做很适合我。]]></entry>
    <entry id="alchemist+str_ignore_command_selfish"><![CDATA[我正忙于更重要的事情。]]></entry>
    <entry id="alchemist+str_ignore_command_depressed"><![CDATA[前景更加暗淡，伴随着一切的死亡和黑暗。]]></entry>
    <entry id="alchemist+str_ignore_command_depressed"><![CDATA[我厌倦了虚假的希望。]]></entry>
    <entry id="alchemist+str_ignore_command_depressed"><![CDATA[我把所有的把戏都变光了。我的袖子里面已经空了。]]></entry>
    <entry id="alchemist+str_ignore_command_depressed"><![CDATA[我在这里，扮演着英雄，嗯？]]></entry>
    <entry id="alchemist+str_ignore_command_depressed"><![CDATA[圣焰就是一个谎言。]]></entry>
    <entry id="alchemist+str_ignore_command_depressed"><![CDATA[我听天由命。]]></entry>
    <entry id="alchemist+str_ignore_command_irrational"><![CDATA[我差一点就逮住那个讨厌的家伙了！]]></entry>
    <entry id="alchemist+str_ignore_command_irrational"><![CDATA[我必须等大门打开。]]></entry>
    <entry id="alchemist+str_ignore_command_irrational"><![CDATA[你，那边的那个！你稚嫩的就像什么一样？]]></entry>
    <entry id="alchemist+str_ignore_command_irrational"><![CDATA[我作为神的第一条诫条就是所有的脚都要被废除。]]></entry>
    <entry id="alchemist+str_ignore_command_irrational"><![CDATA[哎呀，看来我太兴奋了呵呵。]]></entry>

    <entry id="alchemist+str_random_command_paranoid"><![CDATA[你会把我送上绝路的，叛徒。]]></entry>
    <entry id="alchemist+str_random_command_paranoid"><![CDATA[我的公式没有违背的余地。]]></entry>
    <entry id="alchemist+str_random_command_paranoid"><![CDATA[你会让我受到攻击的。]]></entry>
    <entry id="alchemist+str_random_command_paranoid"><![CDATA[黑暗特务密切注视着我……]]></entry>
    <entry id="alchemist+str_random_command_paranoid"><![CDATA[我为什么现在要相信你？]]></entry>
    <entry id="alchemist+str_random_command_paranoid"><![CDATA[我绝不会放弃我的自由意志！]]></entry>
    <entry id="alchemist+str_random_command_masochistic"><![CDATA[我还未完成我所需的血液配额。]]></entry>
    <entry id="alchemist+str_random_command_masochistic"><![CDATA[我被带到了被毁灭的绝壁之上。]]></entry>
    <entry id="alchemist+str_random_command_masochistic"><![CDATA[我还可以再失去我的另一只手臂！]]></entry>
    <entry id="alchemist+str_random_command_masochistic"><![CDATA[我只是有所感受。]]></entry>
    <entry id="alchemist+str_random_command_masochistic"><![CDATA[痛苦和快乐拨动着我的心弦！]]></entry>
    <entry id="alchemist+str_random_command_masochistic"><![CDATA[更多！我必须还要更多！]]></entry>
    <entry id="alchemist+str_random_command_abusive"><![CDATA[只要能惹怒你干什么都行。]]></entry>
    <entry id="alchemist+str_random_command_abusive"><![CDATA[你们这些蠢材在浪费我的时间！]]></entry>
    <entry id="alchemist+str_random_command_abusive"><![CDATA[你们之中没有人能做得更好。]]></entry>
    <entry id="alchemist+str_random_command_abusive"><![CDATA[你称它为一个计划。我称它为自杀。]]></entry>
    <entry id="alchemist+str_random_command_abusive"><![CDATA[你们所有人都是，苦工与贱民！]]></entry>
    <entry id="alchemist+str_random_command_selfish"><![CDATA[我必须再仔细考虑一下吗？！]]></entry>
    <entry id="alchemist+str_random_command_selfish"><![CDATA[当然我必须成为英雄，再一次的。]]></entry>
    <entry id="alchemist+str_random_command_selfish"><![CDATA[你不会明白我的策略的，苦工。]]></entry>
    <entry id="alchemist+str_random_command_selfish"><![CDATA[我给小孩子当保姆只能到这种程度了。]]></entry>
    <entry id="alchemist+str_random_command_selfish"><![CDATA[不像你们这些人，我有一些好的主意。]]></entry>
    <entry id="alchemist+str_random_command_depressed"><![CDATA[命运造就了一个比我更好的领队，我想。]]></entry>
    <entry id="alchemist+str_random_command_depressed"><![CDATA[那是出于我肮脏、恶臭的双手。]]></entry>
    <entry id="alchemist+str_random_command_depressed"><![CDATA[苟活与是一种残酷的困境。]]></entry>
    <entry id="alchemist+str_random_command_depressed"><![CDATA[又一场失败的实验……]]></entry>
    <entry id="alchemist+str_random_command_depressed"><![CDATA[我只是无名小卒。我要完了。]]></entry>
    <entry id="alchemist+str_random_command_irrational"><![CDATA[这就是我的秘密技巧……嘘！]]></entry>
    <entry id="alchemist+str_random_command_irrational"><![CDATA[行星只不过是伟大存在们的玩物。]]></entry>
    <entry id="alchemist+str_random_command_irrational"><![CDATA[那个花瓶真是个难看的东西！它破坏了美感！]]></entry>
    <entry id="alchemist+str_random_command_irrational"><![CDATA[我必须找点事去做，他们正在监视着呢。]]></entry>
    <entry id="alchemist+str_random_command_irrational"><![CDATA[药膏！药霜！酊剂！全部有售！]]></entry>

    <entry id="alchemist+str_bark_stress_camp_fearful"><![CDATA[我真希望我能依偎在母亲的怀抱里。]]></entry>
    <entry id="alchemist+str_bark_stress_camp_fearful"><![CDATA[我不该离家出走的！]]></entry>
    <entry id="alchemist+str_bark_stress_camp_fearful"><![CDATA[等等，我们需要清点一下人数！]]></entry>
    <entry id="alchemist+str_bark_stress_camp_paranoid"><![CDATA[你在用烟雾做信号吗？]]></entry>
    <entry id="alchemist+str_bark_stress_camp_paranoid"><![CDATA[然后现在你会接近我的背后，就如日出一样可以预见。]]></entry>
    <entry id="alchemist+str_bark_stress_camp_paranoid"><![CDATA[就算我和饿狼一起扎营，我都会觉得更安全。]]></entry>
    <entry id="alchemist+str_bark_stress_camp_masochistic"><![CDATA[我喜欢用一些较粗的线进行缝合。]]></entry>
    <entry id="alchemist+str_bark_stress_camp_masochistic"><![CDATA[请在我背上的伤口上抹盐。]]></entry>
    <entry id="alchemist+str_bark_stress_camp_masochistic"><![CDATA[我会站岗的。我想拥抱折磨我的人。]]></entry>
    <entry id="alchemist+str_bark_stress_camp_abusive"><![CDATA[真是对扎营的一次可怕尝试，真可悲。]]></entry>
    <entry id="alchemist+str_bark_stress_camp_abusive"><![CDATA[睁着一只眼睛睡觉。]]></entry>
    <entry id="alchemist+str_bark_stress_camp_abusive"><![CDATA[如果没有我，你们这些人都会死的。]]></entry>
    <entry id="alchemist+str_bark_stress_camp_selfish"><![CDATA[我的混合物需要那些水。]]></entry>
    <entry id="alchemist+str_bark_stress_camp_selfish"><![CDATA[当然，我需要更多的食物。毕竟，我要同时喂饱两张嘴。]]></entry>
    <entry id="alchemist+str_bark_stress_camp_selfish"><![CDATA[你们这些人应该试一下举重的，就这一次也好。]]></entry>
    <entry id="alchemist+str_bark_stress_camp_depressed"><![CDATA[我甚至不能让自己好好工作。]]></entry>
    <entry id="alchemist+str_bark_stress_camp_depressed"><![CDATA[我心情不太好。别管我了。]]></entry>
    <entry id="alchemist+str_bark_stress_camp_depressed"><![CDATA[就让这一切都赶紧结束吧。]]></entry>
    <entry id="alchemist+str_bark_stress_camp_irrational"><![CDATA[你们怎么知道我真的是我自己？*窃笑*]]></entry>
    <entry id="alchemist+str_bark_stress_camp_irrational"><![CDATA[你说什么语言？我只会说一口流利的深海语言。]]></entry>
    <entry id="alchemist+str_bark_stress_camp_irrational"><![CDATA[因为你的狗，我建议我们去遛遛狗。]]></entry>

    <entry id="alchemist+str_mark_self_masochistic"><![CDATA[拜托，我就在这里！]]></entry>
    <entry id="alchemist+str_mark_self_masochistic"><![CDATA[大卸八块！大卸八块！]]></entry>
    <entry id="alchemist+str_mark_self_depressed"><![CDATA[我只需要小推一下越过边缘就行了。]]></entry>
    <entry id="alchemist+str_mark_self_depressed"><![CDATA[我失去了仅存的微弱希望。]]></entry>
    <entry id="alchemist+str_mark_self_irrational"><![CDATA[同化吧！]]></entry>
    <entry id="alchemist+str_mark_self_irrational"><![CDATA[我偷走了你的鼻子！如果你敢的话，那就来拿吧！]]></entry>

    <entry id="alchemist+str_attack_friendly_paranoid"><![CDATA[你逼着我的手这么做的！]]></entry>
    <entry id="alchemist+str_attack_friendly_paranoid"><![CDATA[当你下到地狱的时候，把你的失败告诉你的主人。]]></entry>
    <entry id="alchemist+str_attack_friendly_abusive"><![CDATA[一个是因为你的罪，两个是因为你的无知，三个是因为你的令人生厌……]]></entry>
    <entry id="alchemist+str_attack_friendly_abusive"><![CDATA[听我的！]]></entry>
    <entry id="alchemist+str_attack_friendly_irrational"><![CDATA[用另一只动物的血来哺育牝羊……]]></entry>
    <entry id="alchemist+str_attack_friendly_irrational"><![CDATA[来两杯红酒……血也应该可以的，对吧？]]></entry>

    <entry id="alchemist+str_attack_self_masochistic"><![CDATA[来，我帮你攻击那里。]]></entry>
    <entry id="alchemist+str_attack_self_masochistic"><![CDATA[我必须孤独地做这一切吗？]]></entry>
    <entry id="alchemist+str_attack_self_depressed"><![CDATA[我没想到会这么容易。]]></entry>
    <entry id="alchemist+str_attack_self_depressed"><![CDATA[唉，还是会活着。]]></entry>
    <entry id="alchemist+str_attack_self_irrational"><![CDATA[我忘了带祭品！我怎么能这么粗心大意？]]></entry>
    <entry id="alchemist+str_attack_self_irrational"><![CDATA[这并不是等价交换。]]></entry>

    <entry id="alchemist+str_block_combat_retreat_paranoid"><![CDATA[你会把我引向另一场伏击，但我更喜欢这一次的。]]></entry>
    <entry id="alchemist+str_block_combat_retreat_paranoid"><![CDATA[为什么临阵软脚了？计划有变？]]></entry>
    <entry id="alchemist+str_block_combat_retreat_depressed"><![CDATA[我才刚开始感觉好受了一点。]]></entry>
    <entry id="alchemist+str_block_combat_retreat_depressed"><![CDATA[我猜到了，我们都会死在这里。]]></entry>
    <entry id="alchemist+str_block_combat_retreat_masochistic"><![CDATA[不管怎样，我都精疲力尽了！]]></entry>
    <entry id="alchemist+str_block_combat_retreat_masochistic"><![CDATA[通往胜利的道路是一条铺满了燃烧着的煤炭的道路。]]></entry>
    <entry id="alchemist+str_block_combat_retreat_irrational"><![CDATA[对？是谁啊？]]></entry>
    <entry id="alchemist+str_block_combat_retreat_irrational"><![CDATA[我这辈子还从未见过一头牛。当然如果我继续寻找的话……]]></entry>

    <entry id="alchemist+str_comment_self_hit_fearful"><![CDATA[我不会成功的……]]></entry>
    <entry id="alchemist+str_comment_self_hit_fearful"><![CDATA[我冻住了！]]></entry>
    <entry id="alchemist+str_comment_self_hit_paranoid"><![CDATA[我不会那么轻易被拿下的！]]></entry>
    <entry id="alchemist+str_comment_self_hit_paranoid"><![CDATA[阴谋的臭味……]]></entry>
    <entry id="alchemist+str_comment_self_hit_selfish"><![CDATA[这太荒唐了！你以为你是谁？！]]></entry>
    <entry id="alchemist+str_comment_self_hit_selfish"><![CDATA[你怎么敢伤害一位女科学家？！]]></entry>
    <entry id="alchemist+str_comment_self_hit_masochistic"><![CDATA[抓住我的另一只胳膊，我谅你不敢！]]></entry>
    <entry id="alchemist+str_comment_self_hit_masochistic"><![CDATA[哦哦。再来一次！就像那样！]]></entry>
    <entry id="alchemist+str_comment_self_hit_irrational"><![CDATA[尊敬你的长辈！]]></entry>
    <entry id="alchemist+str_comment_self_hit_irrational"><![CDATA[浮雕会给我们带来我们想要的答案！]]></entry>
    <entry id="alchemist+str_comment_self_missed_fearful"><![CDATA[为什么是我？！]]></entry>
    <entry id="alchemist+str_comment_self_missed_fearful"><![CDATA[他们想让我疲惫！]]></entry>
    <entry id="alchemist+str_comment_self_missed_paranoid"><![CDATA[错误的一击！]]></entry>
    <entry id="alchemist+str_comment_self_missed_paranoid"><![CDATA[在所有谋害我的人中，你是最差的。]]></entry>
    <entry id="alchemist+str_comment_self_missed_masochistic"><![CDATA[你让我兴奋了一会儿。]]></entry>
    <entry id="alchemist+str_comment_self_missed_masochistic"><![CDATA[把我剖开，好让我看看我自己。]]></entry>
    <entry id="alchemist+str_comment_self_missed_irrational"><![CDATA[你是想引起我的注意吗，先生？]]></entry>
    <entry id="alchemist+str_comment_self_missed_irrational"><![CDATA[你知道我会成为一个可怜的母亲，不是吗？]]></entry>

    <entry id="alchemist+str_comment_ally_attack_hit_selfish"><![CDATA[那是我的目标，我的研究对象！]]></entry>
    <entry id="alchemist+str_comment_ally_attack_hit_selfish"><![CDATA[你毁了它。]]></entry>
    <entry id="alchemist+str_comment_ally_attack_hit_abusive"><![CDATA[你击中了它，如果那也能算是击中的话。]]></entry>
    <entry id="alchemist+str_comment_ally_attack_hit_abusive"><![CDATA[显然的，远远还不够。]]></entry>
    <entry id="alchemist+str_comment_ally_attack_hit_irrational"><![CDATA[在我研究的时候不要敲我的门！]]></entry>
    <entry id="alchemist+str_comment_ally_attack_hit_irrational"><![CDATA[你——你这个杀人犯！]]></entry>
    <entry id="alchemist+str_comment_ally_attack_missed_fearful"><![CDATA[哦天啊！我将会是下一个！]]></entry>
    <entry id="alchemist+str_comment_ally_attack_missed_fearful"><![CDATA[命运发出了她的警告！]]></entry>
    <entry id="alchemist+str_comment_ally_missed_paranoid"><![CDATA[我对你的行动了如指掌！]]></entry>
    <entry id="alchemist+str_comment_ally_missed_paranoid"><![CDATA[最重要的是，你没有打中这个？]]></entry>
    <entry id="alchemist+str_comment_ally_attack_missed_abusive"><![CDATA[没用！没用！没用！]]></entry>
    <entry id="alchemist+str_comment_ally_attack_missed_abusive"><![CDATA[难道什么事都得我亲自出马吗？]]></entry>
    <entry id="alchemist+str_comment_ally_attack_missed_selfish"><![CDATA[我显然处于不利的一方。]]></entry>
    <entry id="alchemist+str_comment_ally_attack_missed_selfish"><![CDATA[我还得怎么教导你？！]]></entry>
    <entry id="alchemist+str_comment_ally_attack_missed_irrational"><![CDATA[宇宙！宇宙！]]></entry>
    <entry id="alchemist+str_comment_ally_attack_missed_irrational"><![CDATA[时间和空间将起伏不定、激荡不止。]]></entry>
    <entry id="alchemist+str_comment_ally_hit_fearful"><![CDATA[我一个人是无法生存下去的！]]></entry>
    <entry id="alchemist+str_comment_ally_hit_fearful"><![CDATA[现在谁将要来保护我？！]]></entry>
    <entry id="alchemist+str_comment_ally_hit_paranoid"><![CDATA[我一定在表演一场可怕的戏剧。]]></entry>
    <entry id="alchemist+str_comment_ally_hit_paranoid"><![CDATA[你一定要用尽你的全力出击！我发誓！]]></entry>
    <entry id="alchemist+str_comment_ally_hit_masochistic"><![CDATA[你要是和那一样用力地打我就好了。]]></entry>
    <entry id="alchemist+str_comment_ally_hit_masochistic"><![CDATA[令人愉快！]]></entry>
    <entry id="alchemist+str_comment_ally_hit_abusive"><![CDATA[科摩罗人在围着你打圈！]]></entry>
    <entry id="alchemist+str_comment_ally_hit_abusive"><![CDATA[最薄弱的连接不费吹灰之力就被切断了。]]></entry>
    <entry id="alchemist+str_comment_ally_hit_irrational"><![CDATA[我的主啊！我的主啊！我希望能和我的主说句话！]]></entry>
    <entry id="alchemist+str_comment_ally_hit_irrational"><![CDATA[如你所愿。最后的一支舞。]]></entry>
    <entry id="alchemist+str_comment_ally_missed_fearful"><![CDATA[他们在玩弄我们。]]></entry>
    <entry id="alchemist+str_comment_ally_missed_fearful"><![CDATA[恶魔不会再犯这种错了！]]></entry>
    <entry id="alchemist+str_comment_ally_missed_irrational"><![CDATA[*窃笑*]]></entry>
    <entry id="alchemist+str_comment_ally_missed_irrational"><![CDATA[你杀了我最好的朋友，怪物！]]></entry>

    <entry id="alchemist+str_block_move_fearful"><![CDATA[有些海域本就不应该通航！]]></entry>
    <entry id="alchemist+str_block_move_fearful"><![CDATA[宇宙在怒号！]]></entry>
    <entry id="alchemist+str_block_move_paranoid"><![CDATA[我不会追随你不详的领导。我不会的！]]></entry>
    <entry id="alchemist+str_block_move_paranoid"><![CDATA[更多的谎言！]]></entry>
    <entry id="alchemist+str_block_move_masochistic"><![CDATA[如果我待在这里惩罚就会变的更重。这是注定的。]]></entry>
    <entry id="alchemist+str_block_move_masochistic"><![CDATA[我正处于他们想要我在的地方！]]></entry>
    <entry id="alchemist+str_block_move_abusive"><![CDATA[你胆敢挑战我？！]]></entry>
    <entry id="alchemist+str_block_move_abusive"><![CDATA[就好像你知道你在说什么一样。]]></entry>
    <entry id="alchemist+str_block_move_irrational"><![CDATA[侍者们留下了他们的高脚杯。]]></entry>
    <entry id="alchemist+str_block_move_irrational"><![CDATA[我正在审判庭之上。我该去哪里？]]></entry>
    <entry id="alchemist+str_block_move_irrational"><![CDATA[有没有人有一条备用的手臂？]]></entry>

    <entry id="alchemist+str_block_item_paranoid"><![CDATA[一场阴谋。我很确信。]]></entry>
    <entry id="alchemist+str_block_item_paranoid"><![CDATA[这意味着要给我下毒。]]></entry>
    <entry id="alchemist+str_block_item_masochistic"><![CDATA[你有什么能增加痛苦的东西吗？]]></entry>
    <entry id="alchemist+str_block_item_masochistic"><![CDATA[我宁愿给伤口做一次完美的缝合。]]></entry>
    <entry id="alchemist+str_block_item_depressed"><![CDATA[真是浪费……]]></entry>
    <entry id="alchemist+str_block_item_depressed"><![CDATA[让我的罪恶带走我吧。]]></entry>
    <entry id="alchemist+str_block_item_irrational"><![CDATA[线粒体是细胞的发电站。]]></entry>
    <entry id="alchemist+str_block_item_irrational"><![CDATA[这是什么东西？真是迷人。]]></entry>

    <entry id="alchemist+str_block_heal_paranoid"><![CDATA[我不会欠你的人情。]]></entry>
    <entry id="alchemist+str_block_heal_paranoid"><![CDATA[你的立场是什么？]]></entry>
    <entry id="alchemist+str_block_heal_paranoid"><![CDATA[只要一剂就能杀了我，不是吗？]]></entry>
    <entry id="alchemist+str_block_heal_masochistic"><![CDATA[好的放血是健康的！]]></entry>
    <entry id="alchemist+str_block_heal_masochistic"><![CDATA[我就不能吃东西的话我一定就饿不死了。]]></entry>
    <entry id="alchemist+str_block_heal_masochistic"><![CDATA[让我好好休息吧。]]></entry>
    <entry id="alchemist+str_block_heal_depressed"><![CDATA[这里没有喘息的机会。]]></entry>
    <entry id="alchemist+str_block_heal_depressed"><![CDATA[我已经死了。]]></entry>
    <entry id="alchemist+str_block_heal_depressed"><![CDATA[离我远点，这是给你的最后警告！]]></entry>
    <entry id="alchemist+str_block_heal_irrational"><![CDATA[一个人到底该如何建造非欧形体？]]></entry>
    <entry id="alchemist+str_block_heal_irrational"><![CDATA[不，我不想再跳舞了！]]></entry>
    <entry id="alchemist+str_block_heal_irrational"><![CDATA[不是现在，我正在晒太阳。]]></entry>

    <entry id="alchemist+str_block_buff_paranoid"><![CDATA[别再阿谀奉承了。我厌倦了追求者！]]></entry>
    <entry id="alchemist+str_block_buff_paranoid"><![CDATA[很好的尝试，下毒者。]]></entry>
    <entry id="alchemist+str_block_buff_paranoid"><![CDATA[我拒绝！]]></entry>
    <entry id="alchemist+str_block_buff_masochistic"><![CDATA[你毁了我的潜心研究！]]></entry>
    <entry id="alchemist+str_block_buff_masochistic"><![CDATA[求你了。再多切几刀……]]></entry>
    <entry id="alchemist+str_block_buff_masochistic"><![CDATA[我才刚开始呢。]]></entry>
    <entry id="alchemist+str_block_buff_depressed"><![CDATA[别浪费你的时间了。]]></entry>
    <entry id="alchemist+str_block_buff_depressed"><![CDATA[这里只剩下一具躯壳了。]]></entry>
    <entry id="alchemist+str_block_buff_depressed"><![CDATA[把我留给卑贱的我自己。]]></entry>
    <entry id="alchemist+str_block_buff_irrational"><![CDATA[我太强大了，众神们都注意到了。]]></entry>
    <entry id="alchemist+str_block_buff_irrational"><![CDATA[我非常想念你，父亲。]]></entry>
    <entry id="alchemist+str_block_buff_irrational"><![CDATA[存在只是一个梦吗？]]></entry>

    <entry id="alchemist+str_bark_encourage"><![CDATA[我知道你所需的帮助是什么。]]></entry>
    <entry id="alchemist+str_bark_encourage"><![CDATA[让我们充分利用我们的休息时间吧。]]></entry>
    <entry id="alchemist+str_bark_encourage"><![CDATA[思维源于内在。掌控你自己。]]></entry>

    <entry id="alchemist+str_bark_first_aid"><![CDATA[我会让你变的更好受些。]]></entry>
    <entry id="alchemist+str_bark_first_aid"><![CDATA[你的肉体已经被再造了。]]></entry>
    <entry id="alchemist+str_bark_first_aid"><![CDATA[我正好有给你的混合物。]]></entry>

    <entry id="alchemist+str_bark_pep_talk"><![CDATA[你今天不会死的，也许你应该表现的像这样。]]></entry>
    <entry id="alchemist+str_bark_pep_talk"><![CDATA[沉默是金。]]></entry>
    <entry id="alchemist+str_bark_pep_talk"><![CDATA[我们要更强大，别忘了。]]></entry>

    <entry id="alchemist+str_bark_hobby"><![CDATA[。]]></entry>
    <entry id="alchemist+str_bark_hobby"><![CDATA[！]]></entry>
    <entry id="alchemist+str_bark_hobby"><![CDATA[？]]></entry>

    <entry id="alchemist+str_block_camping_skill_performer_fearful"><![CDATA[别像那样偷偷靠近我！]]></entry>
    <entry id="alchemist+str_block_camping_skill_performer_fearful"><![CDATA[但——但是，我可能会死的！]]></entry>
    <entry id="alchemist+str_block_camping_skill_performer_fearful"><![CDATA[这一切都乱套了。这可一点也不像我研究过的！]]></entry>
    <entry id="alchemist+str_block_camping_skill_performer_paranoid"><![CDATA[你就这么希望摆脱掉我？]]></entry>
    <entry id="alchemist+str_block_camping_skill_performer_paranoid"><![CDATA[我必须保持低调。]]></entry>
    <entry id="alchemist+str_block_camping_skill_performer_paranoid"><![CDATA[不干。]]></entry>
    <entry id="alchemist+str_block_camping_skill_performer_masochistic"><![CDATA[给我的伤口上撒点盐，可以吗？]]></entry>
    <entry id="alchemist+str_block_camping_skill_performer_masochistic"><![CDATA[痛苦与伤口，要承受上几十次鞭刑。]]></entry>
    <entry id="alchemist+str_block_camping_skill_performer_masochistic"><![CDATA[我渴望痛苦。]]></entry>
    <entry id="alchemist+str_block_camping_skill_performer_abusive"><![CDATA[这些东西不值得我帮助。]]></entry>
    <entry id="alchemist+str_block_camping_skill_performer_abusive"><![CDATA[如果它击中了这些生物，他们就不会知道它的伟大之处了。]]></entry>
    <entry id="alchemist+str_block_camping_skill_performer_abusive"><![CDATA[安静。马上。]]></entry>
    <entry id="alchemist+str_block_camping_skill_performer_selfish"><![CDATA[我不会浪费我宝贵的时间。]]></entry>
    <entry id="alchemist+str_block_camping_skill_performer_selfish"><![CDATA[我只是想在这里睡觉。]]></entry>
    <entry id="alchemist+str_block_camping_skill_performer_selfish"><![CDATA[饶了我吧，我已经做得够多了。]]></entry>
    <entry id="alchemist+str_block_camping_skill_performer_depressed"><![CDATA[为什么还要费心呢？]]></entry>
    <entry id="alchemist+str_block_camping_skill_performer_depressed"><![CDATA[我放弃了。我直接放弃。]]></entry>
    <entry id="alchemist+str_block_camping_skill_performer_depressed"><![CDATA[我们完了。我们的故事将到此结束。]]></entry>
    <entry id="alchemist+str_block_camping_skill_performer_irrational"><![CDATA[这便是上帝之语：*尖叫*]]></entry>
    <entry id="alchemist+str_block_camping_skill_performer_irrational"><![CDATA[墙壁上有字！墙壁上！]]></entry>
    <entry id="alchemist+str_block_camping_skill_performer_irrational"><![CDATA[地狱。地——狱。地狱？真是个奇怪的单词。]]></entry>
    <entry id="alchemist+str_block_camping_skill_target_paranoid"><![CDATA[如此公然的欺骗。]]></entry>
    <entry id="alchemist+str_block_camping_skill_target_paranoid"><![CDATA[你在羞辱我。]]></entry>
    <entry id="alchemist+str_block_camping_skill_target_paranoid"><![CDATA[更多的诡计，我厌倦了。]]></entry>
    <entry id="alchemist+str_block_camping_skill_target_masochistic"><![CDATA[我沉浸在痛苦和快乐中！]]></entry>
    <entry id="alchemist+str_block_camping_skill_target_masochistic"><![CDATA[让我检查一下你们的武器——我必须尝试一下它们！]]></entry>
    <entry id="alchemist+str_block_camping_skill_target_masochistic"><![CDATA[让我流血。]]></entry>
    <entry id="alchemist+str_block_camping_skill_target_abusive"><![CDATA[为什么这只猩猩要给我提建议？]]></entry>
    <entry id="alchemist+str_block_camping_skill_target_abusive"><![CDATA[你作为我们的口粮会更有用的。]]></entry>
    <entry id="alchemist+str_block_camping_skill_target_abusive"><![CDATA[你想用这中混合物结束生命吗，穴居人？]]></entry>
    <entry id="alchemist+str_block_camping_skill_target_depressed"><![CDATA[他们已经赢了。我的理智丧失了。]]></entry>
    <entry id="alchemist+str_block_camping_skill_target_depressed"><![CDATA[把火扑灭吧。这里没什么可做的。]]></entry>
    <entry id="alchemist+str_block_camping_skill_target_depressed"><![CDATA[也许我会把自己投入火中……]]></entry>

    <entry id="alchemist+str_block_camping_meal_paranoid"><![CDATA[我宁愿吃我的手臂。]]></entry>
    <entry id="alchemist+str_block_camping_meal_paranoid"><![CDATA[我看见毒药的时候就能辨识出来它，傻瓜！]]></entry>
    <entry id="alchemist+str_block_camping_meal_masochistic"><![CDATA[我最好茹毛饮血。]]></entry>
    <entry id="alchemist+str_block_camping_meal_masochistic"><![CDATA[鲜血就是完美的食材。]]></entry>
    <entry id="alchemist+str_block_camping_meal_depressed"><![CDATA[我必须节食。]]></entry>
    <entry id="alchemist+str_block_camping_meal_depressed"><![CDATA[让我的感染物也饿死吧。]]></entry>
    <entry id="alchemist+str_block_camping_meal_irrational"><![CDATA[我要像海绵一样过滤微生物。]]></entry>
    <entry id="alchemist+str_block_camping_meal_irrational"><![CDATA[能量会通过食物链流失。来跟我一起吃土吧！]]></entry>
    
  </language>
</root>