<?xml version="1.0" encoding="UTF-8"?>
<root>
    <language id="schinese">

    <entry id="str_monstername_brigand_loot_A"><![CDATA[土匪司库]]></entry>
    <entry id="str_monstername_brigand_loot_B"><![CDATA[亡命司库]]></entry>
    <entry id="str_monstername_brigand_loot_C"><![CDATA[恶名司库]]></entry>
	<entry id="str_monstername_brigand_loot_X"><![CDATA[土匪司库]]></entry>
    <entry id="str_monstername_brigand_loot_Y"><![CDATA[亡命司库]]></entry>
    <entry id="str_monstername_brigand_loot_Z"><![CDATA[恶名司库]]></entry>

	<entry id="str_monster_skill_brig_loot_cower"><![CDATA[掩护我！]]></entry>
    <entry id="str_monster_skill_brig_loot_stab"><![CDATA[滚开！!]]></entry>
    <entry id="str_monster_skill_brig_loot_vamoose"><![CDATA[走为上策！]]></entry>
	
	<entry id="buff_stat_tooltip_upgrade_discount_brig_loot_countdown"> <![CDATA[逍遥法外……]]></entry>	

	<entry id="str_inventory_title_trinketbrig_loot_hat"><![CDATA[骗子的帽子]]></entry>
	<entry id="str_inventory_title_trinketbrig_loot_tooth"><![CDATA[金牙]]></entry>
	<entry id="str_inventory_title_trinketbrig_loot_hat"><![CDATA[沉重的钱袋]]></entry>
	
	<entry id="str_inventory_set_title_brig_loot_set"><![CDATA[“不，妈，我现在是名会计了……”]]></entry>

	<entry id="trinket_rarity_brigloot"><![CDATA[司库]]></entry>	
	
	<entry id="str_warrens_tip"><![CDATA[土匪司库很难被抓住，并且如果留给他的时间足够的话他就会逃走。]]></entry>
	<entry id="str_weald_tip"><![CDATA[土匪司库很难被抓住，并且如果留给他的时间足够的话他就会逃走。]]></entry>
	<entry id="str_cove_tip"><![CDATA[土匪司库很难被抓住，并且如果留给他的时间足够的话他就会逃走。]]></entry>
	<entry id="str_crypts_tip"><![CDATA[土匪司库很难被抓住，并且如果留给他的时间足够的话他就会逃走。]]></entry>
	
	<entry id="str_warrens_tip"><![CDATA[贪婪的司库守护着他们宝箱里的贵重财宝。]]></entry>
	<entry id="str_weald_tip"><![CDATA[贪婪的司库守护着他们宝箱里的贵重财宝。]]></entry>
	<entry id="str_cove_tip"><![CDATA[贪婪的司库守护着他们宝箱里的贵重财宝。]]></entry>
	<entry id="str_crypts_tip"><![CDATA[贪婪的司库守护着他们宝箱里的贵重财宝。]]></entry>	
	
	
	</language>
    
		
</root>
