<?xml version="1.0" encoding="UTF-8"?>
<root>
  <language id="english">
    <entry id="str_VV_Nest_title"><![CDATA[The Nest]]></entry>
    <entry id="str_VV_Nest_buff_VV_chalice_district"><![CDATA[Chance to produce
{colour_start|notable}Eternal Goblet{colour_end} each week]]></entry>
	
  </language>
  <language id="brazilian">
    <entry id="str_VV_Nest_title"><![CDATA[The Nest]]></entry>
    <entry id="str_VV_Nest_buff_VV_chalice_district"><![CDATA[Chance to produce
{colour_start|notable}Eternal Goblet{colour_end} each week]]></entry>
  </language>
  <language id="czech">
  <entry id="str_VV_Nest_title"><![CDATA[The Nest]]></entry>
    <entry id="str_VV_Nest_buff_VV_chalice_district"><![CDATA[Chance to produce
{colour_start|notable}Eternal Goblet{colour_end} each week]]></entry>
  </language>
  <language id="french">
   <entry id="str_VV_Nest_title"><![CDATA[Le Nest]]></entry>
    <entry id="str_VV_Nest_buff_VV_chalice_district"><![CDATA[Chance to produce
{colour_start|notable}Eternal Goblet{colour_end} each week]]></entry>
  </language>
  <language id="german">
    <entry id="str_VV_Nest_title"><![CDATA[Das Nest]]></entry>
    <entry id="str_VV_Nest_buff_VV_chalice_district"><![CDATA[Chance jede woche einen
{colour_start|notable}Ewigen Kelch{colour_end} zu produzieren]]></entry>
  </language>
  <language id="italian">
 <entry id="str_VV_Nest_title"><![CDATA[The Nest]]></entry>
    <entry id="str_VV_Nest_buff_VV_chalice_district"><![CDATA[Chance to produce
{colour_start|notable}Eternal Goblet{colour_end} each week]]></entry>
  </language>
  <language id="koreana">
 <entry id="str_VV_Nest_title"><![CDATA[The Nest]]></entry>
    <entry id="str_VV_Nest_buff_VV_chalice_district"><![CDATA[Chance to produce
{colour_start|notable}Eternal Goblet{colour_end} each week]]></entry>
  </language>
  <language id="polish">
  <entry id="str_VV_Nest_title"><![CDATA[The Nest]]></entry>
    <entry id="str_VV_Nest_buff_VV_chalice_district"><![CDATA[Chance to produce
{colour_start|notable}Eternal Goblet{colour_end} each week]]></entry>	
  </language>
  <language id="russian">
   <entry id="str_VV_Nest_title"><![CDATA[The Nest]]></entry>
    <entry id="str_VV_Nest_buff_VV_chalice_district"><![CDATA[Chance to produce
{colour_start|notable}Eternal Goblet{colour_end} each week]]></entry>
  </language>
  <language id="schinese">
   <entry id="str_VV_Nest_title"><![CDATA[巢穴]]></entry>
    <entry id="str_VV_Nest_buff_VV_chalice_district"><![CDATA[每周有概率产生
{colour_start|notable}永恒圣杯{colour_end}]]></entry>
  </language>
  <language id="spanish">
   <entry id="str_VV_Nest_title"><![CDATA[The Nest]]></entry>
    <entry id="str_VV_Nest_buff_VV_chalice_district"><![CDATA[Chance to produce
{colour_start|notable}Eternal Goblet{colour_end} each week]]></entry>
  </language>
  <language id="tchinese">
   <entry id="str_VV_Nest_title"><![CDATA[The Nest]]></entry>
    <entry id="str_VV_Nest_buff_VV_chalice_district"><![CDATA[Chance to produce
{colour_start|notable}Eternal Goblet{colour_end} each week]]></entry>
  </language>
   <language id="koreana">
   <entry id="str_VV_Nest_title"><![CDATA[The Nest]]></entry>
    <entry id="str_VV_Nest_buff_VV_chalice_district"><![CDATA[Chance to produce
{colour_start|notable}Eternal Goblet{colour_end} each week]]></entry>
  </language>
</root>

