<?xml version="1.0" encoding="UTF-8"?>
<root>
  <language id="english">
    <entry id="hero_name_heiress"><![CDATA[珀耳塞福涅]]></entry>
    <entry id="hero_name_heir"><![CDATA[珀西瓦尔]]></entry>
	
    <entry id="str_tutorial_alive_perished_mixed"><![CDATA[{?survivor}%s安全地到达了小镇，但{?fallen_hero}%s丧生于老路之中。]]></entry>
    <entry id="str_tutorial_all_alive"><![CDATA[{?hero_names}%s安全地到达了小镇。]]></entry>
    <entry id="str_tutorial_all_perished"><![CDATA[{?hero_names}%s在老路上死去。幸运的是，你的马车没有遭遇到这样悲惨的命运。]]></entry>
  </language>
</root>

