<?xml version="1.0" encoding="UTF-8"?>
<root>
  <language id="schinese">

    <!-- Generic Tooltips -->
    <entry id="buff_rule_tooltip_target_hpbelow"><![CDATA[%s 如果目标的生命值低于%d%%]]></entry>
    <entry id="buff_stat_tooltip_hp_dot_poison_amount_percent"><![CDATA[%+d%%{colour_start|blight}腐蚀{colour_end}技能效果]]></entry>
    <entry id="effect_tooltip_target_group_other"><![CDATA[其他敌人：]]></entry>

    <!-- Apostate Custom Tooltips -->
    <entry id="buff_stat_tooltip_upgrade_discount_Apostate_AllHeroes"><![CDATA[全部英雄：]]></entry>
    <entry id="buff_stat_tooltip_upgrade_discount_Apostate_Event_Reduce_Healing"><![CDATA[-15%%{colour_start|healhp}生命治疗{colour_end}技能效果]]></entry>
    <entry id="buff_stat_tooltip_upgrade_discount_Apostate_Last_Rites_TT_1"><![CDATA[{colour_start|stress}压力{colour_end}-4
-50%%受到的{colour_start|stress}压力{colour_end}治疗 如果生命值不低于50%%]]></entry>
    <entry id="buff_stat_tooltip_upgrade_discount_Apostate_Last_Rites_TT_2"><![CDATA[{colour_start|stress}压力{colour_end}-5
-50%%受到的{colour_start|stress}压力{colour_end}治疗 如果生命值不低于50%%]]></entry>
    <entry id="buff_stat_tooltip_upgrade_discount_Apostate_Last_Rites_TT_3"><![CDATA[{colour_start|stress}压力{colour_end}-6
-50%%受到的{colour_start|stress}压力{colour_end}治疗 如果生命值不低于50%%]]></entry>
    <entry id="buff_stat_tooltip_upgrade_discount_Apostate_Last_Rites_TT_4"><![CDATA[{colour_start|stress}压力{colour_end}-7
-50%%受到的{colour_start|stress}压力{colour_end}治疗 如果生命值不低于50%%]]></entry>
    <entry id="buff_stat_tooltip_upgrade_discount_Apostate_Last_Rites_TT_5"><![CDATA[{colour_start|stress}压力{colour_end}-8
-50%%受到的{colour_start|stress}压力{colour_end}治疗 如果生命值不低于50%%]]></entry>
    <entry id="buff_stat_tooltip_upgrade_discount_Apostate_Tenebrosity_TT_Self_Buff"><![CDATA[自身：暗爆术：+33%%伤害]]></entry>
    <entry id="buff_stat_tooltip_upgrade_discount_Apostate_Tenebrosity_TT_Debuff_1"><![CDATA[全部英雄：
{colour_start|harmful}承受{colour_end}2点伤害 如果生命值不低于50%%]]></entry>
    <entry id="buff_stat_tooltip_upgrade_discount_Apostate_Tenebrosity_TT_Debuff_2"><![CDATA[全部英雄：
{colour_start|harmful}承受{colour_end}}2点伤害 如果生命值不低于50%%]]></entry>
    <entry id="buff_stat_tooltip_upgrade_discount_Apostate_Tenebrosity_TT_Debuff_3"><![CDATA[全部英雄：
{colour_start|harmful}承受{colour_end}3点伤害 如果生命值不低于50%%]]></entry>
    <entry id="buff_stat_tooltip_upgrade_discount_Apostate_Tenebrosity_TT_Debuff_4"><![CDATA[全部英雄：
{colour_start|harmful}承受{colour_end}3点伤害 如果生命值不低于50%%]]></entry>
    <entry id="buff_stat_tooltip_upgrade_discount_Apostate_Tenebrosity_TT_Debuff_5"><![CDATA[全部英雄：
{colour_start|harmful}承受{colour_end}4点伤害 如果生命值不低于50%%]]></entry>
    <entry id="buff_stat_tooltip_upgrade_discount_Apostate_FreeAction"><![CDATA[{colour_start|notable}光环：不能叠加
自由行动{colour_end}]]></entry>
    <entry id="buff_stat_tooltip_upgrade_discount_Apostate_EA"><![CDATA[{colour_start|notable}额外行动{colour_end}]]></entry>
    <entry id="buff_stat_tooltip_upgrade_discount_Apostate_Destroy_Corpse_1"><![CDATA[{colour_start|notable}只能攻击尸骸{colour_end}]]></entry>
    <entry id="buff_stat_tooltip_upgrade_discount_Apostate_Destroy_Corpse_2"><![CDATA[清除尸骸]]></entry>
    <entry id="buff_stat_tooltip_upgrade_discount_Apostate_Torch_TT"><![CDATA[亮度-5]]></entry>
    <entry id="buff_stat_tooltip_upgrade_discount_Apostate_Suffer_Damage_1"><![CDATA[{colour_start|harmful}承受{colour_end}2点伤害 如果生命值不低于50%%]]></entry>
    <entry id="buff_stat_tooltip_upgrade_discount_Apostate_Suffer_Damage_2"><![CDATA[{colour_start|harmful}承受{colour_end}2点伤害 如果生命值不低于50%%]]></entry>
    <entry id="buff_stat_tooltip_upgrade_discount_Apostate_Suffer_Damage_3"><![CDATA[{colour_start|harmful}承受{colour_end}3点伤害 如果生命值不低于50%%]]></entry>
    <entry id="buff_stat_tooltip_upgrade_discount_Apostate_Suffer_Damage_4"><![CDATA[{colour_start|harmful}承受{colour_end}3点伤害 如果生命值不低于50%%]]></entry>
    <entry id="buff_stat_tooltip_upgrade_discount_Apostate_Suffer_Damage_5"><![CDATA[{colour_start|harmful}承受{colour_end}4点伤害 如果生命值不低于50%%]]></entry>
    <entry id="buff_stat_tooltip_upgrade_discount_Apostate_CC_Trinket_Text_1"><![CDATA[友军技能；{colour_start|buff}增益目标；{colour_end}+10%%伤害]]></entry>
    <entry id="buff_stat_tooltip_upgrade_discount_Apostate_CC_Trinket_Text_2"><![CDATA[友军技能；自身；如果没有{colour_start|bleed}流血{colour_end}；{colour_start|bleed}流血{colour_end}]]></entry>
    <entry id="buff_stat_tooltip_upgrade_discount_Apostate_CC_Trinket_Text_3"><![CDATA[1伤害/回合 持续3回合]]></entry>
    <entry id="buff_stat_tooltip_upgrade_discount_Apostate_CoM_Trinket_Text_1"><![CDATA[被击中时；{colour_start|blight}腐蚀攻击者{colour_end} 2伤害/回合 持续3回合{colour_start|skill_unselectable}（140%%基础概率）{colour_end}]]></entry>
    <entry id="buff_stat_tooltip_upgrade_discount_Apostate_CoM_Trinket_Text_2"><![CDATA[被击中时；{colour_start|buff}增益自身；{colour_end}+30%%伤害/+10%%暴击率]]></entry>
    <entry id="buff_stat_tooltip_upgrade_discount_Apostate_trinket5_custom_tooltip"><![CDATA[击杀怪物时：{colour_start|buff}增益队伍；{colour_end}+1%%最大生命值]]></entry>
    <entry id="buff_stat_tooltip_upgrade_discount_Apostate_Bishops_Head_Trinket_Text_1"><![CDATA[+5%%防御 每失去10%%生命值]]></entry>
    <entry id="buff_stat_tooltip_upgrade_discount_Apostate_Bishops_Head_Trinket_Text_2"><![CDATA[-1%%被暴击率 每失去10%%生命值]]></entry>
    <entry id="buff_stat_tooltip_upgrade_discount_Apostate_Dance_Trinket_Text_1"><![CDATA[攻击时；{colour_start|move}后退{colour_end}3 如果在位置1]]></entry>
    <entry id="buff_stat_tooltip_upgrade_discount_Apostate_Dance_Trinket_Text_2"><![CDATA[友军技能；{colour_start|move}前进{colour_end}1]]></entry>
    <entry id="buff_stat_tooltip_upgrade_discount_Apostate_Dolores_Head_Trinket_Aegis_Text"><![CDATA[攻击命中时；自身；1护体阻隔 当处于{colour_start|deathdoor}濒死{colour_end}时]]></entry>
    <entry id="buff_stat_tooltip_upgrade_discount_Apostate_Dolores_Head_Trinket_Healing_Text"><![CDATA[不会受到{colour_start|healhp}生命治疗{colour_end} 如果没有处于{colour_start|deathdoor}濒死{colour_end}]]></entry>
    <entry id="camping_skill_effect_loot_apostate_camp_stress_TT"><![CDATA[{colour_start|deathdoor}濒死{colour_end}可能对队伍造成{colour_start|stress}压力伤害{colour_end}]]></entry>
    <entry id="buff_stat_tooltip_upgrade_discount_Apostate_1rd_Cooldown_TT"><![CDATA[{colour_start|notable}冷却；1回合{colour_end}]]></entry>

    <!-- Narration Subtitles -->
    <entry id="str_vo_bad_recruit_apostate_0"><![CDATA[一种由教条般的绝望所支撑的世界观，必然会招致盲目的狂热主义。]]></entry>
    <entry id="str_vo_town_event_embark_party_buff_apostates_0"><![CDATA[让教堂中的管风琴奏出音符——修女们正在集合……]]></entry>
    <entry id="str_vo_town_event_bonus_recruit_apostate_necromancer_dead_0"><![CDATA[她们在秘密中会面，没有人知道她们的研究是多么深暗隐晦。]]></entry>

    <!-- Town Events -->
    <entry id="town_event_title_embark_party_buff_apostates"><![CDATA[圣火只是故事的一半]]></entry>
    <entry id="town_event_description_embark_party_buff_apostates"><![CDATA[神职人员和教堂会众们都不敢违抗修女们的要求，而不愿意参加异端仪式的人明智地对保留了自己的反对意见。]]></entry>
    <entry id="town_event_title_bonus_recruit_apostate_necromancer_dead"><![CDATA[黑暗审判]]></entry>
    <entry id="town_event_description_bonus_recruit_apostate_necromancer_dead"><![CDATA[随着有关巫术的谣言在哈姆雷特散布开来，只有天真的人才会认为这一队叛教者前来审判只是巧合。]]></entry>

    <!-- Estate Trainer Descriptions (Guild/Blacksmith/Camping) -->
    <entry id="action_verbose_body_guild_apostate"><![CDATA[被教会谴责为“偏离光明”，叛教者们寻找那些被公开宣布为禁书和伪经的文本，以探求真相。许多人都在质疑她们的道德准则，但对他们的毅力却毫无质疑……]]></entry>
    <entry id="action_verbose_body_blacksmith_apostate"><![CDATA[身披长袍，挥舞着令人厌恶的圣髑，叛教者把恐惧打入敌人和盟友的心中。尽管她放弃了修女常规的治疗技能，但她仍拥有不可思议的技能，使她的盟友们远离死亡，尽管其通过的是非常不同的技术。]]></entry>
    <entry id="action_verbose_body_camping_trainer_apostate"><![CDATA[时常被排斥于她们的社区之外，这些不思悔改的女人们已经学会了如何自力更生。无畏的窃听者们从他们的营地中带着有关奇怪的、异端的传说归来——其中甚至包括与死者交谈的奇特报告。这些说辞当然有被加以渲染，但谣言依然一直存在者着……]]></entry>

    <!-- Blacksmith Equipment -->
    <entry id="apostate_weapon_0"><![CDATA[临时的圣髑]]></entry>
    <entry id="apostate_weapon_1"><![CDATA[简易的圣髑]]></entry>
    <entry id="apostate_weapon_2"><![CDATA[名人的圣髑]]></entry>
    <entry id="apostate_weapon_3"><![CDATA[受崇敬的圣髑]]></entry>
    <entry id="apostate_weapon_4"><![CDATA[“主的遗骸”]]></entry>
    <entry id="upgrade_tree_name_apostate.weapon"><![CDATA[圣髑]]></entry>
    <entry id="apostate_armour_0"><![CDATA[粗略缝改过的长袍]]></entry>
    <entry id="apostate_armour_1"><![CDATA[手工制作的长袍]]></entry>
    <entry id="apostate_armour_2"><![CDATA[精工的长袍]]></entry>
    <entry id="apostate_armour_3"><![CDATA[附魔的长袍]]></entry>
    <entry id="apostate_armour_4"><![CDATA[“死灵法师的长袍”]]></entry>
    <entry id="upgrade_tree_name_apostate.armour"><![CDATA[予力长袍]]></entry>

    <!-- Skills -->
    <entry id="hero_class_name_apostate"><![CDATA[叛教者]]></entry>
    <entry id="combat_skill_name_apostate_condemn"><![CDATA[罪行宣判]]></entry>
    <entry id="combat_skill_name_apostate_last_rites"><![CDATA[临终圣礼]]></entry>
    <entry id="combat_skill_name_apostate_borrowed_time"><![CDATA[回光返照]]></entry>
    <entry id="combat_skill_name_apostate_apocryphal_texts"><![CDATA[伪经宣读]]></entry>
    <entry id="combat_skill_name_apostate_tenebrosity"><![CDATA[暗爆术]]></entry>
    <entry id="combat_skill_name_apostate_incite"><![CDATA[煽动]]></entry>
    <entry id="combat_skill_name_apostate_desecrate"><![CDATA[亵渎尸爆]]></entry>
    <entry id="combat_skill_name_apostate_move"><![CDATA[移动]]></entry>
    <entry id="upgrade_tree_name_apostate.condemn"><![CDATA[罪行宣判]]></entry>
    <entry id="upgrade_tree_name_apostate.last_rites"><![CDATA[临终圣礼]]></entry>
    <entry id="upgrade_tree_name_apostate.borrowed_time"><![CDATA[回光返照]]></entry>
    <entry id="upgrade_tree_name_apostate.apocryphal_texts"><![CDATA[伪经宣读]]></entry>
    <entry id="upgrade_tree_name_apostate.tenebrosity"><![CDATA[暗爆术]]></entry>
    <entry id="upgrade_tree_name_apostate.incite"><![CDATA[煽动]]></entry>
    <entry id="upgrade_tree_name_apostate.desecrate"><![CDATA[亵渎尸爆]]></entry>
    <entry id="buff_rule_data_tooltip_tenebrosity"><![CDATA[暗爆术]]></entry>
    <entry id="buff_rule_data_tooltip_desecrate"><![CDATA[亵渎尸爆]]></entry>

    <!-- Camp Skills -->
    <entry id="camping_skill_name_apostate_dialogue_with_the_dead"><![CDATA[与死者对话]]></entry>
    <entry id="camping_skill_name_apostate_will_to_live"><![CDATA[生存意志]]></entry>
    <entry id="camping_skill_name_apostate_sustain_flesh"><![CDATA[维持肉体]]></entry>
    <entry id="camping_skill_name_apostate_unorthodox_ceremony"><![CDATA[异端仪式]]></entry>
    <entry id="str_bark_apostate_dialogue_with_the_dead"><![CDATA[别担心，你的死亡只会很短暂。]]></entry>
    <entry id="str_bark_apostate_dialogue_with_the_dead"><![CDATA[你要有所准备，以免深渊让你沉默。]]></entry>
    <entry id="str_bark_apostate_dialogue_with_the_dead"><![CDATA[你从另一边看到了什么？]]></entry>
    <entry id="str_bark_apostate_will_to_live"><![CDATA[你曾经反抗过死亡——现在不要屈服！]]></entry>
    <entry id="str_bark_apostate_will_to_live"><![CDATA[当深渊招手之时，不要投怀送抱。]]></entry>
    <entry id="str_bark_apostate_sustain_flesh"><![CDATA[死亡无法逃脱！但可以推迟。]]></entry>
    <entry id="str_bark_apostate_sustain_flesh"><![CDATA[我们不必惧怕死亡，我们也不必拥抱死亡。]]></entry>
    <entry id="str_bark_apostate_unorthodox_ceremony"><![CDATA[真理有很多种；圣光只是一部分而已。]]></entry>
    <entry id="str_bark_apostate_unorthodox_ceremony"><![CDATA[圣火也许会熄灭，但黑暗却是永恒的。]]></entry>
    <entry id="str_bark_apostate_unorthodox_ceremony"><![CDATA[光与黑只是同一枚硬币的两个面而已！]]></entry>

    <!-- Trinkets -->
    <entry id="str_inventory_title_trinketapostate_common_trinket"><![CDATA[世俗经文]]></entry>
    <entry id="str_inventory_title_trinketapostate_uncommon_trinket"><![CDATA[主教的礼物]]></entry>
    <entry id="str_inventory_title_trinketapostate_rare_trinket"><![CDATA[污秽的花束]]></entry>
    <entry id="str_inventory_title_trinketapostate_very_rare_trinket_1"><![CDATA[死灵法师的爪子]]></entry>
    <entry id="str_inventory_title_trinketapostate_very_rare_trinket_2"><![CDATA[死灵法师的卷轴]]></entry>
    <entry id="str_inventory_title_trinketapostate_cc_trinket"><![CDATA[祭祀匕首]]></entry>
    <entry id="str_inventory_title_trinketapostate_com_trinket"><![CDATA[来自井中的碎片]]></entry>
    <entry id="str_inventory_title_trinketapostate_dolores_head_trinket"><![CDATA[多洛雷丝的头颅]]></entry>
    <entry id="str_inventory_title_trinketapostate_bishops_head_trinket"><![CDATA[主教的头颅]]></entry>
    <entry id="str_inventory_title_trinketapostate_dance_trinket"><![CDATA[叛教者的潦草文字]]></entry>
    <entry id="str_inventory_set_title_apostate_common_flavour_set"><![CDATA[“爱你的，——J”]]></entry>
    <entry id="str_inventory_set_title_apostate_uncommon_flavour_set"><![CDATA[“自愿奉献，那是当然的……”]]></entry>
    <entry id="str_inventory_set_title_apostate_rare_flavour_set"><![CDATA[“他罪有应得。”]]></entry>
    <entry id="str_inventory_set_title_apostate_veryrare_set"><![CDATA[“圣火只是故事的一半……”]]></entry>
    <entry id="str_inventory_set_title_apostate_com_flavour_set"><![CDATA[“易碎的、恶臭的碎片只需轻轻一碰便会崩坏。”]]></entry>
    <entry id="str_inventory_set_title_apostate_cc_flavour_set"><![CDATA[“鲜血蕴含着力量……”]]></entry>
    <entry id="str_inventory_set_title_apostate_dolores_head_flavour_set"><![CDATA[“她的忍耐力是言语无法形容的。”]]></entry>
    <entry id="str_inventory_set_title_apostate_bishops_head_flavour_set"><![CDATA[“伪君子却依赖于他宣称为异端的文本。”]]></entry>
    <entry id="str_inventory_set_title_apostate_dance_flavour_set"><![CDATA[“继续前进。永远不要忘记多洛雷丝。”]]></entry>

    <!-- 'Walking Corpse' Summon -->
    <entry id="str_monstername_apostate_summon_A"><![CDATA[行尸走肉]]></entry>
    <entry id="buff_stat_tooltip_upgrade_discount_Apostate_Set_Bonus_Summon_TT"><![CDATA[赋予力量的行尸走肉]]></entry>
    <entry id="enemy_type_name_apostate_summon_type"><![CDATA[召唤物]]></entry>
    <entry id="str_monster_skill_apo_skele_sword_slice"><![CDATA[劈砍]]></entry>
    <entry id="str_monster_skill_apo_skele_sword_slice_weak"><![CDATA[笨拙切击]]></entry>
    <entry id="str_monster_skill_apo_skele_shield_slam"><![CDATA[死亡之重]]></entry>

    <!-- Party names -->
    <entry id="party_name_8130"><![CDATA[离经叛道]]></entry>
    <entry id="party_name_8131"><![CDATA[从众压力]]></entry>
    <entry id="party_name_8132"><![CDATA[铁皇后]]></entry>
    <entry id="party_name_8133"><![CDATA[腐化红钩]]></entry>
    <entry id="party_name_8134"><![CDATA[歧途圣战]]></entry>
    <entry id="party_name_8135"><![CDATA[过失杀人]]></entry>
    <entry id="party_name_8136"><![CDATA[王的愚蠢]]></entry>
    <entry id="party_name_8137"><![CDATA[红色救赎]]></entry>
    <entry id="party_name_8138"><![CDATA[舞蹈皇后]]></entry>
    <entry id="party_name_8139"><![CDATA[过度放血]]></entry>
    <entry id="party_name_8140"><![CDATA[最后一笑]]></entry>
    <entry id="party_name_8141"><![CDATA[复仇宣言]]></entry>

    <!-- Town Barks -->
    <entry id="apostate+str_bar_committed"><![CDATA[我们的新经可没有提到酒！]]></entry>
    <entry id="apostate+str_gambling_committed"><![CDATA[我已经在那我的性命做赌注。再赌一次又如何……]]></entry>
    <entry id="apostate+str_brothel_committed"><![CDATA[在这些长袍之下我仍然是位女人……]]></entry>
    <entry id="apostate+str_treatment_committed"><![CDATA[但我说的是实话！圣光只是一种骗术！]]></entry>
    <entry id="apostate+str_treatment_committed"><![CDATA[你根本没有在听！圣火就是个谎言，他们在欺骗我们所有人！]]></entry>
    <entry id="apostate+str_override_invalid_rejection"><![CDATA[我们的教派被禁止在这里祈祷。]]></entry>
    <entry id="apostate+str_override_invalid_rejection"><![CDATA[他们坚持认为“至高权力”必须是圣光。我们不同意。]]></entry>
    <entry id="apostate+str_override_invalid_rejection"><![CDATA[我们都是修女……但是我们的大家族并不和睦。]]></entry>

    <!-- Crit Barks -->
    <entry id="apostate+str_critbyhero"><![CDATA[黑暗吞没了你！]]></entry>
    <entry id="apostate+str_critbyhero"><![CDATA[你应该像我一样受苦！]]></entry>
    <entry id="apostate+str_critbyhero"><![CDATA[你要下地狱了！]]></entry>
    <entry id="apostate+str_critbyhero"><![CDATA[你应该知晓痛苦！]]></entry>
    <entry id="apostate+str_critbyhero"><![CDATA[你现在看到深渊了吗？]]></entry>
    <entry id="apostate+str_critbyhero"><![CDATA[看着深渊！]]></entry>
    <entry id="apostate+str_critbyhero"><![CDATA[你将知晓深渊！]]></entry>
    <entry id="apostate+str_critbyhero"><![CDATA[圣光只会拖我的后腿！]]></entry>
    <entry id="apostate+str_critbyhero"><![CDATA[圣火是脆弱的！现在看看我吧！]]></entry>
    <entry id="apostate+str_critbyhero"><![CDATA[你的最种时刻将是美妙的！]]></entry>

    <!-- Death's Door Barks -->
    <entry id="apostate+str_bark_deathsdoor"><![CDATA[我看到了深渊！它真是漂亮！]]></entry>
    <entry id="apostate+str_bark_deathsdoor"><![CDATA[深不可测的力量就在我的掌握之中！]]></entry>
    <entry id="apostate+str_bark_deathsdoor"><![CDATA[是真的！黑暗拥有不可思议的力量！]]></entry>
    <entry id="apostate+str_bark_deathsdoorsurvive"><![CDATA[视野暗淡了。幻觉——或是真理的一瞥？]]></entry>
    <entry id="apostate+str_bark_deathsdoorsurvive"><![CDATA[圣火只是故事的一半……]]></entry>
    <entry id="apostate+str_bark_deathsdoor_ally"><![CDATA[你从绝壁上看到了伟大的景象吗？]]></entry>
    <entry id="apostate+str_bark_deathsdoor_ally"><![CDATA[你感觉到深渊的力量了吗？]]></entry>
    <entry id="apostate+str_bark_deathsdoor_ally"><![CDATA[深渊难道不美吗？]]></entry>
    <entry id="apostate+str_bark_deathsdoorsurvive_ally"><![CDATA[一瞥深渊之内。我羡慕你了。]]></entry>
    <entry id="apostate+str_bark_deathsdoorsurvive_ally"><![CDATA[一种另一头的味道。享用吧。]]></entry>

    <!-- Receiving Damage Barks -->
    <entry id="apostate+str_bark_bigwound"><![CDATA[我对伤痛并不陌生！]]></entry>
    <entry id="apostate+str_bark_bigwound"><![CDATA[我只会变得更强！]]></entry>
    <entry id="apostate+str_bark_bigwound"><![CDATA[深渊的景象！]]></entry>
    <entry id="apostate+str_bark_bigwound"><![CDATA[痛苦是我的盟友！]]></entry>
    <entry id="apostate+str_bark_bigwound_ally"><![CDATA[现在让黑暗赋予你力量！]]></entry>
    <entry id="apostate+str_bark_bigwound_ally"><![CDATA[现在你将感受到我们所传颂的活力！]]></entry>
    <entry id="apostate+str_bark_bigwound_ally"><![CDATA[痛苦蕴涵着力量。]]></entry>

    <!-- Stress Barks -->
    <entry id="apostate+str_bark_increasingstress"><![CDATA[光明将会变成一种安慰……]]></entry>
    <entry id="apostate+str_bark_increasingstress"><![CDATA[我以为我掌控了阴影，但这个地方……]]></entry>
    <entry id="apostate+str_bark_increasingstress"><![CDATA[我越来越怀念我在修道院里的口是心非的生活了……]]></entry>
    <entry id="apostate+str_bark_increasingstress"><![CDATA[修道院里的那些人都是些天真的傻瓜，但他们也都是快乐的傻瓜……]]></entry>

    <!-- Enemy Attack Barks -->
    <entry id="apostate+str_monster_attack_unholy_curse"><![CDATA[他的话语引起了我的共鸣！]]></entry>
    <entry id="apostate+str_monster_attack_unholy_curse"><![CDATA[他拥有我们丢失的经文！]]></entry>
    <entry id="apostate+str_monster_attack_unholy_judgement"><![CDATA[他竟能如此轻松地进行仪式！]]></entry>
    <entry id="apostate+str_monster_attack_unholy_judgement"><![CDATA[这些典籍里的描述并没有让我为这次经历做好准备！]]></entry>
    <entry id="apostate+str_monster_attack_unholy_smite"><![CDATA[他对我的钦佩漠不关心——我们无论如何都会被撕成碎片的！]]></entry>
    <entry id="apostate+str_monster_attack_unholy_smite"><![CDATA[成为被施死灵法术的人是无法接受的！]]></entry>
    <entry id="apostate+str_monster_user_selected_targets_kill_pill"><![CDATA[光与黑毕竟不是一种事物。我都做了些什么？]]></entry>
    <entry id="apostate+str_control_before_turn_siren"><![CDATA[朱妮娅？真的是你吗？]]></entry>
    <entry id="apostate+str_control_before_turn_siren"><![CDATA[为你做什么都行，朱妮娅！]]></entry>
    <entry id="apostate+str_control_return_siren"><![CDATA[我……我说得太多了。]]></entry>
    <entry id="apostate+str_control_return_siren"><![CDATA[如果你敢告诉任何人我会伤害你的。]]></entry>

    <!-- 'Apocryphal Texts' Barks -->
    <entry id="Apo_Apoc_Texts"><![CDATA[你的话语只会带来不祥的预感。]]></entry>
    <entry id="Apo_Apoc_Texts"><![CDATA[你的话语困扰到了我。]]></entry>
    <entry id="Apo_Apoc_Texts"><![CDATA[那段话使我不安。]]></entry>
    <entry id="Apo_Apoc_Texts"><![CDATA[你的布道令人不安。]]></entry>
    <entry id="Apo_Apoc_Texts"><![CDATA[我不记得那段韵文了。]]></entry>
    <entry id="Apo_Apoc_Texts"><![CDATA[那段韵文对我来说是新的。]]></entry>
    <entry id="Apo_Apoc_Texts"><![CDATA[那首圣咏被更改过了吗？]]></entry>
    <entry id="Apo_Apoc_Texts"><![CDATA[这些似乎不像是圣言……]]></entry>
    <entry id="Apo_Apoc_Texts"><![CDATA[你确定这些都是圣言吗？]]></entry>
    <entry id="Apo_Apoc_Texts"><![CDATA[火把是不是在闪烁？]]></entry>
    <entry id="Apo_Apoc_Texts"><![CDATA[你的圣歌在黑暗中回荡着……]]></entry>
    <entry id="Apo_Apoc_Texts"><![CDATA[你说话的时候影子会移动……]]></entry>
    <entry id="apostate+Apo_Apoc_Texts"><![CDATA[传道吧，姐妹！]]></entry>
    <entry id="apostate+Apo_Apoc_Texts"><![CDATA[一次卓越的诵读，姐妹。]]></entry>
    <entry id="apostate+Apo_Apoc_Texts"><![CDATA[一段鼓舞人心的朗诵。]]></entry>
    <entry id="apostate+Apo_Apoc_Texts"><![CDATA[她说的是真相！]]></entry>
    <entry id="apostate+Apo_Apoc_Texts"><![CDATA[接受真相，就像我们一样！]]></entry>
    <entry id="apostate+Apo_Apoc_Texts"><![CDATA[在我们的经文中的真理是不可被否认的。]]></entry>
    <entry id="apostate+Apo_Apoc_Texts"><![CDATA[我们放弃圣火是正确之举。]]></entry>
    <entry id="apostate+Apo_Apoc_Texts"><![CDATA[是的！所有的力量都是神圣的，不仅仅是圣火！]]></entry>
    <entry id="apostate+Apo_Apoc_Texts"><![CDATA[主教是无知的。我们懂得要更多。]]></entry>
    <entry id="apostate+Apo_Apoc_Texts"><![CDATA[主教禁止这些文字，因为他无法面对真相。]]></entry>
    <entry id="vestal+Apo_Apoc_Texts"><![CDATA[亵渎之言！]]></entry>
    <entry id="vestal+Apo_Apoc_Texts"><![CDATA[那些文字是禁忌的！]]></entry>
    <entry id="vestal+Apo_Apoc_Texts"><![CDATA[你玷污了我们的信仰！]]></entry>
    <entry id="vestal+Apo_Apoc_Texts"><![CDATA[我真不敢相信我曾经叫过你姐妹！]]></entry>
    <entry id="vestal+Apo_Apoc_Texts"><![CDATA[放弃信仰，姐妹情谊也还能让你悬崖勒马！]]></entry>
    <entry id="vestal+Apo_Apoc_Texts"><![CDATA[现在回到圣光中来还不晚！]]></entry>
    <entry id="vestal+Apo_Apoc_Texts"><![CDATA[你都做了些什么，姐妹？]]></entry>
    <entry id="vestal+Apo_Apoc_Texts"><![CDATA[你无法让我怀疑我的信仰！]]></entry>
    <entry id="vestal+Apo_Apoc_Texts"><![CDATA[你的话语引起的是反感，而不是启示。]]></entry>
    <entry id="vestal+Apo_Apoc_Texts"><![CDATA[主教把你赶出去是对的！]]></entry>
    <entry id="vestal+Apo_Apoc_Texts"><![CDATA[我很高兴主教无法看到你变成了什么样子。]]></entry>
    <entry id="vestal+Apo_Apoc_Texts"><![CDATA[我们再也不能在一起了。]]></entry>

    <!-- Affliction Barks -->
    <entry id="apostate+str_afflicted_fearful"><![CDATA[圣光原谅我吧！我不应该抛弃你的。]]></entry>
    <entry id="apostate+str_afflicted_fearful"><![CDATA[我绝不能害怕殉道。我不会的！]]></entry>
    <entry id="apostate+str_afflicted_fearful"><![CDATA[请允许我穿过这些被诅咒的礼堂……]]></entry>
    <entry id="apostate+str_afflicted_fearful"><![CDATA[新经可没有警告过这一点！]]></entry>
    <entry id="apostate+str_afflicted_fearful"><![CDATA[饶了我吧，噢圣光，我远离圣火的行为是愚蠢的！]]></entry>
    <entry id="apostate+str_afflicted_paranoid"><![CDATA[主教知道我们的叛教了！]]></entry>
    <entry id="apostate+str_afflicted_paranoid"><![CDATA[你在考验我？我要展示我们新发掘的力量吗？]]></entry>
    <entry id="apostate+str_afflicted_paranoid"><![CDATA[我们是对的！我们是对的！]]></entry>
    <entry id="apostate+str_afflicted_paranoid"><![CDATA[我听到你的低语了！那些谣言都太夸张了！]]></entry>
    <entry id="apostate+str_afflicted_paranoid"><![CDATA[我们才是错的吗？无知的人是我们吗？]]></entry>
    <entry id="apostate+str_afflicted_paranoid"><![CDATA[你在我背后嘲笑我！你所珍视的圣火会燃烧你的！]]></entry>
    <entry id="apostate+str_afflicted_masochistic"><![CDATA[通过痛苦，我将知晓我的信仰！我们都将知晓的！]]></entry>
    <entry id="apostate+str_afflicted_masochistic"><![CDATA[死神的耐心充足，我可不是！]]></entry>
    <entry id="apostate+str_afflicted_masochistic"><![CDATA[让我们再次凝视深渊吧！]]></entry>
    <entry id="apostate+str_afflicted_masochistic"><![CDATA[痛苦给我们力量——我们将变得强大！]]></entry>
    <entry id="apostate+str_afflicted_masochistic"><![CDATA[我已经变成了，我曾经所畏惧的样子！]]></entry>
    <entry id="apostate+str_afflicted_abusive"><![CDATA[我是天选之人——而你们什么都不是！]]></entry>
    <entry id="apostate+str_afflicted_abusive"><![CDATA[你真蠢，以为自己有来到这里所要的力量。]]></entry>
    <entry id="apostate+str_afflicted_abusive"><![CDATA[别再玷污你自己了，战斗吧！]]></entry>
    <entry id="apostate+str_afflicted_abusive"><![CDATA[羊群是软弱的、愚蠢的，你只不过是一只羔羊而已！]]></entry>
    <entry id="apostate+str_afflicted_abusive"><![CDATA[主教都比你战斗得要更好！]]></entry>
    <entry id="apostate+str_afflicted_selfish"><![CDATA[抛开你的神吧，我将把真理带给你。]]></entry>
    <entry id="apostate+str_afflicted_selfish"><![CDATA[我牺牲了很多……而现在我要全部索取回来！]]></entry>
    <entry id="apostate+str_afflicted_selfish"><![CDATA[如果有人能活着出去的话，那就是我！]]></entry>
    <entry id="apostate+str_afflicted_selfish"><![CDATA[把那些圣髑给我，它们看起来很重要。]]></entry>
    <entry id="apostate+str_afflicted_selfish"><![CDATA[你们这些蠢货还在相信谎言，应该奖赏的人是我才对！]]></entry>
    <entry id="apostate+str_afflicted_depressed"><![CDATA[这里没有更高等的目标……]]></entry>
    <entry id="apostate+str_afflicted_depressed"><![CDATA[这项任务消磨了我的精神……]]></entry>
    <entry id="apostate+str_afflicted_depressed"><![CDATA[为什么大家都恨我？主教倒是可以理解，但其他人呢？]]></entry>
    <entry id="apostate+str_afflicted_depressed"><![CDATA[一切都是徒劳的。我本应该隐瞒我的迟疑，然后留在修道院。]]></entry>
    <entry id="apostate+str_afflicted_depressed"><![CDATA[圣火是个谎言，但真相并不会带给我快乐。]]></entry>
    <entry id="apostate+str_afflicted_irrational"><![CDATA[石头里有圣光！在苍蝇们的微笑中也有！]]></entry>
    <entry id="apostate+str_afflicted_irrational"><![CDATA[我的双眼在燃烧……真是太漂亮了，我必须把它们都挖出来！]]></entry>
    <entry id="apostate+str_afflicted_irrational"><![CDATA[我的长袍真是美味，为什么我以前就没有注意到呢？]]></entry>
    <entry id="apostate+str_afflicted_irrational"><![CDATA[我听到的是歌声吗？为什么火把在唱歌？安静！]]></entry>
    <entry id="apostate+str_afflicted_irrational"><![CDATA[主教！吾爱汝！我们没什么不同的！]]></entry>
    <entry id="apostate+str_virtued_stalwart"><![CDATA[我的信仰将是我的引导者！]]></entry>
    <entry id="apostate+str_virtued_stalwart"><![CDATA[我的纯洁将消灭所有不信之人！]]></entry>
    <entry id="apostate+str_virtued_courageous"><![CDATA[无需恐惧——我会阻止我们的毁灭，我可不怕！]]></entry>
    <entry id="apostate+str_virtued_courageous"><![CDATA[夜晚是黑色的，但我们仍可以用它的力量来达到我们的目的！]]></entry>
    <entry id="apostate+str_virtued_focused"><![CDATA[我的道路很清晰！]]></entry>
    <entry id="apostate+str_virtued_focused"><![CDATA[我们要忍耐！痛苦是有所目的的！]]></entry>
    <entry id="apostate+str_virtued_powerful"><![CDATA[力量奔涌在我的全身！]]></entry>
    <entry id="apostate+str_virtued_powerful"><![CDATA[我的力量是无与伦比的！他们将知晓痛苦的含义。]]></entry>
    <entry id="apostate+str_virtued_vigorous"><![CDATA[虽然被关在铁笼之中，但我的信念却燃烧了起来。]]></entry>
    <entry id="apostate+str_virtued_vigorous"><![CDATA[我点燃了我的灵魂。没有什么能熄灭它。]]></entry>
    <entry id="apostate+str_stress_heal_self_stalwart"><![CDATA[老方法仍然有些许优点。]]></entry>
    <entry id="apostate+str_stress_heal_self_stalwart"><![CDATA[力量是纯洁的！]]></entry>
    <entry id="apostate+str_stress_heal_party_courageous"><![CDATA[力量与我们同在。无需惧怕黑暗。]]></entry>
    <entry id="apostate+str_stress_heal_party_courageous"><![CDATA[不要绝望。随着黑暗的加深，我的力量也在增长……]]></entry>
    <entry id="apostate+str_buff_random_party_member_focused"><![CDATA[尝试来自接受真相的力量吧。]]></entry>
    <entry id="apostate+str_buff_random_party_member_focused"><![CDATA[你的名字在黑暗中被低语。你是最受祝福之人。]]></entry>
    <entry id="apostate+str_buff_party_powerful"><![CDATA[我们将了解不信之人们！]]></entry>
    <entry id="apostate+str_buff_party_powerful"><![CDATA[这是一道力量的祝福。不要质疑它的源头。]]></entry>
    <entry id="apostate+str_heal_self_vigorous"><![CDATA[我所受过的磨难使我做好了充分的准备。]]></entry>
    <entry id="apostate+str_heal_self_vigorous"><![CDATA[老方法仍然有些许优点。]]></entry>
    <entry id="apostate+str_bark_stress_fearful"><![CDATA[我们不应该遗弃圣火的！]]></entry>
    <entry id="apostate+str_bark_stress_fearful"><![CDATA[圣火只是一场骗局，但黑暗亦无法来带安慰。]]></entry>
    <entry id="apostate+str_bark_stress_fearful"><![CDATA[阴影带着无名的恐惧爬行着。我还以为我已经准备好了！]]></entry>
    <entry id="apostate+str_bark_stress_paranoid"><![CDATA[那块石头……它在看着我！]]></entry>
    <entry id="apostate+str_bark_stress_paranoid"><![CDATA[一定要注意他们的眼睛。他们全都知道我的誓言……]]></entry>
    <entry id="apostate+str_bark_stress_paranoid"><![CDATA[这里有一种存在。而它在玩弄我们！]]></entry>
    <entry id="apostate+str_bark_stress_masochistic"><![CDATA[只有通过痛苦我们才能知晓宽恕！]]></entry>
    <entry id="apostate+str_bark_stress_masochistic"><![CDATA[痛苦只能证明我的热诚！]]></entry>
    <entry id="apostate+str_bark_stress_masochistic"><![CDATA[只有不忠之人才会怕死！]]></entry>
    <entry id="apostate+str_bark_stress_abusive"><![CDATA[即使是耐心到令人作呕的教会也会拒绝你。]]></entry>
    <entry id="apostate+str_bark_stress_abusive"><![CDATA[就算真相直接扇在你的脸上，你这些傻瓜也认不出来！]]></entry>
    <entry id="apostate+str_bark_stress_abusive"><![CDATA[你连最初的测验都活不过去。真是可怜。]]></entry>
    <entry id="apostate+str_bark_stress_selfish"><![CDATA[我会接受一切，包括你的未来。]]></entry>
    <entry id="apostate+str_bark_stress_selfish"><![CDATA[你的哭声扰乱了我的注意力！别再哭哭啼啼了！]]></entry>
    <entry id="apostate+str_bark_stress_selfish"><![CDATA[我会把你的本质融入到我的之中。]]></entry>
    <entry id="apostate+str_bark_stress_depressed"><![CDATA[他们为什么要抛弃我？]]></entry>
    <entry id="apostate+str_bark_stress_depressed"><![CDATA[你带有恐惧地望着我，而我却无能为力。]]></entry>
    <entry id="apostate+str_bark_stress_depressed"><![CDATA[我试图控制黑暗，但现在它却吞入了我。]]></entry>
    <entry id="apostate+str_bark_stress_irrational"><![CDATA[你在用我的舌头说话！我必须把它取下来！]]></entry>
    <entry id="apostate+str_bark_stress_irrational"><![CDATA[我的血肉变成了黑色！我即是深渊！]]></entry>
    <entry id="apostate+str_bark_stress_irrational"><![CDATA[你只不过是个孩子！没有母亲的孩子！]]></entry>
    <entry id="apostate+str_change_pos_back_fearful"><![CDATA[我无法应对他们！]]></entry>
    <entry id="apostate+str_change_pos_back_fearful"><![CDATA[不！不！他们太强大了！]]></entry>
    <entry id="apostate+str_change_pos_back_fearful"><![CDATA[退后！我们面临的是毁灭！]]></entry>
    <entry id="apostate+str_change_pos_back_paranoid"><![CDATA[呆在我能看见你的地方！]]></entry>
    <entry id="apostate+str_change_pos_back_paranoid"><![CDATA[退后！他们会拿下我们的！]]></entry>
    <entry id="apostate+str_change_pos_back_paranoid"><![CDATA[你会在我背后捅我一刀！我知道你的想法！]]></entry>
    <entry id="apostate+str_change_pos_fwd_masochistic"><![CDATA[深渊呼唤着我——我渴望再次一瞥深渊！]]></entry>
    <entry id="apostate+str_change_pos_fwd_masochistic"><![CDATA[让痛苦向我述说！]]></entry>
    <entry id="apostate+str_change_pos_fwd_masochistic"><![CDATA[他们可能会伤害我，但我会撕碎他们的最纯粹的本质！]]></entry>
    <entry id="apostate+str_change_pos_fwd_irrational"><![CDATA[一场派对！我们可否起舞？]]></entry>
    <entry id="apostate+str_change_pos_fwd_irrational"><![CDATA[我饿了！我不能再排更久的队了！]]></entry>
    <entry id="apostate+str_change_pos_fwd_irrational"><![CDATA[让我过去！他们会原谅我的叛教的！]]></entry>
    <entry id="apostate+str_change_pos_back_irrational"><![CDATA[韵文段数为36，星座数也是如此！]]></entry>
    <entry id="apostate+str_change_pos_back_irrational"><![CDATA[空中回荡着音乐！啦，啦——噜, 啦——噜哦咿哦啊！]]></entry>
    <entry id="apostate+str_change_pos_back_irrational"><![CDATA[挽住我的胳膊，像散步时的女士们一样！太好了！]]></entry>
    <entry id="apostate+str_change_pos_fwd_depressed"><![CDATA[真相？又一个谎言罢了。我们一无所知，我的信仰已经所剩无几了。]]></entry>
    <entry id="apostate+str_change_pos_fwd_depressed"><![CDATA[为什么要延缓不可避免之事？]]></entry>
    <entry id="apostate+str_change_pos_fwd_depressed"><![CDATA[生命的，或者信仰的意义是什么？]]></entry>
    <entry id="apostate+str_change_pos_back_depressed"><![CDATA[我不配。我不应该在这里。]]></entry>
    <entry id="apostate+str_change_pos_back_depressed"><![CDATA[我无法领队。我太……缺乏经验了。]]></entry>
    <entry id="apostate+str_change_pos_back_depressed"><![CDATA[接替我的位置吧。你比我更强大。]]></entry>
    <entry id="apostate+str_change_pos_fwd_selfish"><![CDATA[我是天选之人！]]></entry>
    <entry id="apostate+str_change_pos_fwd_selfish"><![CDATA[他们的灵魂必须受到折磨！]]></entry>
    <entry id="apostate+str_change_pos_fwd_selfish"><![CDATA[我看不到敌人了！让开！]]></entry>
    <entry id="apostate+str_change_pos_back_selfish"><![CDATA[如果我不被打扰，成功就会有所保障。]]></entry>
    <entry id="apostate+str_change_pos_back_selfish"><![CDATA[你无法理解我的重要性。]]></entry>
    <entry id="apostate+str_change_pos_back_selfish"><![CDATA[保护我！你的牺牲不会被遗忘的。]]></entry>
    <entry id="apostate+str_ignore_command_fearful"><![CDATA[黑暗的低语束缚着我！我失去了控制！]]></entry>
    <entry id="apostate+str_ignore_command_fearful"><![CDATA[黑暗……那我无法控制的事物。]]></entry>
    <entry id="apostate+str_ignore_command_fearful"><![CDATA[我……动不了了……保护我！]]></entry>
    <entry id="apostate+str_ignore_command_paranoid"><![CDATA[只有我才是真理的承载者！]]></entry>
    <entry id="apostate+str_ignore_command_paranoid"><![CDATA[经文主张的是耐心！我不会违抗它们的！]]></entry>
    <entry id="apostate+str_ignore_command_paranoid"><![CDATA[黑暗在刷花招，我会撑住的。]]></entry>
    <entry id="apostate+str_ignore_command_selfish"><![CDATA[只有我的信仰才是公正的尺度！]]></entry>
    <entry id="apostate+str_ignore_command_selfish"><![CDATA[我要走我自己的道路！]]></entry>
    <entry id="apostate+str_ignore_command_selfish"><![CDATA[不。现在还不是时候。]]></entry>
    <entry id="apostate+str_ignore_command_depressed"><![CDATA[这是无望的。]]></entry>
    <entry id="apostate+str_ignore_command_depressed"><![CDATA[现在光和影都救不了我们了。]]></entry>
    <entry id="apostate+str_ignore_command_depressed"><![CDATA[你自己去扑灭圣火吧。我再也不在乎了。]]></entry>
    <entry id="apostate+str_ignore_command_irrational"><![CDATA[安静点，砖块在歌唱！]]></entry>
    <entry id="apostate+str_ignore_command_irrational"><![CDATA[不！主教会失望的！]]></entry>
    <entry id="apostate+str_ignore_command_irrational"><![CDATA[我不能！修女们会再次拒绝我的！]]></entry>
    <entry id="apostate+str_random_command_paranoid"><![CDATA[我不是羔羊——我是狼！]]></entry>
    <entry id="apostate+str_random_command_paranoid"><![CDATA[我可以自己做决定！我又不是洗碗的女工！]]></entry>
    <entry id="apostate+str_random_command_paranoid"><![CDATA[放开手！我能自己做决策，还真是谢谢您嘞！]]></entry>
    <entry id="apostate+str_random_command_masochistic"><![CDATA[我享受我的考验，我享受我的伤口！]]></entry>
    <entry id="apostate+str_random_command_masochistic"><![CDATA[挥洒我的鲜血吧！它的纯洁将为你驱魔！]]></entry>
    <entry id="apostate+str_random_command_masochistic"><![CDATA[我把自己猛击在信仰的祭坛上！]]></entry>
    <entry id="apostate+str_random_command_abusive"><![CDATA[惩罚会一直持续到你接受真相为止！]]></entry>
    <entry id="apostate+str_random_command_abusive"><![CDATA[我驱逐你，不信之人！]]></entry>
    <entry id="apostate+str_random_command_abusive"><![CDATA[一群羔羊而已。狼是不会向羊群展露怜悯的。]]></entry>
    <entry id="apostate+str_random_command_selfish"><![CDATA[酬劳只属于我一个人！]]></entry>
    <entry id="apostate+str_random_command_selfish"><![CDATA[我的力量是付出了巨大的代价才取得的。我想怎么使用就怎么使用。]]></entry>
    <entry id="apostate+str_random_command_selfish"><![CDATA[只有经文才能命令我。其他人都没有这个权利。]]></entry>
    <entry id="apostate+str_random_command_depressed"><![CDATA[我只是黑暗中的一个影子——自身空无一物。]]></entry>
    <entry id="apostate+str_random_command_depressed"><![CDATA[I我不是英雄！只是一个穿大女人衣服的小女孩！]]></entry>
    <entry id="apostate+str_random_command_depressed"><![CDATA[匮乏的经验导致糟糕的决定……]]></entry>
    <entry id="apostate+str_random_command_irrational"><![CDATA[群星和太阳散发的都是同样的光明，但我都看不到……]]></entry>
    <entry id="apostate+str_random_command_irrational"><![CDATA[一片果园里的一棵发育不良的树……]]></entry>
    <entry id="apostate+str_random_command_irrational"><![CDATA[圣火闪烁……暗影服从。]]></entry>
    <entry id="apostate+str_random_command_irrational"><![CDATA[阴是光的孩子……]]></entry>
    <entry id="apostate+str_bark_stress_camp_fearful"><![CDATA[这些影子和在和另一个主人跳舞。]]></entry>
    <entry id="apostate+str_bark_stress_camp_fearful"><![CDATA[我看到了一阵幻象！我们的死亡迫在眉睫！]]></entry>
    <entry id="apostate+str_bark_stress_camp_fearful"><![CDATA[我听到了痛苦和悲惨的低语！]]></entry>
    <entry id="apostate+str_bark_stress_camp_paranoid"><![CDATA[阴谋，围满了我的四周……]]></entry>
    <entry id="apostate+str_bark_stress_camp_paranoid"><![CDATA[有东西在我的余光掠过。我定睛一看，它却消失了。]]></entry>
    <entry id="apostate+str_bark_stress_camp_paranoid"><![CDATA[你们这些叛徒在密谋对付你们无法理解的力量。]]></entry>
    <entry id="apostate+str_bark_stress_camp_paranoid"><![CDATA[主教知道我的想法！我的疑虑！]]></entry>
    <entry id="apostate+str_bark_stress_camp_masochistic"><![CDATA[痛苦是通往真理的大门！]]></entry>
    <entry id="apostate+str_bark_stress_camp_masochistic"><![CDATA[我们今天就将死去。而你，也将，看到深渊。]]></entry>
    <entry id="apostate+str_bark_stress_camp_masochistic"><![CDATA[只有接触过死亡，我们才能真正地了解生命。]]></entry>
    <entry id="apostate+str_bark_stress_camp_abusive"><![CDATA[如果你们挡了我的路，我就会把你们尽数击倒。]]></entry>
    <entry id="apostate+str_bark_stress_camp_abusive"><![CDATA[安静！你们这些杂种打断了我的祈祷。]]></entry>
    <entry id="apostate+str_bark_stress_camp_abusive"><![CDATA[你认为圣光会保护你吗？你和主教一样天真。]]></entry>
    <entry id="apostate+str_bark_stress_camp_selfish"><![CDATA[只有我一个人让这群可怜的人团结起来。]]></entry>
    <entry id="apostate+str_bark_stress_camp_selfish"><![CDATA[你们这些不信之人不配分得你们的那份食物，把它给我。]]></entry>
    <entry id="apostate+str_bark_stress_camp_selfish"><![CDATA[经书将告诉你永远都不会知晓的秘密。]]></entry>
    <entry id="apostate+str_bark_stress_camp_depressed"><![CDATA[即使是最新的典籍也不在会有共鸣，万物皆失……]]></entry>
    <entry id="apostate+str_bark_stress_camp_depressed"><![CDATA[我的疑虑化为了泡影。现在想办法回归光明会太迟了吗？]]></entry>
    <entry id="apostate+str_bark_stress_camp_depressed"><![CDATA[主教是对的。这些书本保持封锁并远离世人的。]]></entry>
    <entry id="apostate+str_bark_stress_camp_irrational"><![CDATA[快，把典籍藏起来，我听见主教正在接近！]]></entry>
    <entry id="apostate+str_bark_stress_camp_irrational"><![CDATA[我们不能否认自己的本性。这些长袍可以被脱下来，你懂得……]]></entry>
    <entry id="apostate+str_bark_stress_camp_irrational"><![CDATA[自残是最神圣的行为。有人要试试吗？]]></entry>
    <entry id="apostate+str_mark_self_masochistic"><![CDATA[为我展现深渊吧！痛苦是有价值的力量！]]></entry>
    <entry id="apostate+str_mark_self_masochistic"><![CDATA[我的血会净化你！]]></entry>
    <entry id="apostate+str_mark_self_depressed"><![CDATA[主教是对的。我不配有生命。]]></entry>
    <entry id="apostate+str_mark_self_depressed"><![CDATA[我应该在修道院把我们赶出去的时候就停下来的。]]></entry>
    <entry id="apostate+str_mark_self_irrational"><![CDATA[吾即火焰！熄灭吾之谎言！]]></entry>
    <entry id="apostate+str_mark_self_irrational"><![CDATA[你想看到力量吗？杀了我，然后绝望吧。]]></entry>
    <entry id="apostate+str_attack_friendly_paranoid"><![CDATA[我不会袖手旁观，等待你着的背叛！]]></entry>
    <entry id="apostate+str_attack_friendly_paranoid"><![CDATA[我之前被背叛过一次。这次我要先发制人！]]></entry>
    <entry id="apostate+str_attack_friendly_abusive"><![CDATA[我所受的惩罚十分严重。而你应当遭受更糟的惩罚！]]></entry>
    <entry id="apostate+str_attack_friendly_abusive"><![CDATA[痛苦赋予了我们力量，而你却依旧软弱！]]></entry>
    <entry id="apostate+str_attack_friendly_irrational"><![CDATA[真相就在你的内心——它必须被揭露！]]></entry>
    <entry id="apostate+str_attack_friendly_irrational"><![CDATA[主教回来了！让他安静下来！]]></entry>
    <entry id="apostate+str_attack_self_masochistic"><![CDATA[通过牺牲获得力量！]]></entry>
    <entry id="apostate+str_attack_self_masochistic"><![CDATA[这些鲜血给你了！现在赋予我力量吧！]]></entry>
    <entry id="apostate+str_attack_self_depressed"><![CDATA[我不在乎审判了……我厌倦了被奴役。]]></entry>
    <entry id="apostate+str_attack_self_depressed"><![CDATA[圣火，吞噬我吧。我将服从。]]></entry>
    <entry id="apostate+str_attack_self_irrational"><![CDATA[阴影与死亡！]]></entry>
    <entry id="apostate+str_attack_self_irrational"><![CDATA[我活该如此。]]></entry>
    <entry id="apostate+str_block_combat_retreat_paranoid"><![CDATA[他们会告诉其他人——我不能允许！]]></entry>
    <entry id="apostate+str_block_combat_retreat_paranoid"><![CDATA[我们不能回去！我们身后有声音……]]></entry>
    <entry id="apostate+str_block_combat_retreat_depressed"><![CDATA[殉道是我所期望的最好的。]]></entry>
    <entry id="apostate+str_block_combat_retreat_depressed"><![CDATA[我对生命毫无尊重。也许我死后会变的尊重一些。]]></entry>
    <entry id="apostate+str_block_combat_retreat_masochistic"><![CDATA[疼痛的预感并不能阻止我。]]></entry>
    <entry id="apostate+str_block_combat_retreat_masochistic"><![CDATA[你应该比他们更怕我！]]></entry>
    <entry id="apostate+str_block_combat_retreat_irrational"><![CDATA[我将不再活在耻辱中！]]></entry>
    <entry id="apostate+str_block_combat_retreat_irrational"><![CDATA[我再也再逃进黑夜之中了！]]></entry>
    <entry id="apostate+str_comment_self_hit_fearful"><![CDATA[我们不能指望对抗这样的力量。]]></entry>
    <entry id="apostate+str_comment_self_hit_fearful"><![CDATA[我要崩溃了！]]></entry>
    <entry id="apostate+str_comment_self_hit_paranoid"><![CDATA[他们知道我的背叛！]]></entry>
    <entry id="apostate+str_comment_self_hit_paranoid"><![CDATA[他们在试图控制真相！]]></entry>
    <entry id="apostate+str_comment_self_hit_selfish"><![CDATA[为此，我要夺走你的灵魂！]]></entry>
    <entry id="apostate+str_comment_self_hit_selfish"><![CDATA[呃啊！就为了这些伤口，我需要更高的佣金！]]></entry>
    <entry id="apostate+str_comment_self_hit_masochistic"><![CDATA[（深吸气）太好了……再来！]]></entry>
    <entry id="apostate+str_comment_self_hit_masochistic"><![CDATA[这很痛，是的……但也……（祝福了她自己）]]></entry>
    <entry id="apostate+str_comment_self_hit_irrational"><![CDATA[主教！住手！]]></entry>
    <entry id="apostate+str_comment_self_hit_irrational"><![CDATA[拜托！对我好点，姐妹们！]]></entry>
    <entry id="apostate+str_comment_self_missed_fearful"><![CDATA[不！不，求你了，不！]]></entry>
    <entry id="apostate+str_comment_self_missed_fearful"><![CDATA[别管我！求你了！]]></entry>
    <entry id="apostate+str_comment_self_missed_paranoid"><![CDATA[我的力量正在吸引他们！他们能闻到它！]]></entry>
    <entry id="apostate+str_comment_self_missed_paranoid"><![CDATA[我不喜欢那个人看我的样子！]]></entry>
    <entry id="apostate+str_comment_self_missed_masochistic"><![CDATA[不！我必须要了解深渊！]]></entry>
    <entry id="apostate+str_comment_self_missed_masochistic"><![CDATA[不！黑暗在呼唤着我！]]></entry>
    <entry id="apostate+str_comment_self_missed_irrational"><![CDATA[求你了，主教，别再这样了——把你的手管好！]]></entry>
    <entry id="apostate+str_comment_self_missed_irrational"><![CDATA[他们害怕我的报复！]]></entry>
    <entry id="apostate+str_comment_ally_attack_hit_selfish"><![CDATA[让我杀了它！它的灵魂必须被我亲手毁灭！]]></entry>
    <entry id="apostate+str_comment_ally_attack_hit_selfish"><![CDATA[住手！我必须亲眼目睹它的逝去。]]></entry>
    <entry id="apostate+str_comment_ally_attack_hit_abusive"><![CDATA[你仍执着于光明。你将见证真正的力量！]]></entry>
    <entry id="apostate+str_comment_ally_attack_hit_abusive"><![CDATA[就连主教的攻击也比那更狠！]]></entry>
    <entry id="apostate+str_comment_ally_attack_hit_irrational"><![CDATA[妈妈——爸爸！太晚了！修道院把我带走了……]]></entry>
    <entry id="apostate+str_comment_ally_attack_hit_irrational"><![CDATA[哈！看看我告诉他们的时候他们脸上的表情！]]></entry>
    <entry id="apostate+str_comment_ally_attack_missed_fearful"><![CDATA[不！你可能已经毁了我们所有人！]]></entry>
    <entry id="apostate+str_comment_ally_attack_missed_fearful"><![CDATA[现在我知道我们的末日到来了……]]></entry>
    <entry id="apostate+str_comment_ally_attack_missed_paranoid"><![CDATA[当我看到一个骗子的时候我就能认出来。你故意失手的！]]></entry>
    <entry id="apostate+str_comment_ally_attack_missed_paranoid"><![CDATA[叛徒！你不可能这么容易就失手的！叛徒！]]></entry>
    <entry id="apostate+str_comment_ally_attack_missed_abusive"><![CDATA[修道院里的八岁女孩训练得都要更好……]]></entry>
    <entry id="apostate+str_comment_ally_attack_missed_abusive"><![CDATA[连小羊都能战斗得比你更好！]]></entry>
    <entry id="apostate+str_comment_ally_attack_missed_selfish"><![CDATA[我会把我的祝福留给那些值得的人。]]></entry>
    <entry id="apostate+str_comment_ally_attack_missed_selfish"><![CDATA[你的意思是想让我把所有的活都干了吗？]]></entry>
    <entry id="apostate+str_comment_ally_attack_missed_irrational"><![CDATA[但我只是个孩子。你怎么能这样责问我……怎么能……]]></entry>
    <entry id="apostate+str_comment_ally_attack_missed_irrational"><![CDATA[停止争吵，姐妹们，我们必须共同努力！]]></entry>
    <entry id="apostate+str_comment_ally_hit_fearful"><![CDATA[下一个将会是我，我非常确定。]]></entry>
    <entry id="apostate+str_comment_ally_hit_fearful"><![CDATA[他们，亦与，黑暗结盟。我对他们无能为力。]]></entry>
    <entry id="apostate+str_comment_ally_hit_paranoid"><![CDATA[有人训练过他们了……我们被骗了！]]></entry>
    <entry id="apostate+str_comment_ally_hit_paranoid"><![CDATA[你让自己被击中的……为什么要那样？]]></entry>
    <entry id="apostate+str_comment_ally_hit_masochistic"><![CDATA[是的……你的痛苦会让你强大。]]></entry>
    <entry id="apostate+str_comment_ally_hit_masochistic"><![CDATA[在被遗忘的绝壁上，你看到了什么？是荣耀吗？]]></entry>
    <entry id="apostate+str_comment_ally_hit_abusive"><![CDATA[你一有点小磕小绊就哭哭唧唧的。真是可悲。]]></entry>
    <entry id="apostate+str_comment_ally_hit_abusive"><![CDATA[你真是个扫把星。]]></entry>
    <entry id="apostate+str_comment_ally_hit_irrational"><![CDATA[你把葡萄酒弄洒了！]]></entry>
    <entry id="apostate+str_comment_ally_hit_irrational"><![CDATA[再打她一次，主教！]]></entry>
    <entry id="apostate+str_comment_ally_missed_fearful"><![CDATA[我以为我知晓绝望。]]></entry>
    <entry id="apostate+str_comment_ally_missed_fearful"><![CDATA[我多么渴望修道院里安全的谎言……]]></entry>
    <entry id="apostate+str_comment_ally_missed_paranoid"><![CDATA[当我看到一个骗子的时候我就能认出来。他们故意失手的！]]></entry>
    <entry id="apostate+str_comment_ally_missed_paranoid"><![CDATA[叛徒！他们不可能这么容易就失手的！叛徒！]]></entry>
    <entry id="apostate+str_comment_ally_missed_irrational"><![CDATA[我听到了关于姐妹情谊的歌曲。燃烧的女人……]]></entry>
    <entry id="apostate+str_comment_ally_missed_irrational"><![CDATA[主教不肯管好他的手。]]></entry>
    <entry id="apostate+str_block_move_fearful"><![CDATA[我们应该溃败而逃，而不是重振旗鼓！]]></entry>
    <entry id="apostate+str_block_move_fearful"><![CDATA[你不会让我走到危险的地方的！]]></entry>
    <entry id="apostate+str_block_move_paranoid"><![CDATA[我们必须安静——主教会看到的！]]></entry>
    <entry id="apostate+str_block_move_paranoid"><![CDATA[任何借口都会和处女搭上关系。即使是我的新袍子也不会制止。]]></entry>
    <entry id="apostate+str_block_move_masochistic"><![CDATA[这是对信仰的考验。我不会让步的！]]></entry>
    <entry id="apostate+str_block_move_masochistic"><![CDATA[我不会撤退，而你也不会！]]></entry>
    <entry id="apostate+str_block_move_abusive"><![CDATA[站定并接受你的命运！]]></entry>
    <entry id="apostate+str_block_move_abusive"><![CDATA[你所遭受的一切都是活该。]]></entry>
    <entry id="apostate+str_block_move_irrational"><![CDATA[没人能把这个爱管闲事的主教给除掉吗？]]></entry>
    <entry id="apostate+str_block_move_irrational"><![CDATA[黑暗中的低语！停下来，快听！]]></entry>
    <entry id="apostate+str_block_item_paranoid"><![CDATA[为什么？为了玷污我的纯洁？你这是嫉妒]]></entry>
    <entry id="apostate+str_block_item_paranoid"><![CDATA[走开！你是想毒死我！]]></entry>
    <entry id="apostate+str_block_item_masochistic"><![CDATA[我以痛苦为乐。这是便是我的教条之道。]]></entry>
    <entry id="apostate+str_block_item_masochistic"><![CDATA[让我先忍耐一下。它使我的灵魂恢复了活力。]]></entry>
    <entry id="apostate+str_block_item_depressed"><![CDATA[如果光靠真理还不够，那我们就已经迷失了。]]></entry>
    <entry id="apostate+str_block_item_depressed"><![CDATA[把它留给值得的人。]]></entry>
    <entry id="apostate+str_block_item_irrational"><![CDATA[我什么都不需要，连光明都不需要！哈哈哈……]]></entry>
    <entry id="apostate+str_block_item_irrational"><![CDATA[经文禁止这等抚慰之物。]]></entry>
    <entry id="apostate+str_block_heal_paranoid"><![CDATA[别碰我！这不是我们的方法！]]></entry>
    <entry id="apostate+str_block_heal_paranoid"><![CDATA[别这样愚蠢地行为分散我的注意力。]]></entry>
    <entry id="apostate+str_block_heal_paranoid"><![CDATA[你会把我推到悬崖之上的！]]></entry>
    <entry id="apostate+str_block_heal_masochistic"><![CDATA[不！我渴望深渊的力量！]]></entry>
    <entry id="apostate+str_block_heal_masochistic"><![CDATA[把你的手从我身上拿开……除非你想进一步伤害我！]]></entry>
    <entry id="apostate+str_block_heal_masochistic"><![CDATA[我的誓言要求我拒绝。你不会明白的。]]></entry>
    <entry id="apostate+str_block_heal_depressed"><![CDATA[这是我的命运，放手吧。]]></entry>
    <entry id="apostate+str_block_heal_depressed"><![CDATA[我不配得到你的怜悯。我一点怜悯也没展现出来。]]></entry>
    <entry id="apostate+str_block_heal_depressed"><![CDATA[我们都终将逝去。为什么还要等待？]]></entry>
    <entry id="apostate+str_block_heal_irrational"><![CDATA[到处都是群星——美丽又恐怖！]]></entry>
    <entry id="apostate+str_block_heal_irrational"><![CDATA[鞭子。猫。鞭挞。灾祸。]]></entry>
    <entry id="apostate+str_block_heal_irrational"><![CDATA[我只会拥抱阴影。]]></entry>
    <entry id="apostate+str_block_buff_paranoid"><![CDATA[不！你想削弱我！]]></entry>
    <entry id="apostate+str_block_buff_paranoid"><![CDATA[我不能相信你！]]></entry>
    <entry id="apostate+str_block_buff_paranoid"><![CDATA[你想提供援助吗？你在怀疑我的坚毅吗？]]></entry>
    <entry id="apostate+str_block_buff_masochistic"><![CDATA[退后！我的力量会随着我的伤口而增长！]]></entry>
    <entry id="apostate+str_block_buff_masochistic"><![CDATA[低语声在渴求我的鲜血！]]></entry>
    <entry id="apostate+str_block_buff_masochistic"><![CDATA[留着你的祝福！我们将在苦难中获得快感！]]></entry>
    <entry id="apostate+str_block_buff_depressed"><![CDATA[我自己的咒语就足够了。]]></entry>
    <entry id="apostate+str_block_buff_depressed"><![CDATA[停下来。我被污染够了……]]></entry>
    <entry id="apostate+str_block_buff_depressed"><![CDATA[随着每一个建议的提出，我的决心被腐化了……]]></entry>
    <entry id="apostate+str_block_buff_irrational"><![CDATA[我不能接受没有信仰之人的帮助……]]></entry>
    <entry id="apostate+str_block_buff_irrational"><![CDATA[我沉入到了黑湖之底。我迷失了……]]></entry>
    <entry id="apostate+str_block_buff_irrational"><![CDATA[我的皮肤在蠕动！变形！]]></entry>
    <entry id="apostate+str_block_camping_skill_performer_fearful"><![CDATA[我……我无法在战栗的时候诵读仪式……]]></entry>
    <entry id="apostate+str_block_camping_skill_performer_fearful"><![CDATA[它会引起不必要的注意的！]]></entry>
    <entry id="apostate+str_block_camping_skill_performer_fearful"><![CDATA[仪式是远远不够的——这种黑暗令人窒息！]]></entry>
    <entry id="apostate+str_block_camping_skill_performer_paranoid"><![CDATA[然后泄露我的秘密？我想不了吧。]]></entry>
    <entry id="apostate+str_block_camping_skill_performer_paranoid"><![CDATA[我是在操纵黑暗，或者我仅仅是它的傀儡？]]></entry>
    <entry id="apostate+str_block_camping_skill_performer_paranoid"><![CDATA[主教会蔑视我的叛教。]]></entry>
    <entry id="apostate+str_block_camping_skill_performer_masochistic"><![CDATA[在我的生命中，痛苦是一种有效的动力……]]></entry>
    <entry id="apostate+str_block_camping_skill_performer_masochistic"><![CDATA[我应当转而受鞭挞十下……]]></entry>
    <entry id="apostate+str_block_camping_skill_performer_masochistic"><![CDATA[与死亡的一场擦肩而过才能真正地净化灵魂。]]></entry>
    <entry id="apostate+str_block_camping_skill_performer_abusive"><![CDATA[够了！我受不了你那令人无法忍受的羊叫声了！]]></entry>
    <entry id="apostate+str_block_camping_skill_performer_abusive"><![CDATA[我不会浪费时间的，我对你力不从心。]]></entry>
    <entry id="apostate+str_block_camping_skill_performer_abusive"><![CDATA[你不配得到我的祝福！]]></entry>
    <entry id="apostate+str_block_camping_skill_performer_selfish"><![CDATA[我的祝福只会干扰到你。]]></entry>
    <entry id="apostate+str_block_camping_skill_performer_selfish"><![CDATA[我必须花更多的时间在我的诵读上。]]></entry>
    <entry id="apostate+str_block_camping_skill_performer_selfish"><![CDATA[我有很多的典籍要读。自己玩去吧。]]></entry>
    <entry id="apostate+str_block_camping_skill_performer_depressed"><![CDATA[现在世界上没有一种祈祷能起到任何作用了。]]></entry>
    <entry id="apostate+str_block_camping_skill_performer_depressed"><![CDATA[经文让我失望了；我是不是太草率了而不能熄灭圣火？]]></entry>
    <entry id="apostate+str_block_camping_skill_performer_depressed"><![CDATA[即使是真正的圣经也没有提到这等困境。]]></entry>
    <entry id="apostate+str_block_camping_skill_performer_irrational"><![CDATA[我的诗集在风中飘动——就像蝴蝶一样！]]></entry>
    <entry id="apostate+str_block_camping_skill_performer_irrational"><![CDATA[他们在修道院里面鞭挞我们，日以继夜……]]></entry>
    <entry id="apostate+str_block_camping_skill_performer_irrational"><![CDATA[主教禁止对这些典籍的阅读。]]></entry>
    <entry id="apostate+str_block_camping_skill_target_paranoid"><![CDATA[诗集第一百一十节：纯洁之人必需拒绝一切外人的礼物。]]></entry>
    <entry id="apostate+str_block_camping_skill_target_paranoid"><![CDATA[你是想哄骗我回到光明！]]></entry>
    <entry id="apostate+str_block_camping_skill_target_masochistic"><![CDATA[痛苦是一份礼物。我很珍惜它。]]></entry>
    <entry id="apostate+str_block_camping_skill_target_masochistic"><![CDATA[我还可以索取得更多。我不要求你的施舍。]]></entry>
    <entry id="apostate+str_block_camping_skill_target_abusive"><![CDATA[羔羊想要保护我？真是可笑。]]></entry>
    <entry id="apostate+str_block_camping_skill_target_abusive"><![CDATA[我已经受够了你的“睿智”了。]]></entry>
    <entry id="apostate+str_block_camping_skill_target_depressed"><![CDATA[光明不能照亮笼罩于黑暗中的人……]]></entry>
    <entry id="apostate+str_block_camping_skill_target_depressed"><![CDATA[我的人生，白费了。信仰中并没有力量。]]></entry>
    <entry id="apostate+str_block_camping_skill_target_irrational"><![CDATA[我再也不会回答你了，主教！]]></entry>
    <entry id="apostate+str_block_camping_skill_target_irrational"><![CDATA[你在说花言巧语！安静！]]></entry>
    <entry id="apostate+str_block_camping_meal_paranoid"><![CDATA[诗集禁止我吃这个……不管这是什么。]]></entry>
    <entry id="apostate+str_block_camping_meal_paranoid"><![CDATA[诗集中并没有提到过长毛的面包……哼……]]></entry>
    <entry id="apostate+str_block_camping_meal_masochistic"><![CDATA[“忍耐力”是我们教派的主旨……]]></entry>
    <entry id="apostate+str_block_camping_meal_masochistic"><![CDATA[我拒绝。我的信仰将滋养我。]]></entry>
    <entry id="apostate+str_block_camping_meal_depressed"><![CDATA[我不配，我们的任务还没有完成。]]></entry>
    <entry id="apostate+str_block_camping_meal_depressed"><![CDATA[我们可能永远无法走出这个迷宫。我们必须限定口粮。]]></entry>
    <entry id="apostate+str_block_camping_meal_irrational"><![CDATA[有些罪我还没有赎过。]]></entry>
    <entry id="apostate+str_block_camping_meal_irrational"><![CDATA[我不会吃那个的！它的上面挤满了成群的蜻蜓！]]></entry>

  </language>
</root>
