<?xml version="1.0" encoding="UTF-8"?>
<root>
  <language id="english">
    <entry id="str_cursed_ground_title"><![CDATA[Cursed Ground]]></entry>
	<entry id="str_cursed_ground_buff_curio_buff0"><![CDATA[Unholy Curios heal 20 Stress]]></entry>
	<entry id="buff_stat_tooltip_stress_heal_received_percent_hero_killing_blow"><![CDATA[%+d%% {colour_start|stress}Stress{colour_end} healed by Kill]]></entry>
	<entry id="buff_stat_tooltip_upgrade_discount_vv_District"><![CDATA[+20%% DMG if transformed]]></entry> 
	<entry id="buff_stat_tooltip_upgrade_discount_vv_District_2"><![CDATA[10 times idle {colour_start|stress}Stress{colour_end} relief in Town per week]]></entry> 
  </language>
  <language id="brazilian">
    <entry id="str_cursed_ground_title"><![CDATA[Cursed Ground]]></entry>
	<entry id="str_cursed_ground_buff_curio_buff0"><![CDATA[Unholy Curios heal 20 Stress]]></entry>
		<entry id="buff_stat_tooltip_stress_heal_received_percent_hero_killing_blow"><![CDATA[%+d%% {colour_start|stress}Stress{colour_end} healed by Kill]]></entry>
	<entry id="buff_stat_tooltip_upgrade_discount_vv_District"><![CDATA[+20%% DMG if transformed]]></entry> 
	<entry id="buff_stat_tooltip_upgrade_discount_vv_District_2"><![CDATA[10 times idle {colour_start|stress}Stress{colour_end} relief in Town per week]]></entry> 
  </language>
  <language id="czech">
   <entry id="str_cursed_ground_title"><![CDATA[Cursed Ground]]></entry>
	<entry id="str_cursed_ground_buff_curio_buff0"><![CDATA[Unholy Curios heal 20 Stress]]></entry>
		<entry id="buff_stat_tooltip_stress_heal_received_percent_hero_killing_blow"><![CDATA[%+d%% {colour_start|stress}Stress{colour_end} healed by Kill]]></entry>
	<entry id="buff_stat_tooltip_upgrade_discount_vv_District"><![CDATA[+20%% DMG if transformed]]></entry> 
	<entry id="buff_stat_tooltip_upgrade_discount_vv_District_2"><![CDATA[10 times idle {colour_start|stress}Stress{colour_end} relief in Town per week]]></entry> 
  </language>
  <language id="french">
    <entry id="str_cursed_ground_title"><![CDATA[Cursed Ground]]></entry>
	<entry id="str_cursed_ground_buff_curio_buff0"><![CDATA[Unholy Curios heal 20 Stress]]></entry>
		<entry id="buff_stat_tooltip_stress_heal_received_percent_hero_killing_blow"><![CDATA[%+d%% {colour_start|stress}Stress{colour_end} healed by Kill]]></entry>
	
	<entry id="buff_stat_tooltip_upgrade_discount_vv_District_2"><![CDATA[10 times idle {colour_start|stress}Stress{colour_end} relief in Town per week]]></entry> 
  </language>
  <language id="german">
    <entry id="str_cursed_ground_title"><![CDATA[Entweihter Boden]]></entry>
	<entry id="str_cursed_ground_buff_curio_buff0"><![CDATA[Unheilige Kurios heilen 20 Stress]]></entry>
	<entry id="buff_stat_tooltip_stress_heal_received_percent_hero_killing_blow"><![CDATA[%+d%% {colour_start|stress}Stress{colour_end} Heilung durch Tötungen]]></entry>
	<entry id="buff_stat_tooltip_upgrade_discount_vv_District"><![CDATA[+20%% SCHA wenn verwandelt]]></entry> 
	<entry id="buff_stat_tooltip_upgrade_discount_vv_District_2"><![CDATA[10 times idle {colour_start|stress}Stress{colour_end} relief in Town per week]]></entry> 
  </language>
  <language id="italian">
   <entry id="str_cursed_ground_title"><![CDATA[Cursed Ground]]></entry>
	<entry id="str_cursed_ground_buff_curio_buff0"><![CDATA[Unholy Curios heal 20 Stress]]></entry>
	<entry id="buff_stat_tooltip_stress_heal_received_percent_hero_killing_blow"><![CDATA[%+d%% {colour_start|stress}Stress{colour_end} healed by Kill]]></entry>
	
	<entry id="buff_stat_tooltip_upgrade_discount_vv_District_2"><![CDATA[10 times idle {colour_start|stress}Stress{colour_end} relief in Town per week]]></entry> 
  </language>
  <language id="koreana">
   <entry id="str_cursed_ground_title"><![CDATA[Cursed Ground]]></entry>
	<entry id="str_cursed_ground_buff_curio_buff0"><![CDATA[Unholy Curios heal 20 Stress]]></entry>
		<entry id="buff_stat_tooltip_stress_heal_received_percent_hero_killing_blow"><![CDATA[%+d%% {colour_start|stress}Stress{colour_end} healed by Kill]]></entry>
	
	<entry id="buff_stat_tooltip_upgrade_discount_vv_District_2"><![CDATA[10 times idle {colour_start|stress}Stress{colour_end} relief in Town per week]]></entry> 
  </language>
  <language id="polish">
   <entry id="str_cursed_ground_title"><![CDATA[Przeklęta Ziemia]]></entry>
    <entry id="str_cursed_ground_buff_curio_buff0"><![CDATA[Plugawe obiekty leczą 20 stresu]]></entry>
   	<entry id="buff_stat_tooltip_stress_heal_received_percent_hero_killing_blow"><![CDATA[%+d%% {colour_start|stress}Stress{colour_end} healed by Kill]]></entry>
	<entry id="buff_stat_tooltip_upgrade_discount_vv_District"><![CDATA[+20%% OBR jeśli transformowany]]></entry>
<entry id="buff_stat_tooltip_upgrade_discount_vv_District_2"><![CDATA[10 times idle {colour_start|stress}Stress{colour_end} relief in Town per week]]></entry> 	
  </language>
  <language id="russian">
    <entry id="str_cursed_ground_title"><![CDATA[Cursed Ground]]></entry>
	<entry id="str_cursed_ground_buff_curio_buff0"><![CDATA[Unholy Curios heal 20 Stress]]></entry>
	<entry id="buff_stat_tooltip_stress_heal_received_percent_hero_killing_blow"><![CDATA[%+d%% {colour_start|stress}Stress{colour_end} healed by Kill]]></entry>
	
	<entry id="buff_stat_tooltip_upgrade_discount_vv_District_2"><![CDATA[10 times idle {colour_start|stress}Stress{colour_end} relief in Town per week]]></entry> 
  </language>
  <language id="schinese">
    <entry id="str_cursed_ground_title"><![CDATA[诅咒坟地]]></entry>
	<entry id="str_cursed_ground_buff_curio_buff0"><![CDATA[邪秽类奇物治愈20点压力]]></entry>
	<entry id="buff_stat_tooltip_stress_heal_received_percent_hero_killing_blow"><![CDATA[%+d%%{colour_start|stress}压力{colour_end}治疗 来自击杀]]></entry>
	<entry id="buff_stat_tooltip_upgrade_discount_vv_District"><![CDATA[+20%%伤害 如果变身]]></entry>
<entry id="buff_stat_tooltip_upgrade_discount_vv_District_2"><![CDATA[在城镇闲置的英雄的每周{colour_start|stress}减压{colour_end}增加10倍]]></entry> 	
  </language>
  <language id="spanish">
    <entry id="str_cursed_ground_title"><![CDATA[Tierra Maldita]]></entry>
    <entry id="str_cursed_ground_buff_curio_buff0"><![CDATA[Investigación impía sana 20 Stress]]></entry>
   	<entry id="buff_stat_tooltip_stress_heal_received_percent_hero_killing_blow"><![CDATA[%+d%% {colour_start|stress}Stress{colour_end} healed by Kill]]></entry>
	<entry id="buff_stat_tooltip_upgrade_discount_vv_District"><![CDATA[+20%% DMG transformado]]></entry>
	<entry id="buff_stat_tooltip_upgrade_discount_vv_District_2"><![CDATA[10 times idle {colour_start|stress}Stress{colour_end} relief in Town per week]]></entry> 
  </language>
  <language id="tchinese">
    <entry id="str_cursed_ground_title"><![CDATA[Cursed Ground]]></entry>
	<entry id="str_cursed_ground_buff_curio_buff0"><![CDATA[Unholy Curios heal 20 Stress]]></entry>
	<entry id="buff_stat_tooltip_stress_heal_received_percent_hero_killing_blow"><![CDATA[%+d%% {colour_start|stress}Stress{colour_end} healed by Kill]]></entry>
	
	<entry id="buff_stat_tooltip_upgrade_discount_vv_District_2"><![CDATA[10 times idle {colour_start|stress}Stress{colour_end} relief in Town per week]]></entry> 
  </language>
</root>

