<?xml version="1.0" encoding="UTF-8"?>
<root>
  <language id="english">
<entry id="str_monstername_kraken_A"><![CDATA[克拉肯]]></entry>
<entry id="str_monstername_kraken_B"><![CDATA[深海克拉肯]]></entry>
<entry id="str_monstername_kraken_C"><![CDATA[克拉肯之王]]></entry>

<entry id="str_monstername_kraken_tentacle_A"><![CDATA[克拉肯的触手]]></entry>
<entry id="str_monstername_kraken_tentacle_B"><![CDATA[克拉肯的触手]]></entry>
<entry id="str_monstername_kraken_tentacle_C"><![CDATA[克拉肯的触手]]></entry>

<entry id="str_monstername_piranha_A"><![CDATA[食人鱼人]]></entry>
<entry id="str_monstername_piranha_B"><![CDATA[尖牙的食人鱼人]]></entry>
<entry id="str_monstername_piranha_C"><![CDATA[嗜血的食人鱼人]]></entry>

<entry id="str_monstername_blood_snail_A"><![CDATA[颅蛆虫]]></entry>
<entry id="str_monstername_blood_snail_B"><![CDATA[血腥颅蛆]]></entry>
<entry id="str_monstername_blood_snail_C"><![CDATA[猩红颅蛆]]></entry>

<entry id="str_monstername_ghost_pirate_A"><![CDATA[鬼魂海盗]]></entry>
<entry id="str_monstername_ghost_pirate_B"><![CDATA[死灵海盗]]></entry>
<entry id="str_monstername_ghost_pirate_C"><![CDATA[幽灵海盗]]></entry>


<entry id="str_monstername_water_hole"><![CDATA[水坑]]></entry>

<entry id="str_monstername_tentacle_A"><![CDATA[巨型触手]]></entry>
<entry id="str_monstername_tentacle_B"><![CDATA[巨型触手]]></entry>
<entry id="str_monstername_tentacle_C"><![CDATA[巨型触手]]></entry>

<entry id="str_monstername_eye_tentacle_A"><![CDATA[深渊之眼]]></entry>
<entry id="str_monstername_eye_tentacle_B"><![CDATA[深渊视者]]></entry>
<entry id="str_monstername_eye_tentacle_C"><![CDATA[监视者]]></entry>


<entry id="str_monster_skill_kraken_summon_tentacle"><![CDATA[克拉肯的触手]]></entry>
<entry id="str_monster_skill_kraken_strike"><![CDATA[怒涛猛起]]></entry>
<entry id="str_monster_skill_tentacle_grab"><![CDATA[触手抓取]]></entry>
<entry id="str_monster_skill_kraken_heal"><![CDATA[蓝色血液]]></entry>

<entry id="str_monster_skill_eye_tentacle_summon"><![CDATA[深海触手]]></entry>
<entry id="str_monster_skill_tentacle_eye_watching"><![CDATA[深渊监视]]></entry>
<entry id="str_monster_skill_tentacle_wrap"><![CDATA[触手捆绑]]></entry>
<entry id="str_monster_skill_tentacle_pounding"><![CDATA[拍打]]></entry>
<entry id="str_monster_skill_tentacle_grab"><![CDATA[触手抓取]]></entry>

<entry id="str_monster_skill_ghostly_slash"><![CDATA[幽灵斩击]]></entry>
<entry id="str_monster_skill_ghostly_slash_weak"><![CDATA[虚弱斩击]]></entry>
<entry id="str_monster_skill_ghostly_fade"><![CDATA[黑旗]]></entry>

<entry id="str_monster_skill_blood_snail_fear"><![CDATA[猩红惧潮]]></entry>

<entry id="str_monster_skill_piranha_bite"><![CDATA[啃口肥肉！]]></entry>
<entry id="str_monster_skill_piranha_bite_weak"><![CDATA[虚弱啃咬]]></entry>
      
<entry id="str_inventory_title_trinketboss_kraken"><![CDATA[克拉肯的触手]]></entry>


<entry id="str_caretaker_goal_plot_kill_kraken_1"><![CDATA[制服克拉肯]]></entry>
<entry id="str_caretaker_goal_plot_kill_kraken_2"><![CDATA[制服深海克拉肯]]></entry>
<entry id="str_caretaker_goal_plot_kill_kraken_3"><![CDATA[制服克拉肯之王]]></entry>

<entry id="str_embarked_on_plot_kill_kraken_1"><![CDATA[{?hero_names}%s深入海湾，决心捕获一头克拉肯。（{?difficulty}%s {?length}%s）]]></entry>
<entry id="str_embarked_on_plot_kill_kraken_2"><![CDATA[{?hero_names}%s深入海湾，决心捕获一头克拉肯。（{?difficulty}%s {?length}%s）]]></entry>
<entry id="str_embarked_on_plot_kill_kraken_3"><![CDATA[{?hero_names}%s深入海湾，决心捕获一头克拉肯。（{?difficulty}%s {?length}%s）]]></entry>

<entry id="str_returned_from_plot_kill_kraken_1_success"><![CDATA[{?hero_names}%s让克拉肯又沉回了深渊。今天晚上吃炸鱿鱼！（{?difficulty}%s {?length}%s)]]></entry>
<entry id="str_returned_from_plot_kill_kraken_2_success"><![CDATA[{?hero_names}%s让深海克拉肯又沉回了深渊。今天晚上吃炸鱿鱼！（{?difficulty}%s {?length}%s)]]></entry>
<entry id="str_returned_from_plot_kill_kraken_3_success"><![CDATA[{?hero_names}%s让克拉肯之王又沉回了深渊。今天晚上吃炸鱿鱼！({?difficulty}%s {?length}%s)]]></entry>

<entry id="town_quest_progress_plot_kill_kraken_1"><![CDATA[屠杀首领!]]></entry>
<entry id="town_quest_progress_plot_kill_kraken_2"><![CDATA[屠杀首领!]]></entry>
<entry id="town_quest_progress_plot_kill_kraken_3"><![CDATA[屠杀首领!]]></entry>


<entry id="town_quest_name_plot_kill_kraken_1"><![CDATA[杀死克拉肯]]></entry>
<entry id="town_quest_description_plot_kill_kraken_1"><![CDATA[幸存者能重述出的只有深渊之主的恐怖。一旦被释放，克拉肯将几乎统治整个海洋。它必须要被阻止。]]></entry>

<entry id="town_quest_name_plot_kill_kraken_2"><![CDATA[杀死深海克拉肯]]></entry>
<entry id="town_quest_description_plot_kill_kraken_2"><![CDATA[幸存者能重述出的只有深渊之主的恐怖。一旦被释放，克拉肯将几乎统治整个海洋。它必须要被阻止。]]></entry>

<entry id="town_quest_name_plot_kill_kraken_3"><![CDATA[杀死克拉肯之王]]></entry>
<entry id="town_quest_description_plot_kill_kraken_3"><![CDATA[幸存者能重述出的只有深渊之主的恐怖。一旦被释放，克拉肯将几乎统治整个海洋。它必须要被阻止。]]></entry>
      

<entry id="str_plot_kill_kraken_1_tip"><![CDATA[当克拉肯柔软的身体受到攻击时，它会畏缩。利用这个机会斩断它的一些触手！]]></entry>
<entry id="str_plot_kill_kraken_2_tip"><![CDATA[克拉肯的众多触手保护着它狡诈的身体。在它们压垮你之前把它们砍掉！]]></entry>
<entry id="str_plot_kill_kraken_3_tip"><![CDATA[别让克拉肯靠近你。它会变得愤怒，并释放出你不想面对的愤怒！]]></entry>



<entry id="str_returned_from_plot_kill_kraken_1_failure"><![CDATA[{?hero_names}%s被克拉肯缠绕住了。（{?difficulty}%s {?length}%s）]]></entry>
<entry id="str_returned_from_plot_kill_kraken_2_failure"><![CDATA[{?hero_names}%s被克拉肯缠绕住了。（{?difficulty}%s {?length}%s）]]></entry>
<entry id="str_returned_from_plot_kill_kraken_3_failure"><![CDATA[{?hero_names}%s被克拉肯缠绕住了。（{?difficulty}%s {?length}%s）]]></entry>

  </language>
</root>

