<?xml version="1.0" encoding="UTF-8"?>
<root>
  <language id="english">
 
    <entry id="town_event_title_plot_start_quest_kill_kraken_1"><![CDATA[兴风作浪的克拉肯]]></entry>
    <entry id="town_event_description_plot_start_quest_kill_kraken_1"><![CDATA[海湾的生灵们被一个未知的威胁聚集起来。醉酒的水手们都在滔滔不绝地谈论一个巨大的食人怪物的故事，这个怪物充满满了触手与恶意。“是一只克拉肯！”，他们低声说道。屠杀这头野兽！]]></entry>

	<entry id="town_event_title_event_quest_kill_king_kraken"><![CDATA[屠杀克拉肯之王]]></entry>
    <entry id="town_event_description_event_quest_kill_king_kraken"><![CDATA[不好！克拉肯之王再次出现在海岸外。这头可怕野兽的命比一只该死的猫的还要多！为了水手和女孩们，了结这个威胁！]]></entry>
   

<entry id="town_quest_name_event_kill_king_kraken"><![CDATA[屠杀克拉肯之王]]></entry>

<entry id="str_returned_from_event_kill_king_kraken_failure"><![CDATA[{?hero_names}%s被克拉肯缠绕住了。（{?difficulty}%s {?length}%s）]]></entry>   

<entry id="town_quest_description_event_kill_king_kraken"><![CDATA[不好！克拉肯之王再次出现在海岸外。这头可怕野兽的命比一只该死的猫的还要多！为了水手和女孩们，了结这个威胁！]]></entry>

  </language>

</root>

