<?xml version="1.0" encoding="UTF-8"?>
<root>
  <language id="english">
 <entry id="town_event_description_pet_store_is_open"><![CDATA[The Nomad is expanding her small shop with a Pet Store to match Pets with new owners! Donations help cover the cost of the store. Selection is limited! Pets change weekly!]]></entry>
 <entry id="town_event_info_pet_store_is_open"><![CDATA[A Pet Store is now available in the Nomad Wagon.]]></entry>
 <entry id="town_event_title_pet_store_is_open"><![CDATA[Can't Put A Price on Love]]></entry>
  </language>

  <language id="brazilian">
 <entry id="town_event_description_pet_store_is_open"><![CDATA[The Nomad is expanding her small shop with a Pet Store to match Pets with new owners! Donations help cover the cost of the store. Selection is limited! Pets change weekly!]]></entry>
 <entry id="town_event_info_pet_store_is_open"><![CDATA[A Pet Store is now available in the Nomad Wagon.]]></entry>
 <entry id="town_event_title_pet_store_is_open"><![CDATA[Can't Put A Price on Love]]></entry>
  </language>

  <language id="czech">
 <entry id="town_event_description_pet_store_is_open"><![CDATA[Cikánka rozšiřuje svůj malý obchod s obchodem pro domácí mazlíčky, aby spojila domácí zvířata s novými majiteli! Dary pomáhají pokrýt náklady obchodu. Výběr je omezen! Domácí mazlíčci se mění každý týden!]]></entry>
 <entry id="town_event_info_pet_store_is_open"><![CDATA[
Pet Nomad je nyní k dispozici ve voze Nomad.]]></entry>
 <entry id="town_event_title_pet_store_is_open"><![CDATA[Nelze dát cenu na lásku]]></entry>
  </language>

  <language id="french">
 <entry id="town_event_description_pet_store_is_open"><![CDATA[Le gitan agrandit son petit magasin avec une animalerie pour faire correspondre les animaux aux nouveaux propriétaires! Les dons aident à couvrir les coûts du magasin. La sélection est limitée! Les animaux changent chaque semaine!]]></entry>
 <entry id="town_event_info_pet_store_is_open"><![CDATA[
Une animalerie est maintenant disponible dans le Nomad Wagon.]]></entry>
 <entry id="town_event_title_pet_store_is_open"><![CDATA[
Impossible de mettre un prix sur l'amour]]></entry>
  </language>

  <language id="german">
 <entry id="town_event_description_pet_store_is_open"><![CDATA[Die Zigeunerin erweitert ihren kleinen Laden um eine Tierhandlung, um Haustiere mit neuen Besitzern zusammenzubringen! Spenden tragen zur Deckung der Kosten des Geschäfts bei. Auswahl ist begrenzt! Haustiere wechseln wöchentlich!]]></entry>
 <entry id="town_event_info_pet_store_is_open"><![CDATA[Eine Zoohandlung ist jetzt im Nomad Wagon verfügbar.]]></entry>
 <entry id="town_event_title_pet_store_is_open"><![CDATA[
Ich kann der Liebe keinen Preis geben]]></entry>
  </language>

  <language id="italian">
 <entry id="town_event_description_pet_store_is_open"><![CDATA[
La zingara sta espandendo il suo piccolo negozio con un negozio di animali per abbinare gli animali domestici con i nuovi proprietari! Le donazioni aiutano a coprire i costi del negozio. La selezione è limitata! Gli animali domestici cambiano settimanalmente!]]></entry>
 <entry id="town_event_info_pet_store_is_open"><![CDATA[
A Pet Store è ora disponibile in Nomad Wagon.]]></entry>
 <entry id="town_event_title_pet_store_is_open"><![CDATA[
Non posso dare un prezzo all'amore]]></entry>
  </language>

  <language id="japanese">
 <entry id="town_event_description_pet_store_is_open"><![CDATA[ジプシーは、ペットを新しい所有者と一致させるために、ペットショップを備えた小さな店を拡大しています！寄付は、店舗の費用を賄うのに役立ちます。選択は限られています！ペットは毎週変わります]]></entry>
 <entry id="town_event_info_pet_store_is_open"><![CDATA[ペットストアがNomad Wagonで利用可能になりました.]]></entry>
 <entry id="town_event_title_pet_store_is_open"><![CDATA[愛に値を付けることはできません]]></entry>
  </language>

  <language id="koreana">
 <entry id="town_event_description_pet_store_is_open"><![CDATA[집시는 애완 동물 상점과 함께 작은 가게를 확장하여 새로운 소유자와 애완 동물을 일치시킵니다! 기부금은 상점 비용을 충당하는 데 도움이됩니다. 선택이 제한되어 있습니다! 애완 동물은 매주 바뀝니다]]></entry>
 <entry id="town_event_info_pet_store_is_open"><![CDATA[
이제 애완 동물 가게가 Nomad Wagon 에서 가능합니다.]]></entry>
 <entry id="town_event_title_pet_store_is_open"><![CDATA[사랑에 대가를 치를 수 없다]]></entry>
  </language>

  <language id="koreanb">
 <entry id="town_event_description_pet_store_is_open"><![CDATA[The Nomad is expanding her small shop with a Pet Store to match Pets with new owners! Donations help cover the cost of the store. Selection is limited! Pets change weekly!]]></entry>
 <entry id="town_event_info_pet_store_is_open"><![CDATA[A Pet Store is now available in the Nomad Wagon.]]></entry>
 <entry id="town_event_title_pet_store_is_open"><![CDATA[Can't Put A Price on Love]]></entry>
  </language>

  <language id="polish">
 <entry id="town_event_description_pet_store_is_open"><![CDATA[
Cyganka rozszerza swój mały sklep o sklep zoologiczny, aby dopasować Zwierzęta do nowych właścicieli! Darowizny pomagają pokryć koszty sklepu. Wybór jest ograniczony! Zwierzęta zmieniają się co tydzień]]></entry>
 <entry id="town_event_info_pet_store_is_open"><![CDATA[
Sklep zoologiczny jest teraz dostępny w Nomad Wagon.]]></entry>
 <entry id="town_event_title_pet_store_is_open"><![CDATA[Nie można wycenić miłości]]></entry>
  </language>

  <language id="russian">
 <entry id="town_event_description_pet_store_is_open"><![CDATA[Цыганка расширяет свой маленький магазин за счет зоомагазина, чтобы соответствовать Pets с новыми владельцами! Пожертвования помогают покрыть стоимость магазина. Выбор ограничен! Домашние животные меняются еженедельно]]></entry>
 <entry id="town_event_info_pet_store_is_open"><![CDATA[
Зоомагазин теперь доступен в универсале Nomad.]]></entry>
 <entry id="town_event_title_pet_store_is_open"><![CDATA[Не могу установить цену любви]]></entry>
  </language>

  <language id="schinese">
 <entry id="town_event_description_pet_store_is_open"><![CDATA[游牧人正在通过一个来给宠物配对新主人宠物商店扩展她的小店！捐款帮助将替代商店的花销。选择是有限的！宠物们每周更换一次！]]></entry>
 <entry id="town_event_info_pet_store_is_open"><![CDATA[游牧马车现已开启一个宠物商店。]]></entry>
 <entry id="town_event_title_pet_store_is_open"><![CDATA[不能为爱标价]]></entry>
  </language>

  <language id="tchinese">
 <entry id="town_event_description_pet_store_is_open"><![CDATA[The Nomad is expanding her small shop with a Pet Store to match Pets with new owners! Donations help cover the cost of the store. Selection is limited! Pets change weekly!]]></entry>
 <entry id="town_event_info_pet_store_is_open"><![CDATA[A Pet Store is now available in the Nomad Wagon.]]></entry>
 <entry id="town_event_title_pet_store_is_open"><![CDATA[Can't Put A Price on Love]]></entry>
  </language>

  <language id="spanish">
 <entry id="town_event_description_pet_store_is_open"><![CDATA[
¡La gitana está expandiendo su pequeña tienda con una tienda de mascotas para unir a las mascotas con los nuevos propietarios! Las donaciones ayudan a cubrir el costo de la tienda. ¡La selección es limitada! ¡Las mascotas cambian semanalmente!]]></entry>
 <entry id="town_event_info_pet_store_is_open"><![CDATA[
Una tienda de mascotas ya está disponible en el vagón nómada.]]></entry>
 <entry id="town_event_title_pet_store_is_open"><![CDATA[No puedo ponerle precio al amor]]></entry>
  </language>



</root>

