<?xml version="1.0" encoding="UTF-8"?>
<root>
  <language id="english">
  
	
	<entry id="trinket_was_hit_additional_effects"><![CDATA[Was Hit:]]></entry>
    <entry id="trinket_rarity_sakura"><![CDATA[Sunward]]></entry>

	<!--Cure Chance-->
	
	
	<!--Misc-->
	<entry id="buff_stat_tooltip_combat_stat_add_damage_high"><![CDATA[%+d DMG]]></entry>
    <entry id="buff_stat_tooltip_combat_stat_add_damage_low"><![CDATA[%+d DMG]]></entry>
	<entry id="buff_stat_tooltip_combat_stat_multiply_defense_rating"><![CDATA[%+d%% DODGE]]></entry>
	<entry id="buff_rule_tooltip_is_guarding"><![CDATA[%s when {colour_start|guard}Guarding{colour_end}]]></entry>
	<entry id="buff_rule_tooltip_is_guarding"><![CDATA[%s when {colour_start|guard}Guarding{colour_end}]]></entry>
	<entry id="buff_rule_tooltip_is_guarding_false"><![CDATA[%s when not {colour_start|guard}Guarding{colour_end}]]></entry>
	<entry id="buff_rule_tooltip_is_guarded_false"><![CDATA[%s when not {colour_start|guard}Guarded{colour_end}]]></entry>

	<entry id="tray_icon_tooltip_buff_duration_none_format"><![CDATA[%s]]></entry>
	<entry id="buff_stat_tooltip_combat_stat_add_max_hp"><![CDATA[%+d MAX HP]]></entry>
	<!--Durations and amount change--->
    <entry id="buff_stat_tooltip_hp_dot_bleed_duration_percent"><![CDATA[%+d%% {colour_start|bleed}Bleed{colour_end} Duration]]></entry>
    <entry id="buff_stat_tooltip_hp_dot_bleed_duration_received_percent"><![CDATA[%+d%% Received {colour_start|bleed}Bleed{colour_end} Duration]]></entry>
    <entry id="buff_stat_tooltip_hp_dot_bleed_amount_percent"><![CDATA[%+d%% {colour_start|bleed}Bleed{colour_end} Amount]]></entry>
    <entry id="buff_stat_tooltip_hp_dot_bleed_amount_received_percent"><![CDATA[%+d%% Received {colour_start|bleed}Bleed{colour_end} Amount]]></entry>
    <entry id="buff_stat_tooltip_guard_duration_percent"><![CDATA[%+d%% {colour_start|guard}Guard Duration{colour_end}]]></entry>
    <entry id="buff_stat_tooltip_guard_duration_received_percent"><![CDATA[%+d%% {colour_start|guard}Guard{colour_end} Duration Received]]></entry>
	
    <entry id="buff_stat_tooltip_hp_dot_poison_duration_percent"><![CDATA[%+d%% {colour_start|blight}Blight{colour_end} Duration]]></entry>
    <entry id="buff_stat_tooltip_hp_dot_poison_duration_received_percent"><![CDATA[%+d%% Received {colour_start|blight}Blight{colour_end} Duration]]></entry>
    <entry id="buff_stat_tooltip_hp_dot_poison_amount_percent"><![CDATA[%+d%% {colour_start|blight}Blight{colour_end} Amount]]></entry>
    <entry id="buff_stat_tooltip_hp_dot_poison_amount_received_percent"><![CDATA[%+d%% {colour_start|blight}Blight{colour_end} Amount Received]]></entry>
	<entry id="buff_stat_tooltip_hp_heal_dot_amount_received_percent"><![CDATA[%+d%% {colour_start|healhp}Restoration{colour_end} Amount Received]]></entry>

	<!---HPBelow/Above--->
    <entry id="buff_rule_tooltip_hpabove"><![CDATA[{?string1}%s if HP above {?percent1}%d%%]]></entry>
    <entry id="buff_rule_tooltip_hpabove_false"><![CDATA[{?string1}%s if HP not above {?decimal1}%d%%]]></entry>
    <entry id="buff_rule_tooltip_hpbelow"><![CDATA[{?string1}%s if HP below {?percent1}%d%%]]></entry>
    <entry id="buff_rule_tooltip_hpbelow_false"><![CDATA[{?string1}%s if HP not below {?decimal1}%d%%]]></entry>
    <entry id="buff_rule_tooltip_target_hpabove"><![CDATA[{?string1}%s if Target HP above {?percent1}%d%%]]></entry>
    <entry id="buff_rule_tooltip_target_hpabove_false"><![CDATA[{?string1}%s if Target HP not above {?decimal1}%d%%]]></entry>
    <entry id="buff_rule_tooltip_target_hpbelow"><![CDATA[{?string1}%s if Target HP below {?percent1}%d%%]]></entry>
    <entry id="buff_rule_tooltip_target_hpbelow_false"><![CDATA[{?string1}%s if Target HP not below {?decimal1}%d%%]]></entry>
	
	
	<!-- Skill tooltips -->
	<entry id="effect_tooltip_target_group_other"><![CDATA[Other Enemies:]]></entry>
	<entry id="effect_tooltip_clear_stress_dot"><![CDATA[Clear {colour_start|stress}Horror {colour_end}]]></entry>
	<entry id="tray_icon_tooltip_hp_heal_dot_format"><![CDATA[%d HP per rd (%d rds)]]></entry>

  </language>
    <language id="spanish">
  
	
	<entry id="trinket_was_hit_additional_effects"><![CDATA[Was Hit:]]></entry>
    <entry id="trinket_rarity_sakura"><![CDATA[Sunward]]></entry>

	<!--Cure Chance-->
	
	
	<!--Misc-->
	<entry id="buff_stat_tooltip_combat_stat_add_damage_high"><![CDATA[%+d DMG]]></entry>
    <entry id="buff_stat_tooltip_combat_stat_add_damage_low"><![CDATA[%+d DMG]]></entry>
	<entry id="buff_stat_tooltip_combat_stat_multiply_defense_rating"><![CDATA[%+d%% DODGE]]></entry>
	<entry id="buff_rule_tooltip_is_guarding"><![CDATA[%s when {colour_start|guard}Guarding{colour_end}]]></entry>
	<entry id="buff_rule_tooltip_is_guarding"><![CDATA[%s when {colour_start|guard}Guarding{colour_end}]]></entry>
	<entry id="buff_rule_tooltip_is_guarding_false"><![CDATA[%s when not {colour_start|guard}Guarding{colour_end}]]></entry>
	<entry id="buff_rule_tooltip_is_guarded_false"><![CDATA[%s when not {colour_start|guard}Guarded{colour_end}]]></entry>

	<entry id="tray_icon_tooltip_buff_duration_none_format"><![CDATA[%s]]></entry>
	<entry id="buff_stat_tooltip_combat_stat_add_max_hp"><![CDATA[%+d MAX HP]]></entry>
	<!--Durations and amount change--->
    <entry id="buff_stat_tooltip_hp_dot_bleed_duration_percent"><![CDATA[%+d%% {colour_start|bleed}Bleed{colour_end} Duration]]></entry>
    <entry id="buff_stat_tooltip_hp_dot_bleed_duration_received_percent"><![CDATA[%+d%% Received {colour_start|bleed}Bleed{colour_end} Duration]]></entry>
    <entry id="buff_stat_tooltip_hp_dot_bleed_amount_percent"><![CDATA[%+d%% {colour_start|bleed}Bleed{colour_end} Amount]]></entry>
    <entry id="buff_stat_tooltip_hp_dot_bleed_amount_received_percent"><![CDATA[%+d%% Received {colour_start|bleed}Bleed{colour_end} Amount]]></entry>
    <entry id="buff_stat_tooltip_guard_duration_percent"><![CDATA[%+d%% {colour_start|guard}Guard Duration{colour_end}]]></entry>
    <entry id="buff_stat_tooltip_guard_duration_received_percent"><![CDATA[%+d%% {colour_start|guard}Guard{colour_end} Duration Received]]></entry>
	
    <entry id="buff_stat_tooltip_hp_dot_poison_duration_percent"><![CDATA[%+d%% {colour_start|blight}Blight{colour_end} Duration]]></entry>
    <entry id="buff_stat_tooltip_hp_dot_poison_duration_received_percent"><![CDATA[%+d%% Received {colour_start|blight}Blight{colour_end} Duration]]></entry>
    <entry id="buff_stat_tooltip_hp_dot_poison_amount_percent"><![CDATA[%+d%% {colour_start|blight}Blight{colour_end} Amount]]></entry>
    <entry id="buff_stat_tooltip_hp_dot_poison_amount_received_percent"><![CDATA[%+d%% {colour_start|blight}Blight{colour_end} Amount Received]]></entry>
	<entry id="buff_stat_tooltip_hp_heal_dot_amount_received_percent"><![CDATA[%+d%% {colour_start|healhp}Restoration{colour_end} Amount Received]]></entry>

	<!---HPBelow/Above--->
    <entry id="buff_rule_tooltip_hpabove"><![CDATA[{?string1}%s if HP above {?percent1}%d%%]]></entry>
    <entry id="buff_rule_tooltip_hpabove_false"><![CDATA[{?string1}%s if HP not above {?decimal1}%d%%]]></entry>
    <entry id="buff_rule_tooltip_hpbelow"><![CDATA[{?string1}%s if HP below {?percent1}%d%%]]></entry>
    <entry id="buff_rule_tooltip_hpbelow_false"><![CDATA[{?string1}%s if HP not below {?decimal1}%d%%]]></entry>
    <entry id="buff_rule_tooltip_target_hpabove"><![CDATA[{?string1}%s if Target HP above {?percent1}%d%%]]></entry>
    <entry id="buff_rule_tooltip_target_hpabove_false"><![CDATA[{?string1}%s if Target HP not above {?decimal1}%d%%]]></entry>
    <entry id="buff_rule_tooltip_target_hpbelow"><![CDATA[{?string1}%s if Target HP below {?percent1}%d%%]]></entry>
    <entry id="buff_rule_tooltip_target_hpbelow_false"><![CDATA[{?string1}%s if Target HP not below {?decimal1}%d%%]]></entry>
	
	
	<!-- Skill tooltips -->
	<entry id="effect_tooltip_target_group_other"><![CDATA[Other Enemies:]]></entry>
	<entry id="effect_tooltip_clear_stress_dot"><![CDATA[Clear {colour_start|stress}Horror {colour_end}]]></entry>
	<entry id="tray_icon_tooltip_hp_heal_dot_format"><![CDATA[%d HP per rd (%d rds)]]></entry>

  </language>
 <language id="japanese">
  
	
	<entry id="trinket_was_hit_additional_effects"><![CDATA[Was Hit:]]></entry>
    <entry id="trinket_rarity_sakura"><![CDATA[Sunward]]></entry>

	<!--Cure Chance-->
	
	
	<!--Misc-->
	<entry id="buff_stat_tooltip_combat_stat_add_damage_high"><![CDATA[%+d DMG]]></entry>
    <entry id="buff_stat_tooltip_combat_stat_add_damage_low"><![CDATA[%+d DMG]]></entry>
	<entry id="buff_stat_tooltip_combat_stat_multiply_defense_rating"><![CDATA[%+d%% DODGE]]></entry>
	<entry id="buff_rule_tooltip_is_guarding"><![CDATA[%s when {colour_start|guard}Guarding{colour_end}]]></entry>
	<entry id="buff_rule_tooltip_is_guarding"><![CDATA[%s when {colour_start|guard}Guarding{colour_end}]]></entry>
	<entry id="buff_rule_tooltip_is_guarding_false"><![CDATA[%s when not {colour_start|guard}Guarding{colour_end}]]></entry>
	<entry id="buff_rule_tooltip_is_guarded_false"><![CDATA[%s when not {colour_start|guard}Guarded{colour_end}]]></entry>

	<entry id="tray_icon_tooltip_buff_duration_none_format"><![CDATA[%s]]></entry>
	<entry id="buff_stat_tooltip_combat_stat_add_max_hp"><![CDATA[%+d MAX HP]]></entry>
	<!--Durations and amount change--->
    <entry id="buff_stat_tooltip_hp_dot_bleed_duration_percent"><![CDATA[%+d%% {colour_start|bleed}Bleed{colour_end} Duration]]></entry>
    <entry id="buff_stat_tooltip_hp_dot_bleed_duration_received_percent"><![CDATA[%+d%% Received {colour_start|bleed}Bleed{colour_end} Duration]]></entry>
    <entry id="buff_stat_tooltip_hp_dot_bleed_amount_percent"><![CDATA[%+d%% {colour_start|bleed}Bleed{colour_end} Amount]]></entry>
    <entry id="buff_stat_tooltip_hp_dot_bleed_amount_received_percent"><![CDATA[%+d%% Received {colour_start|bleed}Bleed{colour_end} Amount]]></entry>
    <entry id="buff_stat_tooltip_guard_duration_percent"><![CDATA[%+d%% {colour_start|guard}Guard Duration{colour_end}]]></entry>
    <entry id="buff_stat_tooltip_guard_duration_received_percent"><![CDATA[%+d%% {colour_start|guard}Guard{colour_end} Duration Received]]></entry>
	
    <entry id="buff_stat_tooltip_hp_dot_poison_duration_percent"><![CDATA[%+d%% {colour_start|blight}Blight{colour_end} Duration]]></entry>
    <entry id="buff_stat_tooltip_hp_dot_poison_duration_received_percent"><![CDATA[%+d%% Received {colour_start|blight}Blight{colour_end} Duration]]></entry>
    <entry id="buff_stat_tooltip_hp_dot_poison_amount_percent"><![CDATA[%+d%% {colour_start|blight}Blight{colour_end} Amount]]></entry>
    <entry id="buff_stat_tooltip_hp_dot_poison_amount_received_percent"><![CDATA[%+d%% {colour_start|blight}Blight{colour_end} Amount Received]]></entry>
	<entry id="buff_stat_tooltip_hp_heal_dot_amount_received_percent"><![CDATA[%+d%% {colour_start|healhp}Restoration{colour_end} Amount Received]]></entry>

	<!---HPBelow/Above--->
    <entry id="buff_rule_tooltip_hpabove"><![CDATA[{?string1}%s if HP above {?percent1}%d%%]]></entry>
    <entry id="buff_rule_tooltip_hpabove_false"><![CDATA[{?string1}%s if HP not above {?decimal1}%d%%]]></entry>
    <entry id="buff_rule_tooltip_hpbelow"><![CDATA[{?string1}%s if HP below {?percent1}%d%%]]></entry>
    <entry id="buff_rule_tooltip_hpbelow_false"><![CDATA[{?string1}%s if HP not below {?decimal1}%d%%]]></entry>
    <entry id="buff_rule_tooltip_target_hpabove"><![CDATA[{?string1}%s if Target HP above {?percent1}%d%%]]></entry>
    <entry id="buff_rule_tooltip_target_hpabove_false"><![CDATA[{?string1}%s if Target HP not above {?decimal1}%d%%]]></entry>
    <entry id="buff_rule_tooltip_target_hpbelow"><![CDATA[{?string1}%s if Target HP below {?percent1}%d%%]]></entry>
    <entry id="buff_rule_tooltip_target_hpbelow_false"><![CDATA[{?string1}%s if Target HP not below {?decimal1}%d%%]]></entry>
	
	
	<!-- Skill tooltips -->
	<entry id="effect_tooltip_target_group_other"><![CDATA[Other Enemies:]]></entry>
	<entry id="effect_tooltip_clear_stress_dot"><![CDATA[Clear {colour_start|stress}Horror {colour_end}]]></entry>
	<entry id="tray_icon_tooltip_hp_heal_dot_format"><![CDATA[%d HP per rd (%d rds)]]></entry>

  </language>
<language id="koreana">
  
	
	<entry id="trinket_was_hit_additional_effects"><![CDATA[피해받음:]]></entry>
    <entry id="trinket_rarity_sakura"><![CDATA[선워드]]></entry>

	<!--Cure Chance-->
	
	
	<!--Misc-->
	<entry id="buff_stat_tooltip_combat_stat_add_damage_high"><![CDATA[%+d 피해]]></entry>
    <entry id="buff_stat_tooltip_combat_stat_add_damage_low"><![CDATA[%+d 피해]]></entry>
	<entry id="buff_stat_tooltip_combat_stat_multiply_defense_rating"><![CDATA[%+d%% 회피]]></entry>
	<entry id="buff_rule_tooltip_is_guarding"><![CDATA[%s {colour_start|guard}보호 중{colour_end}일 때]]></entry>
	<entry id="buff_rule_tooltip_is_guarding"><![CDATA[%s {colour_start|guard}보호 중{colour_end}일 때]]></entry>
	<entry id="buff_rule_tooltip_is_guarding_false"><![CDATA[%s {colour_start|guard}보호 중{colour_end} 아닐 때]]></entry>
	<entry id="buff_rule_tooltip_is_guarded_false"><![CDATA[%s {colour_start|guard}보호 받음{colour_end} 아닐 때]]></entry>

	<entry id="tray_icon_tooltip_buff_duration_none_format"><![CDATA[%s]]></entry>
	<entry id="buff_stat_tooltip_combat_stat_add_max_hp"><![CDATA[%+d 최대 체력]]></entry>
	<!--Durations and amount change--->
    <entry id="buff_stat_tooltip_hp_dot_bleed_duration_percent"><![CDATA[{colour_start|bleed}출혈{colour_end} 지속시간 %+d%% ]]></entry>
    <entry id="buff_stat_tooltip_hp_dot_bleed_duration_received_percent"><![CDATA[받는 {colour_start|bleed}출혈{colour_end} 지속시간 %+d%%]]></entry>
    <entry id="buff_stat_tooltip_hp_dot_bleed_amount_percent"><![CDATA[{colour_start|bleed}출혈{colour_end} 피해량 %+d%%]]></entry>
    <entry id="buff_stat_tooltip_hp_dot_bleed_amount_received_percent"><![CDATA[받는 {colour_start|bleed}출혈{colour_end} 피해량 %+d%%]]></entry>
    <entry id="buff_stat_tooltip_guard_duration_percent"><![CDATA[{colour_start|guard}보호 지속시간{colour_end} %+d%%]]></entry>
    <entry id="buff_stat_tooltip_guard_duration_received_percent"><![CDATA[{colour_start|guard}보호{colour_end} 받는 지속시간 %+d%%]]></entry>
	
    <entry id="buff_stat_tooltip_hp_dot_poison_duration_percent"><![CDATA[{colour_start|blight}중독{colour_end} 지속시간 %+d%%]]></entry>
    <entry id="buff_stat_tooltip_hp_dot_poison_duration_received_percent"><![CDATA[받는 {colour_start|blight}중독{colour_end} 지속시간 %+d%%]]></entry>
    <entry id="buff_stat_tooltip_hp_dot_poison_amount_percent"><![CDATA[{colour_start|blight}중독{colour_end} 피해량 %+d%%]]></entry>
    <entry id="buff_stat_tooltip_hp_dot_poison_amount_received_percent"><![CDATA[받는 {colour_start|blight}중독{colour_end} 피해량 %+d%%]]></entry>
	<entry id="buff_stat_tooltip_hp_heal_dot_amount_received_percent"><![CDATA[받는 {colour_start|healhp}회복{colour_end} %+d%%]]></entry>

	<!---HPBelow/Above--->
    <entry id="buff_rule_tooltip_hpabove"><![CDATA[{?string1}%s 체력 {?percent1}%d%% 이상]]></entry>
    <entry id="buff_rule_tooltip_hpabove_false"><![CDATA[{?string1}%s 체력 {?decimal1}%d%% 이상 아니라면]]></entry>
    <entry id="buff_rule_tooltip_hpbelow"><![CDATA[{?string1}%s 체력 {?percent1}%d%% 이하]]></entry>
    <entry id="buff_rule_tooltip_hpbelow_false"><![CDATA[{?string1}%s 체력 {?decimal1}%d%% 이하 아니라면]]></entry>
    <entry id="buff_rule_tooltip_target_hpabove"><![CDATA[{?string1}%s 대상 체력 {?percent1}%d%% 이상]]></entry>
    <entry id="buff_rule_tooltip_target_hpabove_false"><![CDATA[{?string1}%s 대상 체력 {?decimal1}%d%% 이상 아니라면]]></entry>
    <entry id="buff_rule_tooltip_target_hpbelow"><![CDATA[{?string1}%s 대상 체력 {?percent1}%d%% 이하]]></entry>
    <entry id="buff_rule_tooltip_target_hpbelow_false"><![CDATA[{?string1}%s 대상 체력 {?decimal1}%d%% 이하 아니라면]]></entry>
	
	
	<!-- Skill tooltips -->
	<entry id="effect_tooltip_target_group_other"><![CDATA[대상 제외 다른 적들에게:]]></entry>
	<entry id="effect_tooltip_clear_stress_dot"><![CDATA[{colour_start|stress}공포 {colour_end}제거]]></entry>
	<entry id="tray_icon_tooltip_hp_heal_dot_format"><![CDATA[%d 턴당 체력 (%d 턴당)]]></entry>

  </language>
 <language id="koreanb">
  
	
	<entry id="trinket_was_hit_additional_effects"><![CDATA[Was Hit:]]></entry>
    <entry id="trinket_rarity_sakura"><![CDATA[Sunward]]></entry>

	<!--Cure Chance-->
	
	
	<!--Misc-->
	<entry id="buff_stat_tooltip_combat_stat_add_damage_high"><![CDATA[%+d DMG]]></entry>
    <entry id="buff_stat_tooltip_combat_stat_add_damage_low"><![CDATA[%+d DMG]]></entry>
	<entry id="buff_stat_tooltip_combat_stat_multiply_defense_rating"><![CDATA[%+d%% DODGE]]></entry>
	<entry id="buff_rule_tooltip_is_guarding"><![CDATA[%s when {colour_start|guard}Guarding{colour_end}]]></entry>
	<entry id="buff_rule_tooltip_is_guarding"><![CDATA[%s when {colour_start|guard}Guarding{colour_end}]]></entry>
	<entry id="buff_rule_tooltip_is_guarding_false"><![CDATA[%s when not {colour_start|guard}Guarding{colour_end}]]></entry>
	<entry id="buff_rule_tooltip_is_guarded_false"><![CDATA[%s when not {colour_start|guard}Guarded{colour_end}]]></entry>

	<entry id="tray_icon_tooltip_buff_duration_none_format"><![CDATA[%s]]></entry>
	<entry id="buff_stat_tooltip_combat_stat_add_max_hp"><![CDATA[%+d MAX HP]]></entry>
	<!--Durations and amount change--->
    <entry id="buff_stat_tooltip_hp_dot_bleed_duration_percent"><![CDATA[%+d%% {colour_start|bleed}Bleed{colour_end} Duration]]></entry>
    <entry id="buff_stat_tooltip_hp_dot_bleed_duration_received_percent"><![CDATA[%+d%% Received {colour_start|bleed}Bleed{colour_end} Duration]]></entry>
    <entry id="buff_stat_tooltip_hp_dot_bleed_amount_percent"><![CDATA[%+d%% {colour_start|bleed}Bleed{colour_end} Amount]]></entry>
    <entry id="buff_stat_tooltip_hp_dot_bleed_amount_received_percent"><![CDATA[%+d%% Received {colour_start|bleed}Bleed{colour_end} Amount]]></entry>
    <entry id="buff_stat_tooltip_guard_duration_percent"><![CDATA[%+d%% {colour_start|guard}Guard Duration{colour_end}]]></entry>
    <entry id="buff_stat_tooltip_guard_duration_received_percent"><![CDATA[%+d%% {colour_start|guard}Guard{colour_end} Duration Received]]></entry>
	
    <entry id="buff_stat_tooltip_hp_dot_poison_duration_percent"><![CDATA[%+d%% {colour_start|blight}Blight{colour_end} Duration]]></entry>
    <entry id="buff_stat_tooltip_hp_dot_poison_duration_received_percent"><![CDATA[%+d%% Received {colour_start|blight}Blight{colour_end} Duration]]></entry>
    <entry id="buff_stat_tooltip_hp_dot_poison_amount_percent"><![CDATA[%+d%% {colour_start|blight}Blight{colour_end} Amount]]></entry>
    <entry id="buff_stat_tooltip_hp_dot_poison_amount_received_percent"><![CDATA[%+d%% {colour_start|blight}Blight{colour_end} Amount Received]]></entry>
	<entry id="buff_stat_tooltip_hp_heal_dot_amount_received_percent"><![CDATA[%+d%% {colour_start|healhp}Restoration{colour_end} Amount Received]]></entry>

	<!---HPBelow/Above--->
    <entry id="buff_rule_tooltip_hpabove"><![CDATA[{?string1}%s if HP above {?percent1}%d%%]]></entry>
    <entry id="buff_rule_tooltip_hpabove_false"><![CDATA[{?string1}%s if HP not above {?decimal1}%d%%]]></entry>
    <entry id="buff_rule_tooltip_hpbelow"><![CDATA[{?string1}%s if HP below {?percent1}%d%%]]></entry>
    <entry id="buff_rule_tooltip_hpbelow_false"><![CDATA[{?string1}%s if HP not below {?decimal1}%d%%]]></entry>
    <entry id="buff_rule_tooltip_target_hpabove"><![CDATA[{?string1}%s if Target HP above {?percent1}%d%%]]></entry>
    <entry id="buff_rule_tooltip_target_hpabove_false"><![CDATA[{?string1}%s if Target HP not above {?decimal1}%d%%]]></entry>
    <entry id="buff_rule_tooltip_target_hpbelow"><![CDATA[{?string1}%s if Target HP below {?percent1}%d%%]]></entry>
    <entry id="buff_rule_tooltip_target_hpbelow_false"><![CDATA[{?string1}%s if Target HP not below {?decimal1}%d%%]]></entry>
	
	
	<!-- Skill tooltips -->
	<entry id="effect_tooltip_target_group_other"><![CDATA[Other Enemies:]]></entry>
	<entry id="effect_tooltip_clear_stress_dot"><![CDATA[Clear {colour_start|stress}Horror {colour_end}]]></entry>
	<entry id="tray_icon_tooltip_hp_heal_dot_format"><![CDATA[%d HP per rd (%d rds)]]></entry>

  </language>
  <language id="schinese">
  
	
	<entry id="trinket_was_hit_additional_effects"><![CDATA[被击中时：]]></entry>
    <entry id="trinket_rarity_sakura"><![CDATA[朝日]]></entry>

	<!--Cure Chance-->
	
	
	<!--Misc-->
	<entry id="buff_stat_tooltip_combat_stat_add_damage_high"><![CDATA[%+d伤害]]></entry>
    <entry id="buff_stat_tooltip_combat_stat_add_damage_low"><![CDATA[%+d伤害]]></entry>
	<entry id="buff_stat_tooltip_combat_stat_multiply_defense_rating"><![CDATA[%+d%%闪避]]></entry>
	<entry id="buff_rule_tooltip_is_guarding"><![CDATA[%s 当{colour_start|guard}守护{colour_end}时]]></entry>
	<entry id="buff_rule_tooltip_is_guarding"><![CDATA[%s 当{colour_start|guard}守护{colour_end}时]]></entry>
	<entry id="buff_rule_tooltip_is_guarding_false"><![CDATA[%s 当未{colour_start|guard}守护{colour_end}时]]></entry>
	<entry id="buff_rule_tooltip_is_guarded_false"><![CDATA[%s 当未{colour_start|guard}守护{colour_end}时]]></entry>

	<entry id="tray_icon_tooltip_buff_duration_none_format"><![CDATA[%s]]></entry>
	<entry id="buff_stat_tooltip_combat_stat_add_max_hp"><![CDATA[%+d最大生命]]></entry>
	<!--Durations and amount change--->
    <entry id="buff_stat_tooltip_hp_dot_bleed_duration_percent"><![CDATA[%+d%%{colour_start|bleed}流血{colour_end}技能持续时间]]></entry>
    <entry id="buff_stat_tooltip_hp_dot_bleed_duration_received_percent"><![CDATA[%+d%%受到的{colour_start|bleed}流血{colour_end}技能持续时间]]></entry>
    <entry id="buff_stat_tooltip_hp_dot_bleed_amount_percent"><![CDATA[%+d%%{colour_start|bleed}流血{colour_end}技能效果]]></entry>
    <entry id="buff_stat_tooltip_hp_dot_bleed_amount_received_percent"><![CDATA[%+d%%受到的{colour_start|bleed}流血{colour_end}技能效果]]></entry>
    <entry id="buff_stat_tooltip_guard_duration_percent"><![CDATA[%+d%%{colour_start|guard}守护{colour_end}技能持续时间]]></entry>
    <entry id="buff_stat_tooltip_guard_duration_received_percent"><![CDATA[%+d%%受到的{colour_start|guard}守护{colour_end}技能持续时间]]></entry>
	
    <entry id="buff_stat_tooltip_hp_dot_poison_duration_percent"><![CDATA[%+d%%{colour_start|blight}腐蚀{colour_end}技能持续时间]]></entry>
    <entry id="buff_stat_tooltip_hp_dot_poison_duration_received_percent"><![CDATA[%+d%%受到的{colour_start|blight}腐蚀{colour_end}技能持续时间]]></entry>
    <entry id="buff_stat_tooltip_hp_dot_poison_amount_percent"><![CDATA[%+d%%受到的{colour_start|blight}腐蚀{colour_end}技能效果]]></entry>
    <entry id="buff_stat_tooltip_hp_dot_poison_amount_received_percent"><![CDATA[%+d%%{colour_start|blight}腐蚀{colour_end}技能效果]]></entry>
	<entry id="buff_stat_tooltip_hp_heal_dot_amount_received_percent"><![CDATA[%+d%%受到的{colour_start|healhp}恢复{colour_end}技能效果]]></entry>

	<!---HPBelow/Above--->
    <entry id="buff_rule_tooltip_hpabove"><![CDATA[{?string1}%s 如果生命值高于{?percent1}%d%%]]></entry>
    <entry id="buff_rule_tooltip_hpabove_false"><![CDATA[{?string1}%s 如果生命值不高于{?decimal1}%d%%]]></entry>
    <entry id="buff_rule_tooltip_hpbelow"><![CDATA[{?string1}%s 如果生命值低于{?percent1}%d%%]]></entry>
    <entry id="buff_rule_tooltip_hpbelow_false"><![CDATA[{?string1}%s 如果生命值不低于{?decimal1}%d%%]]></entry>
    <entry id="buff_rule_tooltip_target_hpabove"><![CDATA[{?string1}%s 如果目标生命值高于{?percent1}%d%%]]></entry>
    <entry id="buff_rule_tooltip_target_hpabove_false"><![CDATA[{?string1}%s如果目标生命值不高于{?decimal1}%d%%]]></entry>
    <entry id="buff_rule_tooltip_target_hpbelow"><![CDATA[{?string1}%s 如果目标生命值低于{?percent1}%d%%]]></entry>
    <entry id="buff_rule_tooltip_target_hpbelow_false"><![CDATA[{?string1}%s 如果目标生命值不低于{?decimal1}%d%%]]></entry>
	
	
	<!-- Skill tooltips -->
	<entry id="effect_tooltip_target_group_other"><![CDATA[其他敌人：]]></entry>
	<entry id="effect_tooltip_clear_stress_dot"><![CDATA[清除{colour_start|stress}恐惧{colour_end}]]></entry>
	<entry id="tray_icon_tooltip_hp_heal_dot_format"><![CDATA[%d生命值每回合（%d回合）]]></entry>

  </language>
  <language id="russian">
  
	
	<entry id="trinket_was_hit_additional_effects"><![CDATA[Was Hit:]]></entry>
    <entry id="trinket_rarity_sakura"><![CDATA[Sunward]]></entry>

	<!--Cure Chance-->
	
	
	<!--Misc-->
	<entry id="buff_stat_tooltip_combat_stat_add_damage_high"><![CDATA[%+d DMG]]></entry>
    <entry id="buff_stat_tooltip_combat_stat_add_damage_low"><![CDATA[%+d DMG]]></entry>
	<entry id="buff_stat_tooltip_combat_stat_multiply_defense_rating"><![CDATA[%+d%% DODGE]]></entry>
	<entry id="buff_rule_tooltip_is_guarding"><![CDATA[%s when {colour_start|guard}Guarding{colour_end}]]></entry>
	<entry id="buff_rule_tooltip_is_guarding"><![CDATA[%s when {colour_start|guard}Guarding{colour_end}]]></entry>
	<entry id="buff_rule_tooltip_is_guarding_false"><![CDATA[%s when not {colour_start|guard}Guarding{colour_end}]]></entry>
	<entry id="buff_rule_tooltip_is_guarded_false"><![CDATA[%s when not {colour_start|guard}Guarded{colour_end}]]></entry>

	<entry id="tray_icon_tooltip_buff_duration_none_format"><![CDATA[%s]]></entry>
	<entry id="buff_stat_tooltip_combat_stat_add_max_hp"><![CDATA[%+d MAX HP]]></entry>
	<!--Durations and amount change--->
    <entry id="buff_stat_tooltip_hp_dot_bleed_duration_percent"><![CDATA[%+d%% {colour_start|bleed}Bleed{colour_end} Duration]]></entry>
    <entry id="buff_stat_tooltip_hp_dot_bleed_duration_received_percent"><![CDATA[%+d%% Received {colour_start|bleed}Bleed{colour_end} Duration]]></entry>
    <entry id="buff_stat_tooltip_hp_dot_bleed_amount_percent"><![CDATA[%+d%% {colour_start|bleed}Bleed{colour_end} Amount]]></entry>
    <entry id="buff_stat_tooltip_hp_dot_bleed_amount_received_percent"><![CDATA[%+d%% Received {colour_start|bleed}Bleed{colour_end} Amount]]></entry>
    <entry id="buff_stat_tooltip_guard_duration_percent"><![CDATA[%+d%% {colour_start|guard}Guard Duration{colour_end}]]></entry>
    <entry id="buff_stat_tooltip_guard_duration_received_percent"><![CDATA[%+d%% {colour_start|guard}Guard{colour_end} Duration Received]]></entry>
	
    <entry id="buff_stat_tooltip_hp_dot_poison_duration_percent"><![CDATA[%+d%% {colour_start|blight}Blight{colour_end} Duration]]></entry>
    <entry id="buff_stat_tooltip_hp_dot_poison_duration_received_percent"><![CDATA[%+d%% Received {colour_start|blight}Blight{colour_end} Duration]]></entry>
    <entry id="buff_stat_tooltip_hp_dot_poison_amount_percent"><![CDATA[%+d%% {colour_start|blight}Blight{colour_end} Amount]]></entry>
    <entry id="buff_stat_tooltip_hp_dot_poison_amount_received_percent"><![CDATA[%+d%% {colour_start|blight}Blight{colour_end} Amount Received]]></entry>
	<entry id="buff_stat_tooltip_hp_heal_dot_amount_received_percent"><![CDATA[%+d%% {colour_start|healhp}Restoration{colour_end} Amount Received]]></entry>

	<!---HPBelow/Above--->
    <entry id="buff_rule_tooltip_hpabove"><![CDATA[{?string1}%s if HP above {?percent1}%d%%]]></entry>
    <entry id="buff_rule_tooltip_hpabove_false"><![CDATA[{?string1}%s if HP not above {?decimal1}%d%%]]></entry>
    <entry id="buff_rule_tooltip_hpbelow"><![CDATA[{?string1}%s if HP below {?percent1}%d%%]]></entry>
    <entry id="buff_rule_tooltip_hpbelow_false"><![CDATA[{?string1}%s if HP not below {?decimal1}%d%%]]></entry>
    <entry id="buff_rule_tooltip_target_hpabove"><![CDATA[{?string1}%s if Target HP above {?percent1}%d%%]]></entry>
    <entry id="buff_rule_tooltip_target_hpabove_false"><![CDATA[{?string1}%s if Target HP not above {?decimal1}%d%%]]></entry>
    <entry id="buff_rule_tooltip_target_hpbelow"><![CDATA[{?string1}%s if Target HP below {?percent1}%d%%]]></entry>
    <entry id="buff_rule_tooltip_target_hpbelow_false"><![CDATA[{?string1}%s if Target HP not below {?decimal1}%d%%]]></entry>
	
	
	<!-- Skill tooltips -->
	<entry id="effect_tooltip_target_group_other"><![CDATA[Other Enemies:]]></entry>
	<entry id="effect_tooltip_clear_stress_dot"><![CDATA[Clear {colour_start|stress}Horror {colour_end}]]></entry>
	<entry id="tray_icon_tooltip_hp_heal_dot_format"><![CDATA[%d HP per rd (%d rds)]]></entry>

  </language>
  <language id="polish">
  
	
	<entry id="trinket_was_hit_additional_effects"><![CDATA[Was Hit:]]></entry>
    <entry id="trinket_rarity_sakura"><![CDATA[Sunward]]></entry>

	<!--Cure Chance-->
	
	
	<!--Misc-->
	<entry id="buff_stat_tooltip_combat_stat_add_damage_high"><![CDATA[%+d DMG]]></entry>
    <entry id="buff_stat_tooltip_combat_stat_add_damage_low"><![CDATA[%+d DMG]]></entry>
	<entry id="buff_stat_tooltip_combat_stat_multiply_defense_rating"><![CDATA[%+d%% DODGE]]></entry>
	<entry id="buff_rule_tooltip_is_guarding"><![CDATA[%s when {colour_start|guard}Guarding{colour_end}]]></entry>
	<entry id="buff_rule_tooltip_is_guarding"><![CDATA[%s when {colour_start|guard}Guarding{colour_end}]]></entry>
	<entry id="buff_rule_tooltip_is_guarding_false"><![CDATA[%s when not {colour_start|guard}Guarding{colour_end}]]></entry>
	<entry id="buff_rule_tooltip_is_guarded_false"><![CDATA[%s when not {colour_start|guard}Guarded{colour_end}]]></entry>

	<entry id="tray_icon_tooltip_buff_duration_none_format"><![CDATA[%s]]></entry>
	<entry id="buff_stat_tooltip_combat_stat_add_max_hp"><![CDATA[%+d MAX HP]]></entry>
	<!--Durations and amount change--->
    <entry id="buff_stat_tooltip_hp_dot_bleed_duration_percent"><![CDATA[%+d%% {colour_start|bleed}Bleed{colour_end} Duration]]></entry>
    <entry id="buff_stat_tooltip_hp_dot_bleed_duration_received_percent"><![CDATA[%+d%% Received {colour_start|bleed}Bleed{colour_end} Duration]]></entry>
    <entry id="buff_stat_tooltip_hp_dot_bleed_amount_percent"><![CDATA[%+d%% {colour_start|bleed}Bleed{colour_end} Amount]]></entry>
    <entry id="buff_stat_tooltip_hp_dot_bleed_amount_received_percent"><![CDATA[%+d%% Received {colour_start|bleed}Bleed{colour_end} Amount]]></entry>
    <entry id="buff_stat_tooltip_guard_duration_percent"><![CDATA[%+d%% {colour_start|guard}Guard Duration{colour_end}]]></entry>
    <entry id="buff_stat_tooltip_guard_duration_received_percent"><![CDATA[%+d%% {colour_start|guard}Guard{colour_end} Duration Received]]></entry>
	
    <entry id="buff_stat_tooltip_hp_dot_poison_duration_percent"><![CDATA[%+d%% {colour_start|blight}Blight{colour_end} Duration]]></entry>
    <entry id="buff_stat_tooltip_hp_dot_poison_duration_received_percent"><![CDATA[%+d%% Received {colour_start|blight}Blight{colour_end} Duration]]></entry>
    <entry id="buff_stat_tooltip_hp_dot_poison_amount_percent"><![CDATA[%+d%% {colour_start|blight}Blight{colour_end} Amount]]></entry>
    <entry id="buff_stat_tooltip_hp_dot_poison_amount_received_percent"><![CDATA[%+d%% {colour_start|blight}Blight{colour_end} Amount Received]]></entry>
	<entry id="buff_stat_tooltip_hp_heal_dot_amount_received_percent"><![CDATA[%+d%% {colour_start|healhp}Restoration{colour_end} Amount Received]]></entry>

	<!---HPBelow/Above--->
    <entry id="buff_rule_tooltip_hpabove"><![CDATA[{?string1}%s if HP above {?percent1}%d%%]]></entry>
    <entry id="buff_rule_tooltip_hpabove_false"><![CDATA[{?string1}%s if HP not above {?decimal1}%d%%]]></entry>
    <entry id="buff_rule_tooltip_hpbelow"><![CDATA[{?string1}%s if HP below {?percent1}%d%%]]></entry>
    <entry id="buff_rule_tooltip_hpbelow_false"><![CDATA[{?string1}%s if HP not below {?decimal1}%d%%]]></entry>
    <entry id="buff_rule_tooltip_target_hpabove"><![CDATA[{?string1}%s if Target HP above {?percent1}%d%%]]></entry>
    <entry id="buff_rule_tooltip_target_hpabove_false"><![CDATA[{?string1}%s if Target HP not above {?decimal1}%d%%]]></entry>
    <entry id="buff_rule_tooltip_target_hpbelow"><![CDATA[{?string1}%s if Target HP below {?percent1}%d%%]]></entry>
    <entry id="buff_rule_tooltip_target_hpbelow_false"><![CDATA[{?string1}%s if Target HP not below {?decimal1}%d%%]]></entry>
	
	
	<!-- Skill tooltips -->
	<entry id="effect_tooltip_target_group_other"><![CDATA[Other Enemies:]]></entry>
	<entry id="effect_tooltip_clear_stress_dot"><![CDATA[Clear {colour_start|stress}Horror {colour_end}]]></entry>
	<entry id="tray_icon_tooltip_hp_heal_dot_format"><![CDATA[%d HP per rd (%d rds)]]></entry>

  </language>
  <language id="brazilian">
  
	
	<entry id="trinket_was_hit_additional_effects"><![CDATA[Was Hit:]]></entry>
    <entry id="trinket_rarity_sakura"><![CDATA[Sunward]]></entry>

	<!--Cure Chance-->
	
	
	<!--Misc-->
	<entry id="buff_stat_tooltip_combat_stat_add_damage_high"><![CDATA[%+d DMG]]></entry>
    <entry id="buff_stat_tooltip_combat_stat_add_damage_low"><![CDATA[%+d DMG]]></entry>
	<entry id="buff_stat_tooltip_combat_stat_multiply_defense_rating"><![CDATA[%+d%% DODGE]]></entry>
	<entry id="buff_rule_tooltip_is_guarding"><![CDATA[%s when {colour_start|guard}Guarding{colour_end}]]></entry>
	<entry id="buff_rule_tooltip_is_guarding"><![CDATA[%s when {colour_start|guard}Guarding{colour_end}]]></entry>
	<entry id="buff_rule_tooltip_is_guarding_false"><![CDATA[%s when not {colour_start|guard}Guarding{colour_end}]]></entry>
	<entry id="buff_rule_tooltip_is_guarded_false"><![CDATA[%s when not {colour_start|guard}Guarded{colour_end}]]></entry>

	<entry id="tray_icon_tooltip_buff_duration_none_format"><![CDATA[%s]]></entry>
	<entry id="buff_stat_tooltip_combat_stat_add_max_hp"><![CDATA[%+d MAX HP]]></entry>
	<!--Durations and amount change--->
    <entry id="buff_stat_tooltip_hp_dot_bleed_duration_percent"><![CDATA[%+d%% {colour_start|bleed}Bleed{colour_end} Duration]]></entry>
    <entry id="buff_stat_tooltip_hp_dot_bleed_duration_received_percent"><![CDATA[%+d%% Received {colour_start|bleed}Bleed{colour_end} Duration]]></entry>
    <entry id="buff_stat_tooltip_hp_dot_bleed_amount_percent"><![CDATA[%+d%% {colour_start|bleed}Bleed{colour_end} Amount]]></entry>
    <entry id="buff_stat_tooltip_hp_dot_bleed_amount_received_percent"><![CDATA[%+d%% Received {colour_start|bleed}Bleed{colour_end} Amount]]></entry>
    <entry id="buff_stat_tooltip_guard_duration_percent"><![CDATA[%+d%% {colour_start|guard}Guard Duration{colour_end}]]></entry>
    <entry id="buff_stat_tooltip_guard_duration_received_percent"><![CDATA[%+d%% {colour_start|guard}Guard{colour_end} Duration Received]]></entry>
	
    <entry id="buff_stat_tooltip_hp_dot_poison_duration_percent"><![CDATA[%+d%% {colour_start|blight}Blight{colour_end} Duration]]></entry>
    <entry id="buff_stat_tooltip_hp_dot_poison_duration_received_percent"><![CDATA[%+d%% Received {colour_start|blight}Blight{colour_end} Duration]]></entry>
    <entry id="buff_stat_tooltip_hp_dot_poison_amount_percent"><![CDATA[%+d%% {colour_start|blight}Blight{colour_end} Amount]]></entry>
    <entry id="buff_stat_tooltip_hp_dot_poison_amount_received_percent"><![CDATA[%+d%% {colour_start|blight}Blight{colour_end} Amount Received]]></entry>
	<entry id="buff_stat_tooltip_hp_heal_dot_amount_received_percent"><![CDATA[%+d%% {colour_start|healhp}Restoration{colour_end} Amount Received]]></entry>

	<!---HPBelow/Above--->
    <entry id="buff_rule_tooltip_hpabove"><![CDATA[{?string1}%s if HP above {?percent1}%d%%]]></entry>
    <entry id="buff_rule_tooltip_hpabove_false"><![CDATA[{?string1}%s if HP not above {?decimal1}%d%%]]></entry>
    <entry id="buff_rule_tooltip_hpbelow"><![CDATA[{?string1}%s if HP below {?percent1}%d%%]]></entry>
    <entry id="buff_rule_tooltip_hpbelow_false"><![CDATA[{?string1}%s if HP not below {?decimal1}%d%%]]></entry>
    <entry id="buff_rule_tooltip_target_hpabove"><![CDATA[{?string1}%s if Target HP above {?percent1}%d%%]]></entry>
    <entry id="buff_rule_tooltip_target_hpabove_false"><![CDATA[{?string1}%s if Target HP not above {?decimal1}%d%%]]></entry>
    <entry id="buff_rule_tooltip_target_hpbelow"><![CDATA[{?string1}%s if Target HP below {?percent1}%d%%]]></entry>
    <entry id="buff_rule_tooltip_target_hpbelow_false"><![CDATA[{?string1}%s if Target HP not below {?decimal1}%d%%]]></entry>
	
	
	<!-- Skill tooltips -->
	<entry id="effect_tooltip_target_group_other"><![CDATA[Other Enemies:]]></entry>
	<entry id="effect_tooltip_clear_stress_dot"><![CDATA[Clear {colour_start|stress}Horror {colour_end}]]></entry>
	<entry id="tray_icon_tooltip_hp_heal_dot_format"><![CDATA[%d HP per rd (%d rds)]]></entry>

  </language>
  <language id="italian">
  
	
	<entry id="trinket_was_hit_additional_effects"><![CDATA[Was Hit:]]></entry>
    <entry id="trinket_rarity_sakura"><![CDATA[Sunward]]></entry>

	<!--Cure Chance-->
	
	
	<!--Misc-->
	<entry id="buff_stat_tooltip_combat_stat_add_damage_high"><![CDATA[%+d DMG]]></entry>
    <entry id="buff_stat_tooltip_combat_stat_add_damage_low"><![CDATA[%+d DMG]]></entry>
	<entry id="buff_stat_tooltip_combat_stat_multiply_defense_rating"><![CDATA[%+d%% DODGE]]></entry>
	<entry id="buff_rule_tooltip_is_guarding"><![CDATA[%s when {colour_start|guard}Guarding{colour_end}]]></entry>
	<entry id="buff_rule_tooltip_is_guarding"><![CDATA[%s when {colour_start|guard}Guarding{colour_end}]]></entry>
	<entry id="buff_rule_tooltip_is_guarding_false"><![CDATA[%s when not {colour_start|guard}Guarding{colour_end}]]></entry>
	<entry id="buff_rule_tooltip_is_guarded_false"><![CDATA[%s when not {colour_start|guard}Guarded{colour_end}]]></entry>

	<entry id="tray_icon_tooltip_buff_duration_none_format"><![CDATA[%s]]></entry>
	<entry id="buff_stat_tooltip_combat_stat_add_max_hp"><![CDATA[%+d MAX HP]]></entry>
	<!--Durations and amount change--->
    <entry id="buff_stat_tooltip_hp_dot_bleed_duration_percent"><![CDATA[%+d%% {colour_start|bleed}Bleed{colour_end} Duration]]></entry>
    <entry id="buff_stat_tooltip_hp_dot_bleed_duration_received_percent"><![CDATA[%+d%% Received {colour_start|bleed}Bleed{colour_end} Duration]]></entry>
    <entry id="buff_stat_tooltip_hp_dot_bleed_amount_percent"><![CDATA[%+d%% {colour_start|bleed}Bleed{colour_end} Amount]]></entry>
    <entry id="buff_stat_tooltip_hp_dot_bleed_amount_received_percent"><![CDATA[%+d%% Received {colour_start|bleed}Bleed{colour_end} Amount]]></entry>
    <entry id="buff_stat_tooltip_guard_duration_percent"><![CDATA[%+d%% {colour_start|guard}Guard Duration{colour_end}]]></entry>
    <entry id="buff_stat_tooltip_guard_duration_received_percent"><![CDATA[%+d%% {colour_start|guard}Guard{colour_end} Duration Received]]></entry>
	
    <entry id="buff_stat_tooltip_hp_dot_poison_duration_percent"><![CDATA[%+d%% {colour_start|blight}Blight{colour_end} Duration]]></entry>
    <entry id="buff_stat_tooltip_hp_dot_poison_duration_received_percent"><![CDATA[%+d%% Received {colour_start|blight}Blight{colour_end} Duration]]></entry>
    <entry id="buff_stat_tooltip_hp_dot_poison_amount_percent"><![CDATA[%+d%% {colour_start|blight}Blight{colour_end} Amount]]></entry>
    <entry id="buff_stat_tooltip_hp_dot_poison_amount_received_percent"><![CDATA[%+d%% {colour_start|blight}Blight{colour_end} Amount Received]]></entry>
	<entry id="buff_stat_tooltip_hp_heal_dot_amount_received_percent"><![CDATA[%+d%% {colour_start|healhp}Restoration{colour_end} Amount Received]]></entry>

	<!---HPBelow/Above--->
    <entry id="buff_rule_tooltip_hpabove"><![CDATA[{?string1}%s if HP above {?percent1}%d%%]]></entry>
    <entry id="buff_rule_tooltip_hpabove_false"><![CDATA[{?string1}%s if HP not above {?decimal1}%d%%]]></entry>
    <entry id="buff_rule_tooltip_hpbelow"><![CDATA[{?string1}%s if HP below {?percent1}%d%%]]></entry>
    <entry id="buff_rule_tooltip_hpbelow_false"><![CDATA[{?string1}%s if HP not below {?decimal1}%d%%]]></entry>
    <entry id="buff_rule_tooltip_target_hpabove"><![CDATA[{?string1}%s if Target HP above {?percent1}%d%%]]></entry>
    <entry id="buff_rule_tooltip_target_hpabove_false"><![CDATA[{?string1}%s if Target HP not above {?decimal1}%d%%]]></entry>
    <entry id="buff_rule_tooltip_target_hpbelow"><![CDATA[{?string1}%s if Target HP below {?percent1}%d%%]]></entry>
    <entry id="buff_rule_tooltip_target_hpbelow_false"><![CDATA[{?string1}%s if Target HP not below {?decimal1}%d%%]]></entry>
	
	
	<!-- Skill tooltips -->
	<entry id="effect_tooltip_target_group_other"><![CDATA[Other Enemies:]]></entry>
	<entry id="effect_tooltip_clear_stress_dot"><![CDATA[Clear {colour_start|stress}Horror {colour_end}]]></entry>
	<entry id="tray_icon_tooltip_hp_heal_dot_format"><![CDATA[%d HP per rd (%d rds)]]></entry>

  </language>
  <language id="german">
  
	
	<entry id="trinket_was_hit_additional_effects"><![CDATA[Was Hit:]]></entry>
    <entry id="trinket_rarity_sakura"><![CDATA[Sunward]]></entry>

	<!--Cure Chance-->
	
	
	<!--Misc-->
	<entry id="buff_stat_tooltip_combat_stat_add_damage_high"><![CDATA[%+d DMG]]></entry>
    <entry id="buff_stat_tooltip_combat_stat_add_damage_low"><![CDATA[%+d DMG]]></entry>
	<entry id="buff_stat_tooltip_combat_stat_multiply_defense_rating"><![CDATA[%+d%% DODGE]]></entry>
	<entry id="buff_rule_tooltip_is_guarding"><![CDATA[%s when {colour_start|guard}Guarding{colour_end}]]></entry>
	<entry id="buff_rule_tooltip_is_guarding"><![CDATA[%s when {colour_start|guard}Guarding{colour_end}]]></entry>
	<entry id="buff_rule_tooltip_is_guarding_false"><![CDATA[%s when not {colour_start|guard}Guarding{colour_end}]]></entry>
	<entry id="buff_rule_tooltip_is_guarded_false"><![CDATA[%s when not {colour_start|guard}Guarded{colour_end}]]></entry>

	<entry id="tray_icon_tooltip_buff_duration_none_format"><![CDATA[%s]]></entry>
	<entry id="buff_stat_tooltip_combat_stat_add_max_hp"><![CDATA[%+d MAX HP]]></entry>
	<!--Durations and amount change--->
    <entry id="buff_stat_tooltip_hp_dot_bleed_duration_percent"><![CDATA[%+d%% {colour_start|bleed}Bleed{colour_end} Duration]]></entry>
    <entry id="buff_stat_tooltip_hp_dot_bleed_duration_received_percent"><![CDATA[%+d%% Received {colour_start|bleed}Bleed{colour_end} Duration]]></entry>
    <entry id="buff_stat_tooltip_hp_dot_bleed_amount_percent"><![CDATA[%+d%% {colour_start|bleed}Bleed{colour_end} Amount]]></entry>
    <entry id="buff_stat_tooltip_hp_dot_bleed_amount_received_percent"><![CDATA[%+d%% Received {colour_start|bleed}Bleed{colour_end} Amount]]></entry>
    <entry id="buff_stat_tooltip_guard_duration_percent"><![CDATA[%+d%% {colour_start|guard}Guard Duration{colour_end}]]></entry>
    <entry id="buff_stat_tooltip_guard_duration_received_percent"><![CDATA[%+d%% {colour_start|guard}Guard{colour_end} Duration Received]]></entry>
	
    <entry id="buff_stat_tooltip_hp_dot_poison_duration_percent"><![CDATA[%+d%% {colour_start|blight}Blight{colour_end} Duration]]></entry>
    <entry id="buff_stat_tooltip_hp_dot_poison_duration_received_percent"><![CDATA[%+d%% Received {colour_start|blight}Blight{colour_end} Duration]]></entry>
    <entry id="buff_stat_tooltip_hp_dot_poison_amount_percent"><![CDATA[%+d%% {colour_start|blight}Blight{colour_end} Amount]]></entry>
    <entry id="buff_stat_tooltip_hp_dot_poison_amount_received_percent"><![CDATA[%+d%% {colour_start|blight}Blight{colour_end} Amount Received]]></entry>
	<entry id="buff_stat_tooltip_hp_heal_dot_amount_received_percent"><![CDATA[%+d%% {colour_start|healhp}Restoration{colour_end} Amount Received]]></entry>

	<!---HPBelow/Above--->
    <entry id="buff_rule_tooltip_hpabove"><![CDATA[{?string1}%s if HP above {?percent1}%d%%]]></entry>
    <entry id="buff_rule_tooltip_hpabove_false"><![CDATA[{?string1}%s if HP not above {?decimal1}%d%%]]></entry>
    <entry id="buff_rule_tooltip_hpbelow"><![CDATA[{?string1}%s if HP below {?percent1}%d%%]]></entry>
    <entry id="buff_rule_tooltip_hpbelow_false"><![CDATA[{?string1}%s if HP not below {?decimal1}%d%%]]></entry>
    <entry id="buff_rule_tooltip_target_hpabove"><![CDATA[{?string1}%s if Target HP above {?percent1}%d%%]]></entry>
    <entry id="buff_rule_tooltip_target_hpabove_false"><![CDATA[{?string1}%s if Target HP not above {?decimal1}%d%%]]></entry>
    <entry id="buff_rule_tooltip_target_hpbelow"><![CDATA[{?string1}%s if Target HP below {?percent1}%d%%]]></entry>
    <entry id="buff_rule_tooltip_target_hpbelow_false"><![CDATA[{?string1}%s if Target HP not below {?decimal1}%d%%]]></entry>
	
	
	<!-- Skill tooltips -->
	<entry id="effect_tooltip_target_group_other"><![CDATA[Other Enemies:]]></entry>
	<entry id="effect_tooltip_clear_stress_dot"><![CDATA[Clear {colour_start|stress}Horror {colour_end}]]></entry>
	<entry id="tray_icon_tooltip_hp_heal_dot_format"><![CDATA[%d HP per rd (%d rds)]]></entry>

  </language>
  <language id="french">
  
	
	<entry id="trinket_was_hit_additional_effects"><![CDATA[Was Hit:]]></entry>
    <entry id="trinket_rarity_sakura"><![CDATA[Sunward]]></entry>

	<!--Cure Chance-->
	
	
	<!--Misc-->
	<entry id="buff_stat_tooltip_combat_stat_add_damage_high"><![CDATA[%+d DMG]]></entry>
    <entry id="buff_stat_tooltip_combat_stat_add_damage_low"><![CDATA[%+d DMG]]></entry>
	<entry id="buff_stat_tooltip_combat_stat_multiply_defense_rating"><![CDATA[%+d%% DODGE]]></entry>
	<entry id="buff_rule_tooltip_is_guarding"><![CDATA[%s when {colour_start|guard}Guarding{colour_end}]]></entry>
	<entry id="buff_rule_tooltip_is_guarding"><![CDATA[%s when {colour_start|guard}Guarding{colour_end}]]></entry>
	<entry id="buff_rule_tooltip_is_guarding_false"><![CDATA[%s when not {colour_start|guard}Guarding{colour_end}]]></entry>
	<entry id="buff_rule_tooltip_is_guarded_false"><![CDATA[%s when not {colour_start|guard}Guarded{colour_end}]]></entry>

	<entry id="tray_icon_tooltip_buff_duration_none_format"><![CDATA[%s]]></entry>
	<entry id="buff_stat_tooltip_combat_stat_add_max_hp"><![CDATA[%+d MAX HP]]></entry>
	<!--Durations and amount change--->
    <entry id="buff_stat_tooltip_hp_dot_bleed_duration_percent"><![CDATA[%+d%% {colour_start|bleed}Bleed{colour_end} Duration]]></entry>
    <entry id="buff_stat_tooltip_hp_dot_bleed_duration_received_percent"><![CDATA[%+d%% Received {colour_start|bleed}Bleed{colour_end} Duration]]></entry>
    <entry id="buff_stat_tooltip_hp_dot_bleed_amount_percent"><![CDATA[%+d%% {colour_start|bleed}Bleed{colour_end} Amount]]></entry>
    <entry id="buff_stat_tooltip_hp_dot_bleed_amount_received_percent"><![CDATA[%+d%% Received {colour_start|bleed}Bleed{colour_end} Amount]]></entry>
    <entry id="buff_stat_tooltip_guard_duration_percent"><![CDATA[%+d%% {colour_start|guard}Guard Duration{colour_end}]]></entry>
    <entry id="buff_stat_tooltip_guard_duration_received_percent"><![CDATA[%+d%% {colour_start|guard}Guard{colour_end} Duration Received]]></entry>
	
    <entry id="buff_stat_tooltip_hp_dot_poison_duration_percent"><![CDATA[%+d%% {colour_start|blight}Blight{colour_end} Duration]]></entry>
    <entry id="buff_stat_tooltip_hp_dot_poison_duration_received_percent"><![CDATA[%+d%% Received {colour_start|blight}Blight{colour_end} Duration]]></entry>
    <entry id="buff_stat_tooltip_hp_dot_poison_amount_percent"><![CDATA[%+d%% {colour_start|blight}Blight{colour_end} Amount]]></entry>
    <entry id="buff_stat_tooltip_hp_dot_poison_amount_received_percent"><![CDATA[%+d%% {colour_start|blight}Blight{colour_end} Amount Received]]></entry>
	<entry id="buff_stat_tooltip_hp_heal_dot_amount_received_percent"><![CDATA[%+d%% {colour_start|healhp}Restoration{colour_end} Amount Received]]></entry>

	<!---HPBelow/Above--->
    <entry id="buff_rule_tooltip_hpabove"><![CDATA[{?string1}%s if HP above {?percent1}%d%%]]></entry>
    <entry id="buff_rule_tooltip_hpabove_false"><![CDATA[{?string1}%s if HP not above {?decimal1}%d%%]]></entry>
    <entry id="buff_rule_tooltip_hpbelow"><![CDATA[{?string1}%s if HP below {?percent1}%d%%]]></entry>
    <entry id="buff_rule_tooltip_hpbelow_false"><![CDATA[{?string1}%s if HP not below {?decimal1}%d%%]]></entry>
    <entry id="buff_rule_tooltip_target_hpabove"><![CDATA[{?string1}%s if Target HP above {?percent1}%d%%]]></entry>
    <entry id="buff_rule_tooltip_target_hpabove_false"><![CDATA[{?string1}%s if Target HP not above {?decimal1}%d%%]]></entry>
    <entry id="buff_rule_tooltip_target_hpbelow"><![CDATA[{?string1}%s if Target HP below {?percent1}%d%%]]></entry>
    <entry id="buff_rule_tooltip_target_hpbelow_false"><![CDATA[{?string1}%s if Target HP not below {?decimal1}%d%%]]></entry>
	
	
	<!-- Skill tooltips -->
	<entry id="effect_tooltip_target_group_other"><![CDATA[Other Enemies:]]></entry>
	<entry id="effect_tooltip_clear_stress_dot"><![CDATA[Clear {colour_start|stress}Horror {colour_end}]]></entry>
	<entry id="tray_icon_tooltip_hp_heal_dot_format"><![CDATA[%d HP per rd (%d rds)]]></entry>

  </language>
  <language id="czech">
  
	
	<entry id="trinket_was_hit_additional_effects"><![CDATA[Was Hit:]]></entry>
    <entry id="trinket_rarity_sakura"><![CDATA[Sunward]]></entry>

	<!--Cure Chance-->
	
	
	<!--Misc-->
	<entry id="buff_stat_tooltip_combat_stat_add_damage_high"><![CDATA[%+d DMG]]></entry>
    <entry id="buff_stat_tooltip_combat_stat_add_damage_low"><![CDATA[%+d DMG]]></entry>
	<entry id="buff_stat_tooltip_combat_stat_multiply_defense_rating"><![CDATA[%+d%% DODGE]]></entry>
	<entry id="buff_rule_tooltip_is_guarding"><![CDATA[%s when {colour_start|guard}Guarding{colour_end}]]></entry>
	<entry id="buff_rule_tooltip_is_guarding"><![CDATA[%s when {colour_start|guard}Guarding{colour_end}]]></entry>
	<entry id="buff_rule_tooltip_is_guarding_false"><![CDATA[%s when not {colour_start|guard}Guarding{colour_end}]]></entry>
	<entry id="buff_rule_tooltip_is_guarded_false"><![CDATA[%s when not {colour_start|guard}Guarded{colour_end}]]></entry>

	<entry id="tray_icon_tooltip_buff_duration_none_format"><![CDATA[%s]]></entry>
	<entry id="buff_stat_tooltip_combat_stat_add_max_hp"><![CDATA[%+d MAX HP]]></entry>
	<!--Durations and amount change--->
    <entry id="buff_stat_tooltip_hp_dot_bleed_duration_percent"><![CDATA[%+d%% {colour_start|bleed}Bleed{colour_end} Duration]]></entry>
    <entry id="buff_stat_tooltip_hp_dot_bleed_duration_received_percent"><![CDATA[%+d%% Received {colour_start|bleed}Bleed{colour_end} Duration]]></entry>
    <entry id="buff_stat_tooltip_hp_dot_bleed_amount_percent"><![CDATA[%+d%% {colour_start|bleed}Bleed{colour_end} Amount]]></entry>
    <entry id="buff_stat_tooltip_hp_dot_bleed_amount_received_percent"><![CDATA[%+d%% Received {colour_start|bleed}Bleed{colour_end} Amount]]></entry>
    <entry id="buff_stat_tooltip_guard_duration_percent"><![CDATA[%+d%% {colour_start|guard}Guard Duration{colour_end}]]></entry>
    <entry id="buff_stat_tooltip_guard_duration_received_percent"><![CDATA[%+d%% {colour_start|guard}Guard{colour_end} Duration Received]]></entry>
	
    <entry id="buff_stat_tooltip_hp_dot_poison_duration_percent"><![CDATA[%+d%% {colour_start|blight}Blight{colour_end} Duration]]></entry>
    <entry id="buff_stat_tooltip_hp_dot_poison_duration_received_percent"><![CDATA[%+d%% Received {colour_start|blight}Blight{colour_end} Duration]]></entry>
    <entry id="buff_stat_tooltip_hp_dot_poison_amount_percent"><![CDATA[%+d%% {colour_start|blight}Blight{colour_end} Amount]]></entry>
    <entry id="buff_stat_tooltip_hp_dot_poison_amount_received_percent"><![CDATA[%+d%% {colour_start|blight}Blight{colour_end} Amount Received]]></entry>
	<entry id="buff_stat_tooltip_hp_heal_dot_amount_received_percent"><![CDATA[%+d%% {colour_start|healhp}Restoration{colour_end} Amount Received]]></entry>

	<!---HPBelow/Above--->
    <entry id="buff_rule_tooltip_hpabove"><![CDATA[{?string1}%s if HP above {?percent1}%d%%]]></entry>
    <entry id="buff_rule_tooltip_hpabove_false"><![CDATA[{?string1}%s if HP not above {?decimal1}%d%%]]></entry>
    <entry id="buff_rule_tooltip_hpbelow"><![CDATA[{?string1}%s if HP below {?percent1}%d%%]]></entry>
    <entry id="buff_rule_tooltip_hpbelow_false"><![CDATA[{?string1}%s if HP not below {?decimal1}%d%%]]></entry>
    <entry id="buff_rule_tooltip_target_hpabove"><![CDATA[{?string1}%s if Target HP above {?percent1}%d%%]]></entry>
    <entry id="buff_rule_tooltip_target_hpabove_false"><![CDATA[{?string1}%s if Target HP not above {?decimal1}%d%%]]></entry>
    <entry id="buff_rule_tooltip_target_hpbelow"><![CDATA[{?string1}%s if Target HP below {?percent1}%d%%]]></entry>
    <entry id="buff_rule_tooltip_target_hpbelow_false"><![CDATA[{?string1}%s if Target HP not below {?decimal1}%d%%]]></entry>
	
	
	<!-- Skill tooltips -->
	<entry id="effect_tooltip_target_group_other"><![CDATA[Other Enemies:]]></entry>
	<entry id="effect_tooltip_clear_stress_dot"><![CDATA[Clear {colour_start|stress}Horror {colour_end}]]></entry>
	<entry id="tray_icon_tooltip_hp_heal_dot_format"><![CDATA[%d HP per rd (%d rds)]]></entry>

  </language>
</root>