<?xml version="1.0" encoding="UTF-8"?>
<root>
  <language id="english">
	
	
	<entry id="str_inventory_set_title_cc_beastmaster"><![CDATA["Blood for Blood."]]></entry>
	
	
	
	
	<entry id="str_inventory_title_trinketBM_Claw"><![CDATA[Shellcracker Shrimp]]></entry>
	<entry id="str_inventory_title_trinketBM_Feather"><![CDATA[Winged Guide]]></entry>
	<entry id="str_inventory_title_trinketBM_Rat"><![CDATA[Maze Rats]]></entry>
	<entry id="str_inventory_title_trinketBM_Teeth"><![CDATA[Ferocious Friends]]></entry>
	<entry id="str_inventory_title_trinketBM_Eagle"><![CDATA[Skyhunter]]></entry>
	<entry id="str_inventory_title_trinketBM_Ink"><![CDATA[Familiar's Ink]]></entry>
	<entry id="str_inventory_title_trinketBM_Tooth"><![CDATA[Bloody Omen]]></entry>
	<entry id="str_inventory_title_trinketBM_Seed"><![CDATA[Eternal Seed]]></entry>
	<entry id="str_inventory_title_trinketBM_Mantis"><![CDATA[Twisted Specimen]]></entry>
	<entry id="str_inventory_title_trinketBM_Head"><![CDATA[Mukanda's Head]]></entry>
	<entry id="str_inventory_title_trinketBM_Sunward"><![CDATA[King of the Rivers]]></entry>

	
	
  </language>
  <language id="french">
<entry id="str_inventory_set_title_cc_beastmaster"><![CDATA["Blood for Blood."]]></entry>
	
	
	
	
	<entry id="str_inventory_title_trinketBM_Claw"><![CDATA[Shellcracker Shrimp]]></entry>
	<entry id="str_inventory_title_trinketBM_Feather"><![CDATA[Winged Guide]]></entry>
	<entry id="str_inventory_title_trinketBM_Rat"><![CDATA[Maze Rats]]></entry>
	<entry id="str_inventory_title_trinketBM_Teeth"><![CDATA[Ferocious Friends]]></entry>
	<entry id="str_inventory_title_trinketBM_Eagle"><![CDATA[Skyhunter]]></entry>
	<entry id="str_inventory_title_trinketBM_Ink"><![CDATA[Familiar's Ink]]></entry>
	<entry id="str_inventory_title_trinketBM_Tooth"><![CDATA[Bloody Omen]]></entry>
	<entry id="str_inventory_title_trinketBM_Seed"><![CDATA[Eternal Seed]]></entry>
	<entry id="str_inventory_title_trinketBM_Mantis"><![CDATA[Twisted Specimen]]></entry>
	<entry id="str_inventory_title_trinketBM_Head"><![CDATA[Mukanda's Head]]></entry>
	<entry id="str_inventory_title_trinketBM_Sunward"><![CDATA[King of the Rivers]]></entry>

	
	
	
  </language>
  <language id="german">
<entry id="str_inventory_set_title_cc_beastmaster"><![CDATA["Blood for Blood."]]></entry>
	
	
	
	
	<entry id="str_inventory_title_trinketBM_Claw"><![CDATA[Shellcracker Shrimp]]></entry>
	<entry id="str_inventory_title_trinketBM_Feather"><![CDATA[Winged Guide]]></entry>
	<entry id="str_inventory_title_trinketBM_Rat"><![CDATA[Maze Rats]]></entry>
	<entry id="str_inventory_title_trinketBM_Teeth"><![CDATA[Ferocious Friends]]></entry>
	<entry id="str_inventory_title_trinketBM_Eagle"><![CDATA[Skyhunter]]></entry>
	<entry id="str_inventory_title_trinketBM_Ink"><![CDATA[Familiar's Ink]]></entry>
	<entry id="str_inventory_title_trinketBM_Tooth"><![CDATA[Bloody Omen]]></entry>
	<entry id="str_inventory_title_trinketBM_Seed"><![CDATA[Eternal Seed]]></entry>
	<entry id="str_inventory_title_trinketBM_Mantis"><![CDATA[Twisted Specimen]]></entry>
	<entry id="str_inventory_title_trinketBM_Head"><![CDATA[Mukanda's Head]]></entry>
	<entry id="str_inventory_title_trinketBM_Sunward"><![CDATA[King of the Rivers]]></entry>

	
	
	
  </language>
  <language id="spanish">

<entry id="str_inventory_set_title_cc_beastmaster"><![CDATA["Blood for Blood."]]></entry>
	
	
	
	
	<entry id="str_inventory_title_trinketBM_Claw"><![CDATA[Shellcracker Shrimp]]></entry>
	<entry id="str_inventory_title_trinketBM_Feather"><![CDATA[Winged Guide]]></entry>
	<entry id="str_inventory_title_trinketBM_Rat"><![CDATA[Maze Rats]]></entry>
	<entry id="str_inventory_title_trinketBM_Teeth"><![CDATA[Ferocious Friends]]></entry>
	<entry id="str_inventory_title_trinketBM_Eagle"><![CDATA[Skyhunter]]></entry>
	<entry id="str_inventory_title_trinketBM_Ink"><![CDATA[Familiar's Ink]]></entry>
	<entry id="str_inventory_title_trinketBM_Tooth"><![CDATA[Bloody Omen]]></entry>
	<entry id="str_inventory_title_trinketBM_Seed"><![CDATA[Eternal Seed]]></entry>
	<entry id="str_inventory_title_trinketBM_Mantis"><![CDATA[Twisted Specimen]]></entry>
	<entry id="str_inventory_title_trinketBM_Head"><![CDATA[Mukanda's Head]]></entry>
	<entry id="str_inventory_title_trinketBM_Sunward"><![CDATA[King of the Rivers]]></entry>

	
	
  
  </language>
  
  <language id="brazilian">
<entry id="str_inventory_set_title_cc_beastmaster"><![CDATA["Blood for Blood."]]></entry>
	
	
	
	
	<entry id="str_inventory_title_trinketBM_Claw"><![CDATA[Shellcracker Shrimp]]></entry>
	<entry id="str_inventory_title_trinketBM_Feather"><![CDATA[Winged Guide]]></entry>
	<entry id="str_inventory_title_trinketBM_Rat"><![CDATA[Maze Rats]]></entry>
	<entry id="str_inventory_title_trinketBM_Teeth"><![CDATA[Ferocious Friends]]></entry>
	<entry id="str_inventory_title_trinketBM_Eagle"><![CDATA[Skyhunter]]></entry>
	<entry id="str_inventory_title_trinketBM_Ink"><![CDATA[Familiar's Ink]]></entry>
	<entry id="str_inventory_title_trinketBM_Tooth"><![CDATA[Bloody Omen]]></entry>
	<entry id="str_inventory_title_trinketBM_Seed"><![CDATA[Eternal Seed]]></entry>
	<entry id="str_inventory_title_trinketBM_Mantis"><![CDATA[Twisted Specimen]]></entry>
	<entry id="str_inventory_title_trinketBM_Head"><![CDATA[Mukanda's Head]]></entry>
	<entry id="str_inventory_title_trinketBM_Sunward"><![CDATA[King of the Rivers]]></entry>

	
	
	
  </language>
  
  <language id="russian">

<entry id="str_inventory_set_title_cc_beastmaster"><![CDATA["Blood for Blood."]]></entry>
	
	
	
	
	<entry id="str_inventory_title_trinketBM_Claw"><![CDATA[Shellcracker Shrimp]]></entry>
	<entry id="str_inventory_title_trinketBM_Feather"><![CDATA[Winged Guide]]></entry>
	<entry id="str_inventory_title_trinketBM_Rat"><![CDATA[Maze Rats]]></entry>
	<entry id="str_inventory_title_trinketBM_Teeth"><![CDATA[Ferocious Friends]]></entry>
	<entry id="str_inventory_title_trinketBM_Eagle"><![CDATA[Skyhunter]]></entry>
	<entry id="str_inventory_title_trinketBM_Ink"><![CDATA[Familiar's Ink]]></entry>
	<entry id="str_inventory_title_trinketBM_Tooth"><![CDATA[Bloody Omen]]></entry>
	<entry id="str_inventory_title_trinketBM_Seed"><![CDATA[Eternal Seed]]></entry>
	<entry id="str_inventory_title_trinketBM_Mantis"><![CDATA[Twisted Specimen]]></entry>
	<entry id="str_inventory_title_trinketBM_Head"><![CDATA[Mukanda's Head]]></entry>
	<entry id="str_inventory_title_trinketBM_Sunward"><![CDATA[King of the Rivers]]></entry>

	
	
  </language>
   <language id="polish">
<entry id="str_inventory_set_title_cc_beastmaster"><![CDATA["Blood for Blood."]]></entry>
	
	
	
	
	<entry id="str_inventory_title_trinketBM_Claw"><![CDATA[Shellcracker Shrimp]]></entry>
	<entry id="str_inventory_title_trinketBM_Feather"><![CDATA[Winged Guide]]></entry>
	<entry id="str_inventory_title_trinketBM_Rat"><![CDATA[Maze Rats]]></entry>
	<entry id="str_inventory_title_trinketBM_Teeth"><![CDATA[Ferocious Friends]]></entry>
	<entry id="str_inventory_title_trinketBM_Eagle"><![CDATA[Skyhunter]]></entry>
	<entry id="str_inventory_title_trinketBM_Ink"><![CDATA[Familiar's Ink]]></entry>
	<entry id="str_inventory_title_trinketBM_Tooth"><![CDATA[Bloody Omen]]></entry>
	<entry id="str_inventory_title_trinketBM_Seed"><![CDATA[Eternal Seed]]></entry>
	<entry id="str_inventory_title_trinketBM_Mantis"><![CDATA[Twisted Specimen]]></entry>
	<entry id="str_inventory_title_trinketBM_Head"><![CDATA[Mukanda's Head]]></entry>
	<entry id="str_inventory_title_trinketBM_Sunward"><![CDATA[King of the Rivers]]></entry>

	
	
  </language>
  
  <language id="czech">
	
	<entry id="str_inventory_set_title_cc_beastmaster"><![CDATA["Blood for Blood."]]></entry>
	
	
	
	
	<entry id="str_inventory_title_trinketBM_Claw"><![CDATA[Shellcracker Shrimp]]></entry>
	<entry id="str_inventory_title_trinketBM_Feather"><![CDATA[Winged Guide]]></entry>
	<entry id="str_inventory_title_trinketBM_Rat"><![CDATA[Maze Rats]]></entry>
	<entry id="str_inventory_title_trinketBM_Teeth"><![CDATA[Ferocious Friends]]></entry>
	<entry id="str_inventory_title_trinketBM_Eagle"><![CDATA[Skyhunter]]></entry>
	<entry id="str_inventory_title_trinketBM_Ink"><![CDATA[Familiar's Ink]]></entry>
	<entry id="str_inventory_title_trinketBM_Tooth"><![CDATA[Bloody Omen]]></entry>
	<entry id="str_inventory_title_trinketBM_Seed"><![CDATA[Eternal Seed]]></entry>
	<entry id="str_inventory_title_trinketBM_Mantis"><![CDATA[Twisted Specimen]]></entry>
	<entry id="str_inventory_title_trinketBM_Head"><![CDATA[Mukanda's Head]]></entry>
	<entry id="str_inventory_title_trinketBM_Sunward"><![CDATA[King of the Rivers]]></entry>

	
	
  </language>
  <language id="italian">
	<entry id="str_inventory_set_title_cc_beastmaster"><![CDATA["Blood for Blood."]]></entry>
	
	
	
	
	<entry id="str_inventory_title_trinketBM_Claw"><![CDATA[Shellcracker Shrimp]]></entry>
	<entry id="str_inventory_title_trinketBM_Feather"><![CDATA[Winged Guide]]></entry>
	<entry id="str_inventory_title_trinketBM_Rat"><![CDATA[Maze Rats]]></entry>
	<entry id="str_inventory_title_trinketBM_Teeth"><![CDATA[Ferocious Friends]]></entry>
	<entry id="str_inventory_title_trinketBM_Eagle"><![CDATA[Skyhunter]]></entry>
	<entry id="str_inventory_title_trinketBM_Ink"><![CDATA[Familiar's Ink]]></entry>
	<entry id="str_inventory_title_trinketBM_Tooth"><![CDATA[Bloody Omen]]></entry>
	<entry id="str_inventory_title_trinketBM_Seed"><![CDATA[Eternal Seed]]></entry>
	<entry id="str_inventory_title_trinketBM_Mantis"><![CDATA[Twisted Specimen]]></entry>
	<entry id="str_inventory_title_trinketBM_Head"><![CDATA[Mukanda's Head]]></entry>
	<entry id="str_inventory_title_trinketBM_Sunward"><![CDATA[King of the Rivers]]></entry>

	
	
  </language>
  
  <language id="schinese">
<entry id="str_inventory_set_title_cc_beastmaster"><![CDATA[“血债血偿。”]]></entry>
	
	
	
	
	<entry id="str_inventory_title_trinketBM_Claw"><![CDATA[皮皮虾]]></entry>
	<entry id="str_inventory_title_trinketBM_Feather"><![CDATA[羽翼向导]]></entry>
	<entry id="str_inventory_title_trinketBM_Rat"><![CDATA[迷宫鼠]]></entry>
	<entry id="str_inventory_title_trinketBM_Teeth"><![CDATA[残暴之友]]></entry>
	<entry id="str_inventory_title_trinketBM_Eagle"><![CDATA[天空猎手]]></entry>
	<entry id="str_inventory_title_trinketBM_Ink"><![CDATA[熟悉的墨水]]></entry>
	<entry id="str_inventory_title_trinketBM_Tooth"><![CDATA[血腥之兆]]></entry>
	<entry id="str_inventory_title_trinketBM_Seed"><![CDATA[永恒之种]]></entry>
	<entry id="str_inventory_title_trinketBM_Mantis"><![CDATA[扭曲的标本]]></entry>
	<entry id="str_inventory_title_trinketBM_Head"><![CDATA[慕坎达的头颅]]></entry>
	<entry id="str_inventory_title_trinketBM_Sunward"><![CDATA[湖之主]]></entry>

	
	
 </language>
 <language id="japanese">
	
	
	<entry id="str_inventory_set_title_cc_beastmaster"><![CDATA["Blood for Blood."]]></entry>
	
	
	
	
	<entry id="str_inventory_title_trinketBM_Claw"><![CDATA[Shellcracker Shrimp]]></entry>
	<entry id="str_inventory_title_trinketBM_Feather"><![CDATA[Winged Guide]]></entry>
	<entry id="str_inventory_title_trinketBM_Rat"><![CDATA[Maze Rats]]></entry>
	<entry id="str_inventory_title_trinketBM_Teeth"><![CDATA[Ferocious Friends]]></entry>
	<entry id="str_inventory_title_trinketBM_Eagle"><![CDATA[Skyhunter]]></entry>
	<entry id="str_inventory_title_trinketBM_Ink"><![CDATA[Familiar's Ink]]></entry>
	<entry id="str_inventory_title_trinketBM_Tooth"><![CDATA[Bloody Omen]]></entry>
	<entry id="str_inventory_title_trinketBM_Seed"><![CDATA[Eternal Seed]]></entry>
	<entry id="str_inventory_title_trinketBM_Mantis"><![CDATA[Twisted Specimen]]></entry>
	<entry id="str_inventory_title_trinketBM_Head"><![CDATA[Mukanda's Head]]></entry>
	<entry id="str_inventory_title_trinketBM_Sunward"><![CDATA[King of the Rivers]]></entry>

	
	
  </language>
<language id="koreana">
	
	
	<entry id="str_inventory_set_title_cc_beastmaster"><![CDATA["피에는 피."]]></entry>
	
	
	
	
	<entry id="str_inventory_title_trinketBM_Claw"><![CDATA[껍질없는 가재]]></entry>
	<entry id="str_inventory_title_trinketBM_Feather"><![CDATA[날개달린 인도자]]></entry>
	<entry id="str_inventory_title_trinketBM_Rat"><![CDATA[미궁 쥐]]></entry>
	<entry id="str_inventory_title_trinketBM_Teeth"><![CDATA[포악한 친구들]]></entry>
	<entry id="str_inventory_title_trinketBM_Eagle"><![CDATA[하늘사냥꾼]]></entry>
	<entry id="str_inventory_title_trinketBM_Ink"><![CDATA[전서구의 잉크]]></entry>
	<entry id="str_inventory_title_trinketBM_Tooth"><![CDATA[피투성이 징조]]></entry>
	<entry id="str_inventory_title_trinketBM_Seed"><![CDATA[영원한 씨앗]]></entry>
	<entry id="str_inventory_title_trinketBM_Mantis"><![CDATA[뒤틀린 표본]]></entry>
	<entry id="str_inventory_title_trinketBM_Head"><![CDATA[무칸다의 머리]]></entry>
	<entry id="str_inventory_title_trinketBM_Sunward"><![CDATA[강의 폭군]]></entry>

	
	
  </language>
 <language id="koreanb">
	
	
	<entry id="str_inventory_set_title_cc_beastmaster"><![CDATA["Blood for Blood."]]></entry>
	
	
	
	
	<entry id="str_inventory_title_trinketBM_Claw"><![CDATA[Shellcracker Shrimp]]></entry>
	<entry id="str_inventory_title_trinketBM_Feather"><![CDATA[Winged Guide]]></entry>
	<entry id="str_inventory_title_trinketBM_Rat"><![CDATA[Maze Rats]]></entry>
	<entry id="str_inventory_title_trinketBM_Teeth"><![CDATA[Ferocious Friends]]></entry>
	<entry id="str_inventory_title_trinketBM_Eagle"><![CDATA[Skyhunter]]></entry>
	<entry id="str_inventory_title_trinketBM_Ink"><![CDATA[Familiar's Ink]]></entry>
	<entry id="str_inventory_title_trinketBM_Tooth"><![CDATA[Bloody Omen]]></entry>
	<entry id="str_inventory_title_trinketBM_Seed"><![CDATA[Eternal Seed]]></entry>
	<entry id="str_inventory_title_trinketBM_Mantis"><![CDATA[Twisted Specimen]]></entry>
	<entry id="str_inventory_title_trinketBM_Head"><![CDATA[Mukanda's Head]]></entry>
	<entry id="str_inventory_title_trinketBM_Sunward"><![CDATA[King of the Rivers]]></entry>

	
	
  </language>
</root>