<?xml version="1.0" encoding="UTF-8"?>
<root>

 <language id="schinese">
 
<!-- Pet Trinket Mod By SoulSmile and Dem22. Most Art by Kaxen. Chinese （S） by 小凯先生 -->

<!--Enemy Type--> 
	<entry id="enemy_type_name_pet_patrol"><![CDATA[宠物偷猎组织]]></entry>
	<entry id="buff_rule_data_tooltip_pet_patrol"><![CDATA[宠物偷猎组织]]></entry>
	
<!--Pet Catcher--> 
    <entry id="str_monstername_brigand_pet_catcher_A"><![CDATA[宠物捕手学徒]]></entry>
    <entry id="str_monstername_brigand_pet_catcher_B"><![CDATA[初级宠物捕手]]></entry>
    <entry id="str_monstername_brigand_pet_catcher_C"><![CDATA[高级宠物捕手]]></entry>
	<entry id="str_monstername_brigand_pet_catcher_D"><![CDATA[首席宠物捕手]]></entry>
    <entry id="str_monstername_brigand_pet_catcher_E"><![CDATA[宠物捕手执行官]]></entry>
	<!--Actual Death Effect Version--> 
	<entry id="str_monstername_brigand_pet_catcher_F"><![CDATA[宠物捕手学徒]]></entry>
    <entry id="str_monstername_brigand_pet_catcher_G"><![CDATA[初级宠物捕手]]></entry>
    <entry id="str_monstername_brigand_pet_catcher_H"><![CDATA[高级宠物捕手]]></entry>
	<entry id="str_monstername_brigand_pet_catcher_I"><![CDATA[首席宠物捕手]]></entry>
    <entry id="str_monstername_brigand_pet_catcher_J"><![CDATA[宠物捕手执行官]]></entry>
	<!--Roaming Version--> 
	<entry id="str_monstername_brigand_pet_catcher_K"><![CDATA[宠物捕手学徒]]></entry>
    <entry id="str_monstername_brigand_pet_catcher_L"><![CDATA[初级宠物捕手]]></entry>
    <entry id="str_monstername_brigand_pet_catcher_M"><![CDATA[高级宠物捕手]]></entry>
	<entry id="str_monstername_brigand_pet_catcher_N"><![CDATA[首席宠物捕手]]></entry>
    <entry id="str_monstername_brigand_pet_catcher_O"><![CDATA[宠物捕手执行官]]></entry>
	
	<entry id="str_monster_skill_pet_catch_pole"><![CDATA[棍棒攻击]]></entry>
    <entry id="str_monster_skill_pet_catch_cage"><![CDATA[恐惧兽笼]]></entry>
	<entry id="str_monster_skill_pet_catch_stun"><![CDATA[棍棒控制]]></entry>
	<entry id="str_monster_skill_pet_catch_backup"><![CDATA[呼叫支援]]></entry>
	<entry id="str_monster_skill_pet_catch_flee"><![CDATA[捕手喘息]]></entry>
	
<!--Per Catcher Assistant--> 
    <entry id="str_monstername_brigand_pet_assistant_A"><![CDATA[宠物捕手助理学徒]]></entry>
    <entry id="str_monstername_brigand_pet_assistant_B"><![CDATA[初级宠物捕手助理]]></entry>
    <entry id="str_monstername_brigand_pet_assistant_C"><![CDATA[高级宠物捕手助理]]></entry>
	<entry id="str_monstername_brigand_pet_assistant_D"><![CDATA[宠物捕手助理指挥官]]></entry>
    <entry id="str_monstername_brigand_pet_assistant_E"><![CDATA[萌宠偷宠物捕手助理]]></entry>
	
	<entry id="str_monster_skill_pet_catch_stab"><![CDATA[长枪戳击]]></entry>
    <entry id="str_monster_skill_pet_catch_position"><![CDATA[扰乱攻势]]></entry>
	<entry id="str_monster_skill_pet_catch_potion"><![CDATA[紧急救治]]></entry>
	
<!--Trained Hound--> 
    <entry id="str_monstername_trained_dog_A"><![CDATA[受训的幼犬]]></entry>
    <entry id="str_monstername_trained_dog_B"><![CDATA[坚守护卫犬]]></entry>
    <entry id="str_monstername_trained_dog_C"><![CDATA[优秀护卫犬]]></entry>
	<entry id="str_monstername_trained_dog_D"><![CDATA[忠心护卫犬]]></entry>
    <entry id="str_monstername_trained_dog_E"><![CDATA[凶猛护卫犬]]></entry>
	
	<entry id="str_monster_skill_trained_chomp"><![CDATA[卫犬啃噬]]></entry>
    <entry id="str_monster_skill_trained_bite"><![CDATA[卫犬扰袭]]></entry>
	<entry id="str_monster_skill_trained_guard"><![CDATA[守护主人]]></entry>
	
<!--Trained Crab--> 
    <entry id="str_monstername_trained_fishman_crabby_A"><![CDATA[幼年帝王蟹]]></entry>
    <entry id="str_monstername_trained_fishman_crabby_B"><![CDATA[坚守帝王蟹]]></entry>
    <entry id="str_monstername_trained_fishman_crabby_C"><![CDATA[坚盾帝王蟹]]></entry>
	<entry id="str_monstername_trained_fishman_crabby_D"><![CDATA[卫护帝王蟹]]></entry>
    <entry id="str_monstername_trained_fishman_crabby_E"><![CDATA[装甲帝王蟹]]></entry>
	
	<entry id="str_monster_skill_crab_tide"><![CDATA[潮水高涨]]></entry>
    <entry id="str_monster_skill_crab_grip"><![CDATA[蟹钳夹击]]></entry>
	<entry id="str_monster_skill_crab_shell"><![CDATA[坚硬外壳]]></entry>
	<entry id="str_monster_skill_crab_counter"><![CDATA[蟹钳猛击]]></entry>
	
<!--Trained Lochness Monster--> 
    <entry id="str_monstername_trained_carrion_eater_big_A"><![CDATA[尼斯湖怪鱿]]></entry>
    <entry id="str_monstername_trained_carrion_eater_big_B"><![CDATA[幼年的尼斯湖怪鱿]]></entry>
    <entry id="str_monstername_trained_carrion_eater_big_C"><![CDATA[愤怒的尼斯湖怪鱿]]></entry>
	<entry id="str_monstername_trained_carrion_eater_big_D"><![CDATA[危险的尼斯湖怪鱿]]></entry>
    <entry id="str_monstername_trained_carrion_eater_big_E"><![CDATA[骇人的尼斯湖怪鱿]]></entry>
	
	<entry id="str_monster_skill_lochness_slap"><![CDATA[抱脸吞噬]]></entry>
    <entry id="str_monster_skill_lochness_acid"><![CDATA[强酸吞吃]]></entry>
	<entry id="str_monster_skill_lochness_spit"><![CDATA[酸性唾液]]></entry>
	<entry id="str_monster_skill_lochness_kill"><![CDATA[卑劣自爆]]></entry>
	
<!--Pets Supply Items, tooltips, barks -->
	<!--Crab Meat -->
	<entry id="str_inventory_title_supplycrab_meat"><![CDATA[帝王蟹肉]]></entry>
	<entry id="buff_rule_data_tooltip_crab_meat"><![CDATA[帝王蟹肉]]></entry>
	<entry id="str_inventory_description_supplycrab_meat"><![CDATA[一种珍馐美味。尝一口可以稍微减轻{colour_start|stress}压力{colour_end}并给予一种积极的期望！]]></entry>
	<!--Generic Crab Barks -->
	<entry id="bark_pets_supply_crab_meat"><![CDATA[有蟹肉！]]></entry>	
	<entry id="bark_pets_supply_crab_meat"><![CDATA[这是帝王蟹肉吗？]]></entry>
	<entry id="bark_pets_supply_crab_meat"><![CDATA[真是美味？]]></entry>
	<entry id="bark_pets_supply_crab_meat"><![CDATA[*微笑*]]></entry>
	<entry id="bark_pets_supply_crab_meat"><![CDATA[太少了。]]></entry>
	<entry id="bark_pets_supply_crab_meat"><![CDATA[我对海鲜过敏！]]></entry>
	<entry id="bark_pets_supply_crab_meat"><![CDATA[我们有柠檬吗？]]></entry>
	<entry id="bark_pets_supply_crab_meat"><![CDATA[*咀嚼*]]></entry>
	<entry id="bark_pets_supply_crab_meat"><![CDATA[*敲碎蟹钳*]]></entry>
	<entry id="bark_pets_supply_crab_meat"><![CDATA[*打嗝*]]></entry>
	<!--Class Crab Barks -->
	<entry id="houndmaster+str_bark_pets_supply_crab_meat"><![CDATA[猎犬也喜欢蟹肉！]]></entry>
	<entry id="houndmaster+str_bark_pets_supply_crab_meat"><![CDATA[给你，姑娘！]]></entry>
	<entry id="antiquarian+str_bark_pets_supply_crab_meat"><![CDATA[这美味物超所值！]]></entry>
	<entry id="antiquarian+str_bark_pets_supply_crab_meat"><![CDATA[酒馆也许会以一个公平的价格来交换这个。]]></entry>
	<entry id="grave_robber+bark_pets_supply_crab_meat"><![CDATA[我一点也不介意。]]></entry>
	<entry id="grave_robber+bark_pets_supply_crab_meat"><![CDATA[*看起来很生气*]]></entry>
	<entry id="shadow_walker+bark_pets_supply_crab_meat"><![CDATA[蟹肉有治疗的功效。]]></entry>
	<entry id="shadow_walker+bark_pets_supply_crab_meat"><![CDATA[噢。]]></entry>
	<entry id="spartan+bark_pets_supply_crab_meat"><![CDATA[我的男子气概不会被否认！]]></entry>
	<entry id="spartan+bark_pets_supply_crab_meat"><![CDATA[我曾经在莫尼科市吃过一次螃蟹。]]></entry>
	<entry id="barbarian+bark_pets_supply_crab_meat"><![CDATA[*看起来很惊讶*]]></entry>
	<entry id="barbarian+bark_pets_supply_crab_meat"><![CDATA[*看起来陶醉*]]></entry>
	<entry id="jester+bark_pets_supply_crab_meat"><![CDATA[是时候来一场真正的巨星表演了！]]></entry>
	<entry id="jester+bark_pets_supply_crab_meat"><![CDATA[一个很棒的开胃菜！]]></entry>
	<entry id="vestal+bark_pets_supply_crab_meat"><![CDATA[味道有点奇怪，但我很喜欢。]]></entry>
	<entry id="vestal+bark_pets_supply_crab_meat"><![CDATA[它有一种奇怪的气味，有点像鱼腥味。]]></entry>
	<entry id="occultist+bark_pets_supply_crab_meat"><![CDATA[我更愿意能在仪式上用到它，但它不会保持新鲜太久。]]></entry>
	<entry id="occultist+bark_pets_supply_crab_meat"><![CDATA[我们应该要多获得一些？这样我们就可以赚一大笔钱！]]></entry>
	<entry id="alraune+bark_pets_supply_crab_meat"><![CDATA[我不需要肉。]]></entry>
	<entry id="alraune+bark_pets_supply_crab_meat"><![CDATA[我是一位素食主义者！]]></entry>
	<entry id="picaroon+bark_pets_supply_crab_meat"><![CDATA[我以前的船员们都很喜欢蓝蟹！]]></entry>
	<entry id="picaroon+bark_pets_supply_crab_meat"><![CDATA[来自大海的美食，令人耳目一新！]]></entry>
	
	<entry id="buff_rule_data_tooltip_crab_meat"><![CDATA[“帝王蟹增益”]]></entry>

	<entry id="buff_rule_data_tooltip_crab_meat_fx"><![CDATA[帝王蟹增益]]></entry>

	
<!--Pet Quirk Names and custom tips-->
	<entry id="str_quirk_name_PETS_quirk_1"><![CDATA[拘捕恐惧症]]></entry>
	<entry id="str_quirk_name_PETS_quirk_2"><![CDATA[萌宠偷猎组织克星]]></entry>
	<entry id="str_quirk_name_PETS_quirk_3"><![CDATA[尼斯湖怪鱿恐惧症]]></entry>
	<entry id="str_quirk_name_PETS_quirk_4"><![CDATA[尼斯湖怪鱿猎手]]></entry>
	
	<entry id="buff_rule_data_tooltip_lochness_slap"><![CDATA[抱脸吞噬]]></entry>
	
	<entry id="buff_stat_tooltip_upgrade_discount_PETS_quirk_tip_1_x"><![CDATA[{colour_start|pet_a}对被束缚在兽笼的畏惧使你很难进行战斗。{colour_end}]]></entry>
	<entry id="buff_stat_tooltip_upgrade_discount_PETS_quirk_tip_2_x"><![CDATA[{colour_start|pet_a}对宠物偷猎组织的愤怒激发了潜在的力量。{colour_end}]]></entry>
	<entry id="buff_stat_tooltip_upgrade_discount_PETS_quirk_tip_3_x"><![CDATA[{colour_start|pet_a}你会惊恐地发现有一些传说是真实存在的！{colour_end}]]></entry>
	<entry id="buff_stat_tooltip_upgrade_discount_PETS_quirk_tip_4_x"><![CDATA[{colour_start|pet_a}你发现了这个传说中的怪物最致命的弱点！{colour_end}]]></entry>
	
<!--Quirk Triggered in Battle Barks-->
	<entry id="pets_bark_trigger_1"><![CDATA[*恐惧*他们会把我们都关在笼子里！我们应该赶紧跑！]]></entry>
	<entry id="pets_bark_trigger_2"><![CDATA[我会对这些萌宠偷猎组织的懦夫们展开复仇！]]></entry>
	<entry id="pets_bark_trigger_3"><![CDATA[这个……这个怪物会摧毁我们的！]]></entry>
	<entry id="pets_bark_trigger_4"><![CDATA[我有对付这个传说中的凶兽的心得了！]]></entry>
	
	<entry id="buff_rule_data_tooltip_trained_carrion_eater_big"><![CDATA[尼斯湖怪鱿]]></entry>
	
<!-- Rarities -->
	<entry id="trinket_rarity_pet_a"><![CDATA[宠物（小型）]]></entry>
	<entry id="trinket_rarity_pet_b"><![CDATA[宠物（中型）]]></entry>
	<entry id="trinket_rarity_pet_c"><![CDATA[宠物（大型）]]></entry>
	<entry id="trinket_rarity_pet_f"><![CDATA[宠物食物]]></entry>
	
<!-- Trinket Sets Label -->	
	<entry id="str_inventory_set_title_petset_combined1"><![CDATA[{colour_start|pet_a}“挑剔的食客”{colour_end}]]></entry>
	<entry id="str_inventory_set_title_petset_combined2"><![CDATA[{colour_start|pet_a}“随和的食客”{colour_end}]]></entry>
	<entry id="str_inventory_set_title_petset_combined3"><![CDATA[{colour_start|pet_a}“贪吃的食客”{colour_end}]]></entry>
	
<!-- Pet Food -->
	<entry id="str_inventory_title_trinketSoulPetsFood1"><![CDATA[精饲料与美味小食！]]></entry>
	<entry id="str_inventory_title_trinketSoulPetsFood2"><![CDATA[点心与粗饲料！]]></entry>
	<entry id="str_inventory_title_trinketSoulPetsFood3"><![CDATA[杂食动物的佳肴！]]></entry>
    

<!--Enemy Type--> 
	<entry id="enemy_type_name_spider"><![CDATA[蜘蛛]]></entry>
	<entry id="buff_rule_data_tooltip_spider"><![CDATA[蜘蛛]]></entry>

<!--Fix Missing Effect String-->	
	<entry id="trinket_kill_all_heroes_additional_effects"><![CDATA[击杀时：]]></entry>
	<entry id="tray_icon_tooltip_buff_duration_quest_complete_format"><![CDATA[%s （任务完成）]]></entry>
	
	<entry id="buff_stat_tooltip_cure_poison_概率"><![CDATA[%+d%% {colour_start|blight}腐蚀{colour_end}治愈概率]]></entry>
	<entry id="effect_tooltip_clear_stress_dot"><![CDATA[清除{colour_start|stress}恐惧{colour_end}]]></entry>
	<entry id="effect_tooltip_cure_poison"><![CDATA[治愈{colour_start|blight}腐蚀{colour_end}]]></entry>
	<entry id="effect_tooltip_cure_bleed"><![CDATA[治愈{colour_start|bleed}流血{colour_end}]]></entry>
	
<!-- Pet Names -->
	<entry id="str_inventory_title_trinketSoulPets1"><![CDATA[“瓦德尔”（小猪）]]></entry>
	<entry id="str_inventory_title_trinketSoulPets2"><![CDATA["埃德加”（喜鹊）]]></entry>
	<entry id="str_inventory_title_trinketSoulPets3"><![CDATA[“小掌”（仙人掌）]]></entry>
	<entry id="str_inventory_title_trinketSoulPets4"><![CDATA[“佩妮”（蟑螂）]]></entry>
	<entry id="str_inventory_title_trinketSoulPets5"><![CDATA[“阿琳”（母鸡）]]></entry>
	<entry id="str_inventory_title_trinketSoulPets6"><![CDATA[“迪克西”（哀鸽）]]></entry>
	<entry id="str_inventory_title_trinketSoulPets7"><![CDATA[“小胖”（猫咪）]]></entry>
	<entry id="str_inventory_title_trinketSoulPets8"><![CDATA[“格雷西”（棕熊）]]></entry>
	<entry id="str_inventory_title_trinketSoulPets9"><![CDATA[“莱卡”（猎浣熊犬）]]></entry>
	<entry id="str_inventory_title_trinketSoulPets10"><![CDATA[“欧文”（浣熊）]]></entry>
	<entry id="str_inventory_title_trinketSoulPets11"><![CDATA[“埃塞尔”（小丑鱼）]]></entry>
	<entry id="str_inventory_title_trinketSoulPets12"><![CDATA[“洛拉”（壁虎）]]></entry>
	<entry id="str_inventory_title_trinketSoulPets13"><![CDATA[“弗兰克”（乌龟）]]></entry>
	<entry id="str_inventory_title_trinketSoulPets14"><![CDATA[“挖挖”（鼹鼠）]]></entry>
	<entry id="str_inventory_title_trinketSoulPets15"><![CDATA[“姜姜”（猫鼬）]]></entry>
	<entry id="str_inventory_title_trinketSoulPets16"><![CDATA[“佐薇”（鱿鱼）]]></entry>
	<entry id="str_inventory_title_trinketSoulPets17"><![CDATA[“昆西”（乌鸦）]]></entry>
	<entry id="str_inventory_title_trinketSoulPets18"><![CDATA[“拉奎尔”（兔子）]]></entry>
	<entry id="str_inventory_title_trinketSoulPets19"><![CDATA[“阿加莎”（猫头鹰）]]></entry>
	<entry id="str_inventory_title_trinketSoulPets20"><![CDATA[“沃登”（穿山甲）]]></entry>
	<entry id="str_inventory_title_trinketSoulPets21"><![CDATA[“刺刺”（蜘蛛）]]></entry>
	<entry id="str_inventory_title_trinketSoulPets22"><![CDATA[“呱呱”（牛蛙）]]></entry>
	<entry id="str_inventory_title_trinketSoulPets23"><![CDATA[“鲁比”（主教鸟）]]></entry>
	<entry id="str_inventory_title_trinketSoulPets24"><![CDATA[“寰宇”（血肉鸭嘴兽）]]></entry>	
	<entry id="str_inventory_title_trinketSoulPets25"><![CDATA[“奥托沃德蒙特申费尔德”（老鼠）]]></entry>
	<entry id="str_inventory_title_trinketSoulPets26"><![CDATA[“阿特拉斯”（雏鹰）]]></entry>
	<entry id="str_inventory_title_trinketSoulPets27"><![CDATA[“旋律”（文雀）]]></entry>
	<entry id="str_inventory_title_trinketSoulPets28"><![CDATA[“祭品”（羔羊）]]></entry>
	<entry id="str_inventory_title_trinketSoulPets29"><![CDATA[“海努里”（阿富汗猎犬）]]></entry>	
	<entry id="str_inventory_title_trinketSoulPets30"><![CDATA[“杰登”（柯基犬）]]></entry>	
	<entry id="str_inventory_title_trinketSoulPets31"><![CDATA[“阿玉木”（柴犬）]]></entry>		
	
<!--Pet Trinket ToolTips Skill Names-->
	
	<entry id="buff_stat_tooltip_upgrade_discount_ABOM_pet_tooltip_x"><![CDATA[击杀怪物：队伍-2{colour_start|stress}压力{colour_end}]]></entry>
   <entry id="buff_stat_tooltip_upgrade_discount_ABOM_pet_tooltip_b_x"><![CDATA[{colour_start|notable}幸存者本能：{colour_end}击杀怪物：队伍{colour_start|disease}疾病抗性{colour_end}+10%%（2回合）]]></entry>
   <entry id="buff_stat_tooltip_upgrade_discount_ABOM_pet_tooltip_c_x"><![CDATA[{colour_start|blight}腐蚀增益：{colour_end}+10%%{colour_start|blight}腐蚀技能概率{colour_end}]]></entry>
	
  <entry id="buff_stat_tooltip_upgrade_discount_ANTI_pet_tooltip_x"><![CDATA[{colour_start|yellow}喜鹊印记：{colour_end}友军技能目标：{colour_start|stress}压力{colour_end}-3]]></entry>
   <entry id="buff_stat_tooltip_upgrade_discount_ANTI_pet_tooltip_b_x"><![CDATA[{colour_start|notable}搜刮绷带：{colour_end}友军技能目标：{colour_start|bleed}治愈流血{colour_end}（75%%概率）]]></entry>
   <entry id="buff_stat_tooltip_upgrade_discount_ANTI_pet_tooltip_c_x"><![CDATA[使用友军技能：自身{colour_start|stress}压力{colour_end}-2]]></entry>
   <entry id="buff_stat_tooltip_upgrade_discount_ANTI_pet_tooltip_d_x"><![CDATA[攻击命中：{colour_start|mark}标记目标{colour_end}（2回合）（120%%基础概率）]]></entry>
   <entry id="buff_stat_tooltip_upgrade_discount_ANTI_pet_tooltip_e_x"><![CDATA[击杀怪物：+3%%{colour_start|white}自身历练值{colour_end}（持续直到任务结束）]]></entry>
   

	<entry id="buff_stat_tooltip_upgrade_discount_ARBA_pet_tooltip_x"><![CDATA[{colour_start|pop_text_crit_damage}幸运兔子：{colour_end}友军技能：+6{colour_start|pop_text_crit_damage}暴击{colour_end}（2回合）（75%%概率）]]></entry> 
	<entry id="buff_stat_tooltip_upgrade_discount_ARBA_pet_tooltip_b_x"><![CDATA[友军技能：-25%%受到的{colour_start|stress}压力伤害{colour_end}（2回合）]]></entry> 
	<entry id="buff_stat_tooltip_upgrade_discount_ARBA_pet_tooltip_c_x"><![CDATA[击杀时：+2{colour_start|blue}队伍速度{colour_end}（2回合）（75%%概率）]]></entry> 
	
	<entry id="buff_stat_tooltip_upgrade_discount_ALRA_pet_tooltip_x"><![CDATA[{colour_start|surprised}主教预警：{colour_end}-20%%队伍{colour_start|surprised}惊慌{colour_end}概率]]></entry>
	
	<entry id="buff_stat_tooltip_upgrade_discount_BARB_pet_tooltip_x"><![CDATA[{colour_start|bleed}利爪攻击：{colour_end}被击中时：{colour_start|bleed}流血{colour_end}1伤害/每回合 持续3回合（125%%基础概率）]]></entry>
	<entry id="buff_stat_tooltip_upgrade_discount_BARB_pet_tooltip_b_x"><![CDATA[被击中时：{colour_start|bleed}流血暴击{colour_end}4伤害/每回合 持续2回合（10%%概率）]]></entry>
	<entry id="buff_stat_tooltip_upgrade_discount_BARB_pet_tooltip_c_x"><![CDATA[击杀时：队伍：-3{colour_start|stress}压力{colour_end}（75%%概率）]]></entry>
	<entry id="buff_stat_tooltip_upgrade_discount_BARB_pet_tooltip_d_x"><![CDATA[{colour_start|stun}羽翼拍打：{colour_end}被击中时：+12%%{colour_start|stun}眩晕抗性{colour_end}（2回合）（150%%基础概率））]]></entry>
	
	<entry id="buff_stat_tooltip_upgrade_discount_BLOA_pet_tooltip_x"><![CDATA[{colour_start|move}长舌拖拽：{colour_end}攻击命中：30%%概率{colour_start|move}拉前{colour_end}1]]></entry>	
	<entry id="buff_stat_tooltip_upgrade_discount_BLOA_pet_tooltip_b_x"><![CDATA[{colour_start|healhp}长舌舔舐：{colour_end}击杀时：65%%概率{colour_start|healhp}+3生命{colour_end}]]></entry>	
	
	<entry id="buff_stat_tooltip_upgrade_discount_BOUN_pet_tooltip_x"><![CDATA[{colour_start|debuff}泥浆飞溅：{colour_end}命中时：-10%% 精准 （2回合）]]></entry>
	<entry id="buff_stat_tooltip_upgrade_discount_BOUN_pet_tooltip_b_x"><![CDATA[{colour_start|healhp}猪食泔水：{colour_end}击杀怪物：{colour_start|healhp}自身+3生命{colour_end}（60%%概率）]]></entry>
	<entry id="buff_stat_tooltip_upgrade_discount_BOUN_pet_tooltip_c_x"><![CDATA[击杀怪物：-4{colour_start|stress}队伍压力{colour_end}（60%%概率）]]></entry>
	
	<entry id="buff_stat_tooltip_upgrade_discount_CRUS_pet_tooltip_x"><![CDATA[{colour_start|stun}闻鸡起舞：{colour_end}友军技能：清除{colour_start|stress}恐惧{colour_end}]]></entry>
	<entry id="buff_stat_tooltip_upgrade_discount_CRUS_pet_tooltip_b_x"><![CDATA[击杀怪物：+50%%{colour_start|healhp}生命治疗{colour_end}技能（2回合）]]></entry>
	<entry id="buff_stat_tooltip_upgrade_discount_CRUS_pet_tooltip_c_x"><![CDATA[友军技能：队伍其他：{colour_start|stress}压力-3{colour_end}]]></entry>
	
	  <entry id="buff_stat_tooltip_upgrade_discount_FALC_pet_tooltip_x"><![CDATA[{colour_start|healhp}新生：{colour_end}击杀时：{colour_start|healhp}治疗{colour_end}0-2]]></entry>
   <entry id="buff_stat_tooltip_upgrade_discount_FALC_pet_tooltip_b_x"><![CDATA[{colour_start|debuff}刺耳尖叫：{colour_end}被击中时：敌方-3{colour_start|debuff}闪避{colour_end}（2回合）]]></entry>
	
	
	 <entry id="buff_stat_tooltip_upgrade_discount_FLAG_pet_tooltip_x"><![CDATA[{colour_start|green}尖刺防护：{colour_end}被击中时：20%%{colour_start|blue}伤害反射{colour_end}]]></entry>
     <entry id="buff_stat_tooltip_upgrade_discount_FLAG_pet_tooltip_b_x"><![CDATA[{colour_start|attacktype}长针穿刺：{colour_end}被击中时：概率使{colour_start|bleed}对方流血{colour_end}1伤害/每回合 持续2回合]]></entry>
	 <entry id="buff_stat_tooltip_upgrade_discount_FLAG_pet_tooltip_c_x"><![CDATA[命中后：{colour_start|green}抚摸仙人掌：{colour_end}概率使{colour_start|bleed}自身流血{colour_end}1伤害/每回合 持续2回合]]></entry>
	
	
	<entry id="buff_stat_tooltip_upgrade_discount_GRAV_pet_tooltip_x"><![CDATA[{colour_start|yellow}猫爪：{colour_end}命中时：概率造成{colour_start|bleed}流血{colour_end}1伤害/每回合 持续2回合]]></entry>
	<entry id="buff_stat_tooltip_upgrade_discount_GRAV_pet_tooltip_b_x"><![CDATA[命中时：10%%概率造成{colour_start|bleed}流血暴击{colour_end}3伤害/每回合 持续3回合]]></entry>
	<entry id="buff_stat_tooltip_upgrade_discount_GRAV_pet_tooltip_c_x"><![CDATA[击杀时：{colour_start|debuff}减益对方队伍{colour_end}：-2速度（1回合）（115%%基础概率）]]></entry>
	<entry id="buff_stat_tooltip_upgrade_discount_GRAV_pet_tooltip_d_x"><![CDATA[{colour_start|debuff}减益目标：{colour_end}-10%%{colour_start|bleed}流血抗性{colour_end}（2回合）（150%%基础概率）]]></entry>
	
	 <entry id="buff_stat_tooltip_upgrade_discount_HELL_pet_tooltip_x"><![CDATA[{colour_start|stun}熊抱：{colour_end}命中时：概率造成{colour_start|stun}眩晕{colour_end}]]></entry>
     <entry id="buff_stat_tooltip_upgrade_discount_HELL_pet_tooltip_b_x"><![CDATA[{colour_start|bleed}棕熊利爪：{colour_end}被击中时：概率使对方{colour_start|bleed}流血{colour_end} 1伤害/每回合 持续3回合]]></entry>
	 <entry id="buff_stat_tooltip_upgrade_discount_HELL_pet_tooltip_c_x"><![CDATA[{colour_start|buff}棕熊防御：{colour_end}被击中时：+4 {colour_start|buff}防御{colour_end} 2回合 （75%%概率）]]></entry>
	   <entry id="buff_stat_tooltip_upgrade_discount_HELL_pet_tooltip_d_x"><![CDATA[{colour_start|notable}棕熊压制：{colour_end}{colour_start|notable}突破技能{colour_end}：{colour_start|stun}眩晕自身{colour_end}]]></entry>
	    
	   
	 <entry id="buff_stat_tooltip_upgrade_discount_HIGH_pet_tooltip_x"><![CDATA[{colour_start|buff}哺乳小淘气：{colour_end}击杀时：队伍其他：{colour_start|stress}-4压力{colour_end}]]></entry>
     <entry id="buff_stat_tooltip_upgrade_discount_HIGH_pet_tooltip_b_x"><![CDATA[{colour_start|scouting}浣熊侦察兵：{colour_end}+7%%{colour_start|scouting}侦查和怪物惊慌概率{colour_end}]]></entry>
	  <entry id="buff_stat_tooltip_upgrade_discount_HIGH_pet_tooltip_c_x"><![CDATA[{colour_start|trap}夜间清道夫：{colour_end}击杀时：+15%%{colour_start|trap}伤害{colour_end} 如果{colour_start|notable}亮度{colour_end}低于71（2回合））]]></entry>
	  
	  <entry id="buff_stat_tooltip_upgrade_discount_HOMU_pet_tooltip_x"><![CDATA[{colour_start|surprised}炼金异种：{colour_end}攻击未中：-3{colour_start|stress}压力{colour_end}]]></entry>
	  <entry id="buff_stat_tooltip_upgrade_discount_HOMU_pet_tooltip_b_x"><![CDATA[被击中时：概率+5{colour_start|buff}防御{colour_end} 于自身（2回合）]]></entry>
	
	<entry id="buff_stat_tooltip_upgrade_discount_HOUN_pet_tooltip_x"><![CDATA[{colour_start|bleed}血的味道：{colour_end}击杀怪物：+35%%{colour_start|bleed}流血量{colour_end}（2回合）]]></entry>
	<entry id="buff_stat_tooltip_upgrade_discount_HOUN_pet_tooltip_b_x"><![CDATA[{colour_start|stun}情窦初开：{colour_end}+15%%{colour_start|green}生命治疗技能{colour_end}]]></entry>
	
	<entry id="buff_stat_tooltip_upgrade_discount_JEST_pet_tooltip_x"><![CDATA[{colour_start|blue}精神疗养：{colour_end}+20%%{colour_start|stress}压力治疗{colour_end} 如果{colour_start|notable}亮度{colour_end}高于80]]></entry>
	<entry id="buff_stat_tooltip_upgrade_discount_JEST_pet_tooltip_b_x"><![CDATA[{colour_start|notable}泡沫清洗：{colour_end}击杀怪物：{colour_start|stress}清除队伍的恐惧{colour_end}]]></entry>
	
		<entry id="buff_stat_tooltip_upgrade_discount_LAMI_pet_tooltip_x"><![CDATA[{colour_start|healhp}和声治疗：{colour_end}+50%% {colour_start|healhp}生命治疗技能{colour_end}]]></entry>
	<entry id="buff_stat_tooltip_upgrade_discount_LAMI_pet_tooltip_b_x"><![CDATA[{colour_start|buff}迅捷之歌：{colour_end}被击中时：+2{colour_start|buff}速度{colour_end}（2回合）]]></entry>
	
	<entry id="buff_stat_tooltip_upgrade_discount_LEPE_pet_tooltip_x"><![CDATA[{colour_start|blight}壁虎抗性：{colour_end}被击中时：+12%%{colour_start|blight}腐蚀{colour_end}抗性（2回合）]]></entry>
	<entry id="buff_stat_tooltip_upgrade_discount_LEPE_pet_tooltip_b_x"><![CDATA[{colour_start|buff}断尾天赋：{colour_end}击杀怪物：+12闪避（1回合）]]></entry>
	
	<entry id="buff_stat_tooltip_upgrade_discount_MANA_pet_tooltip_x"><![CDATA[英雄被击中：{colour_start|stress}-3压力{colour_end}]]></entry>
	<entry id="buff_stat_tooltip_upgrade_discount_MANA_pet_tooltip_b_x"><![CDATA[{colour_start|buff}海龟防御：{colour_end}击杀时：{colour_start|buff}队伍防御+4{colour_end}（2回合）（75%%概率）]]></entry>
	<entry id="buff_stat_tooltip_upgrade_discount_MANA_pet_tooltip_c_x"><![CDATA[{colour_start|yellow}龟壳守护：{colour_end}友军技能：{colour_start|yellow}自身获得1次护体阻隔{colour_end}（33%%概率）]]></entry>
	
	
	
	<entry id="buff_stat_tooltip_upgrade_discount_MUSK_pet_tooltip_x"><![CDATA[仅第一回合：+25%%{colour_start|stun}晕眩抗性{colour_end}]]></entry>
	<entry id="buff_stat_tooltip_upgrade_discount_MUSK_pet_tooltip_b_x"><![CDATA[{colour_start|surprised}前肢拍打：{colour_end}被击中时：{colour_start|stun}使对方晕眩{colour_end}（115%%基础概率）]]></entry>
	<entry id="buff_stat_tooltip_upgrade_discount_MUSK_pet_tooltip_c_x"><![CDATA[被击中时：{colour_start|bleed}使对方流血{colour_end}1伤害/每回合 持续3回合（130%%基础概率）]]></entry>
	
	<entry id="buff_stat_tooltip_upgrade_discount_OCCU_pet_tooltip_x"><![CDATA[{colour_start|stun}触手纠缠：{colour_end}击杀怪物：{colour_start|move}扰乱敌方{colour_end}（107%%基础概率）]]></entry>
	<entry id="buff_stat_tooltip_upgrade_discount_OCCU_pet_tooltip_b_x"><![CDATA[击杀怪物：{colour_start|stun}晕眩敌方{colour_end}（117%%基础概率）]]></entry>
	
	<entry id="buff_stat_tooltip_upgrade_discount_PICA_pet_tooltip_x"><![CDATA[{colour_start|bleed}鼠咬：{colour_end}被击中时：{colour_start|bleed}流血{colour_end}2伤害/每回合 持续3回合（120%%基础概率）]]></entry>
	<entry id="buff_stat_tooltip_upgrade_discount_PICA_pet_tooltip_b_x"><![CDATA[{colour_start|move}鼠之平衡：{colour_end}+12%%{colour_start|move}位移抗性{colour_end}]]></entry>
	<entry id="buff_stat_tooltip_upgrade_discount_PICA_pet_tooltip_c_x"><![CDATA[{colour_start|stress}啮齿适应：{colour_end}击杀时：{colour_start|stress}-2队伍压力{colour_end}]]></entry>
	
	
	<entry id="buff_stat_tooltip_upgrade_discount_PLAG_pet_tooltip_x"><![CDATA[{colour_start|blue}乌鸦盛宴：{colour_end}友军技能：{colour_start|stress}清除恐惧{colour_end}（75%%概率）]]></entry>
	<entry id="buff_stat_tooltip_upgrade_discount_PLAG_pet_tooltip_b_x"><![CDATA[击杀怪物：+20%%{colour_start|stress}队伍压力治疗{colour_end} 持续2回合]]></entry>
	<entry id="buff_stat_tooltip_upgrade_discount_PLAG_pet_tooltip_c_x"><![CDATA[被击中时：{colour_start|debuff}减益敌方队伍：{colour_end}-4暴击 持续2回合]]></entry>
	<entry id="buff_stat_tooltip_upgrade_discount_SHIE_pet_tooltip_x"><![CDATA[{colour_start|stun}猫鼬戏法：{colour_end}+15%%伤害 对野兽和蜘蛛]]></entry>
	
	
	<entry id="buff_stat_tooltip_upgrade_discount_SERA_pet_tooltip_x"><![CDATA[{colour_start|healhp}神圣疗伤：{colour_end}友军技能：{colour_start|healhp}治疗0-4{colour_end}]]></entry>
	<entry id="buff_stat_tooltip_upgrade_discount_SERA_pet_tooltip_b_x"><![CDATA[{colour_start|yellow}神圣容器：{colour_end}被击中时：+4{colour_start|yellow}暴击{colour_end}（2回合）]]></entry>
	<entry id="buff_stat_tooltip_upgrade_discount_SERA_pet_tooltip_c_x"><![CDATA[{colour_start|harmful}祭品：{colour_end}被击中时：{colour_start|harmful}自身-2生命{colour_end} 获得{colour_start|stress}-2队伍压力{colour_end}]]></entry>
	

	 <entry id="buff_stat_tooltip_upgrade_discount_SHAD_pet_tooltip_x"><![CDATA[{colour_start|stealth}暗影编织：{colour_end}其他英雄：{colour_start|stealth}潜行{colour_end}1回合（25%%概率）]]></entry>
	 
	 
	 <entry id="buff_stat_tooltip_upgrade_discount_SIST_pet_tooltip_x"><![CDATA[{colour_start|harmful}犬类吠叫：{colour_end}被击中时：-2敌方{colour_start|harmful}速度{colour_end}]]></entry>
	<entry id="buff_stat_tooltip_upgrade_discount_SIST_pet_tooltip_b_x"><![CDATA[{colour_start|stun}猎犬耐力：{colour_end}被击中时：+10{colour_start|stun}晕眩抗性{colour_end}（2回合）]]></entry>
	 
	 
  
  <entry id="buff_stat_tooltip_upgrade_discount_SPAR_pet_tooltip_x"><![CDATA[{colour_start|yellow}穿山甲之盔：{colour_end}17%%概率获得1次 {colour_start|yellow}护体阻隔{colour_end}]]></entry>
  <entry id="buff_stat_tooltip_upgrade_discount_SPAR_pet_tooltip_b_x"><![CDATA[被击中时：+5%%{colour_start|yellow}防御{colour_end}（2回合）（150%%基础概率）]]></entry>
  <entry id="buff_stat_tooltip_upgrade_discount_SPAR_pet_tooltip_c_x"><![CDATA[击杀时：队伍：+7精准（1回合）]]></entry>
  
    <entry id="buff_stat_tooltip_upgrade_discount_THRA_pet_tooltip_x"><![CDATA[{colour_start|yellow}顽皮专注：{colour_end}盲目震击：+3{colour_start|buff}暴击{colour_end}/+7{colour_start|buff}精准{colour_end}]]></entry>
  <entry id="buff_stat_tooltip_upgrade_discount_THRA_pet_tooltip_b_x"><![CDATA[{colour_start|mark}柯基标记：{colour_end}命中时：{colour_start|mark}标记目标{colour_end}（50%%概率）（2回合）]]></entry>
    <entry id="buff_stat_tooltip_upgrade_discount_THRA_pet_tooltip_c_x"><![CDATA[{colour_start|guard}抓住他们：{colour_end}被击中时：+25%%伤害 对{colour_start|mark}标记{colour_end}（2回合）]]></entry>
	    <entry id="buff_stat_tooltip_upgrade_discount_THRA_pet_tooltip_d_x"><![CDATA[{colour_start|stress}-15%%压力伤害{colour_end} 当{colour_start|notable}亮度在30-70%%时{colour_end}]]></entry>
	
	<entry id="buff_stat_tooltip_upgrade_discount_VEST_pet_tooltip_x"><![CDATA[{colour_start|surprised}哀鸟之歌：{colour_end}击杀怪物：-3{colour_start|stress}队伍压力{colour_end}]]></entry>
	<entry id="buff_stat_tooltip_upgrade_discount_VEST_pet_tooltip_b_x"><![CDATA[{colour_start|healhp}灵感疗法：{colour_end}击杀怪物：{colour_start|green}治疗{colour_end}2伤害/每回合 持续2回合（20%%概率）]]></entry>
	<entry id="buff_stat_tooltip_upgrade_discount_VEST_pet_tooltip_c_x"><![CDATA[{colour_start|healhp}旋律治疗：{colour_end}击杀怪物：{colour_start|green}+4队伍生命{colour_end}（5%%概率）]]></entry>
	<entry id="buff_stat_tooltip_upgrade_discount_VEST_pet_tooltip_d_x"><![CDATA[{colour_start|stress}神圣干预：{colour_end}击杀怪物：{colour_start|bleed}治愈队伍流血{colour_end}（20%%概率）]]></entry>
	
	
		<entry id="buff_stat_tooltip_upgrade_discount_WRAI_pet_tooltip_x"><![CDATA[{colour_start|debuff}犬类啃咬：{colour_end}攻击时：{colour_start|debuff}-3闪避/-3防御{colour_end}（2回合）]]></entry>
	<entry id="buff_stat_tooltip_upgrade_discount_WRAI_pet_tooltip_b_x"><![CDATA[{colour_start|harmful}觅食狂热：{colour_end}击杀时：{colour_start|harmful}+20%%伤害/+2暴击{colour_end}（2回合）]]></entry>
	<entry id="buff_stat_tooltip_upgrade_discount_WRAI_pet_tooltip_c_x"><![CDATA[{colour_start|stress}饱腹：{colour_end}击杀时：{colour_start|stress}-2队伍压力{colour_end}]]></entry>
	
	
	<!--Pets Plots Caretaker Goal, Quest Titles and Descriptions, Failure, Success, Post event wrap-up-->


	<!--Town Event：Start Pet Catcher Quest Chain -->
    <entry id="town_event_title_first_pets_event_A"><![CDATA[击败宠物偷猎组织]]></entry>
    <entry id="town_event_description_first_pets_event_A"><![CDATA[宠物偷猎组织捕获的动物正在兽窟、荒野和海湾进行训练和测试！如果你能击败一队偷猎者，你将解救一只能成为一位忠诚伙伴的动物！先去查看兽窟吧。]]></entry>
	<entry id="town_event_info_first_pets_event_A"><![CDATA[除了剧情任务之外，{colour_start|pet_a}宠物偷猎组织{colour_end}也有小概率在兽窟、荒野和海湾的任何地牢内出现。所以保持警惕！]]></entry>

	<!--Warrens 1--> 		
	<entry id="str_caretaker_goal_plot_pets_xwarrens_1"><![CDATA[击败藏于兽窟的宠物捕手学徒]]></entry>
	<entry id="str_embarked_on_plot_pets_xwarrens_1"><![CDATA[{?hero_names}%s前往了兽窟，去击败宠物偷猎组织。（{?difficulty}%s {?length}%s）]]></entry>
	<entry id="town_quest_progress_plot_pets_xwarrens_1"><![CDATA[击败藏于兽窟的宠物捕手学徒]]></entry>
	<entry id="str_plot_pets_xwarrens_1_tip"><![CDATA[宠物偷猎组织残忍地训练动物们并试图让它们服从命令！]]></entry>
	<entry id="str_returned_from_plot_pets_xwarrens_1_failure"><![CDATA[{?hero_names}%s死于对抗一位宠物捕手学徒（{?difficulty}%s {?length}%s）]]></entry>
	<entry id="str_returned_from_plot_pets_xwarrens_1_success"><![CDATA[{?hero_names}%s从宠物捕手学徒的手里解救了一只动物，然而宠物捕手趁机逃脱了！（{?difficulty}%s {?length}%s）]]></entry>
	<entry id="town_event_title_plot_end_pets_xwarrens_1"><![CDATA[宠物捕手学徒被打败了]]></entry>
	<entry id="town_event_description_plot_end_pets_xwarrens_1"><![CDATA[兽窟的动物将会变得安全的，至少一段时间内如此……]]></entry>
	<entry id="town_quest_name_plot_pets_xwarrens_1"><![CDATA[击败藏于兽窟的宠物捕手学徒]]></entry>
	<entry id="town_quest_description_plot_pets_xwarrens_1"><![CDATA[击败宠物捕手学徒和他的小队以解救任何被捕获的动物。{colour_start|yellow} 注意：{colour_end}此任务会开启{colour_start|pet_a}宠物救援{colour_end}冒险历程，你可以从中获得{colour_start|pet_a}萌宠饰品{colour_end}。去海湾寻找第二个任务，但你或许要先打败其他首领。]]></entry>
	
	 
	<!--Warrens 2-->		
	<entry id="str_caretaker_goal_plot_pets_xwarrens_2"><![CDATA[阻止藏于兽窟的高级宠物捕手]]></entry>
	<entry id="str_embarked_on_plot_pets_xwarrens_2"><![CDATA[{?hero_names}%s前去探索兽窟，去阻止高级宠物捕手。（{?difficulty}%s {?length}%s）]]></entry>
	<entry id="town_quest_progress_plot_pets_xwarrens_2"><![CDATA[阻止藏于兽窟的高级宠物捕手]]></entry>
	<entry id="str_plot_pets_xwarrens_2_tip"><![CDATA[这次要探索的区域将会更大，所以仅在你需要的时候才使用补给。]]></entry>
	<entry id="str_returned_from_plot_pets_xwarrens_2_failure"><![CDATA[{?hero_names}%s在尝试对抗高级宠物捕手时迷失于兽窟之中。（{?difficulty}%s {?length}%s）]]></entry>
	<entry id="str_returned_from_plot_pets_xwarrens_2_success"><![CDATA[{?hero_names}%s从高级宠物捕手的手里解救了一只动物，然而宠物捕手趁机逃脱了！（{?difficulty}%s {?length}%s）]]></entry>
	<entry id="town_event_title_plot_end_pets_xwarrens_2"><![CDATA[高级宠物捕手被打败了]]></entry>
	<entry id="town_event_description_plot_end_pets_xwarrens_2"><![CDATA[高级宠物捕手暂时放弃了对兽窟的偷猎活动。]]></entry>
	<entry id="town_quest_name_plot_pets_xwarrens_2"><![CDATA[击败的高级宠物捕手]]></entry>
	<entry id="town_quest_description_plot_pets_xwarrens_2"><![CDATA[一名更有经验的{colour_start|pet_a}高级宠物捕手{colour_end}已被派往该地区继续为宠物偷猎组织效力。阻止他！]]></entry>
	
	<!--Warrens 3-->		
	<entry id="str_caretaker_goal_plot_pets_xwarrens_3"><![CDATA[战胜藏于兽窟的宠物捕手执行官]]></entry>
	<entry id="str_embarked_on_plot_pets_xwarrens_3"><![CDATA[{?hero_names}%s前去探索兽窟，去战胜宠物捕手执行官（{?difficulty}%s {?length}%s）]]></entry>
	<entry id="town_quest_progress_plot_pets_xwarrens_3"><![CDATA[战胜藏于兽窟的宠物捕手执行官]]></entry>
	<entry id="str_plot_pets_xwarrens_3_tip"><![CDATA[你所选择的路径决定了你在扭曲的地方生存下来的难度。祝你好运！]]></entry>
	<entry id="str_returned_from_plot_pets_xwarrens_3_failure"><![CDATA[{?hero_names}%s被藏于兽窟的宠物捕手执行官击败了。（{?difficulty}%s {?length}%s）]]></entry>
	<entry id="str_returned_from_plot_pets_xwarrens_3_success"><![CDATA[{?hero_names}%s从宠物捕手执行官的手里解救了一只动物，他趁机逃往了海湾！（{?difficulty}%s {?length}%s）]]></entry>
	<entry id="town_event_title_plot_end_pets_xwarrens_3"><![CDATA[宠物捕手执行官被打败了]]></entry>
	<entry id="town_event_description_plot_end_pets_xwarrens_3"><![CDATA[宠物捕手执行官被打败了，不过被他逃到了海湾！]]></entry>
	<entry id="town_quest_name_plot_pets_xwarrens_3"><![CDATA[战胜藏于兽窟的宠物捕手执行官]]></entry>
	<entry id="town_quest_description_plot_pets_xwarrens_3"><![CDATA[{colour_start|pet_a}宠物捕手执行官{colour_end}运营着这一切的行动！他将自己藏匿于兽窟的深处，但你必须战胜他！购买所有你可以携带的绷带、解毒剂、药草、鸦片酊、铲子和食物。]]></entry>
	
		<!--Warrens 4 -->		
	<entry id="str_caretaker_goal_plot_pets_xwarrens_4"><![CDATA[探索奇异的隧道]]></entry>
	<entry id="str_embarked_on_plot_pets_xwarrens_4"><![CDATA[{?hero_names}%s探索了一只宠物向你展示的隧道。（{?difficulty}%s {?length}%s）]]></entry>
	<entry id="town_quest_progress_plot_pets_xwarrens_4"><![CDATA[探索奇异的隧道]]></entry>
	<entry id="str_plot_pets_xwarrens_4_tip"><![CDATA[这个隧道有一种平静的、愈合的气场，然而，有些东西或者有人可能仍然潜伏在这里。]]></entry>
	<entry id="str_returned_from_plot_pets_xwarrens_4_failure"><![CDATA[{?hero_names}%s迷失在奇异的隧道里。（{?difficulty}%s {?length}%s）]]></entry>
	<entry id="str_returned_from_plot_pets_xwarrens_4_success"><![CDATA[{?hero_names}%s探索到了一条能治愈负面怪癖的奇异隧道！这是宠物们对你的报恩吗？（{?difficulty}%s {?length}%s）]]></entry>
	<entry id="town_event_title_plot_end_pets_xwarrens_4"><![CDATA[探索奇异的隧道]]></entry>
	<entry id="town_event_description_plot_end_pets_xwarrens_4"><![CDATA[英雄们探索了奇异的隧道！]]></entry>
	<entry id="town_quest_name_plot_pets_xwarrens_4"><![CDATA[探索奇异的隧道]]></entry>
	<entry id="town_quest_description_plot_pets_xwarrens_4"><![CDATA[其中一只的{colour_start|pet_a}宠物{colour_end}，嘴里叼着火炬，似乎很想让你跟随它……在它不停地轻推、纠缠着你之后，你决定跟它走……直到你到达一个奇异的隧道入口……]]></entry>
	
	

	
	 <!--Weald 1-->		
	<entry id="str_caretaker_goal_plot_pets_xweald_1"><![CDATA[跟踪逃往荒野的宠物捕手学徒]]></entry>
	<entry id="str_embarked_on_plot_pets_xweald_1"><![CDATA[{?hero_names}%s跟踪着宠物捕手学徒深入荒野。（{?difficulty}%s {?length}%s）]]></entry>
	<entry id="town_quest_progress_plot_pets_xweald_1"><![CDATA[跟踪宠物捕手学徒]]></entry>
	<entry id="str_plot_pets_xweald_1_tip"><![CDATA[因为捕手助理学徒负责治疗，所以先除掉他是一个好主意！]]></entry>
	<entry id="str_returned_from_plot_pets_xweald_1_failure"><![CDATA[{?hero_names}%s在追逐中被逃往荒野的宠物捕手学徒击败。（{?difficulty}%s {?length}%s）]]></entry>
	<entry id="str_returned_from_plot_pets_xweald_1_success"><![CDATA[{?hero_names}%s杀死了初级萌宠偷猎者！他再也不会伤害其他动物了。（{?difficulty}%s {?length}%s）]]></entry>
	<entry id="town_event_title_plot_end_pets_xweald_1"><![CDATA[跟踪宠物捕手学徒]]></entry>
	<entry id="town_event_description_plot_end_pets_xweald_1"><![CDATA[你终于打败了宠物捕手学徒！]]></entry>
	<entry id="town_quest_name_plot_pets_xweald_1"><![CDATA[跟踪逃往荒野的宠物捕手学徒]]></entry>
	<entry id="town_quest_description_plot_pets_xweald_1"><![CDATA[你把{colour_start|pet_a}宠物捕手学徒{colour_end}困在荒野扭曲的路径上。这次他逃不掉了！击败他，并释放另一只会协助你的动物！]]></entry>
	
	<!--Weald 2-->		
	<entry id="str_caretaker_goal_plot_pets_xweald_2"><![CDATA[终结逃往荒野的高级宠物捕手]]></entry>
	<entry id="str_embarked_on_plot_pets_xweald_2"><![CDATA[{?hero_names}%s沿着荒野的小路寻找高级宠物捕手。（{?difficulty}%s {?length}%s）]]></entry>
	<entry id="town_quest_progress_plot_pets_xweald_2"><![CDATA[终结逃往荒野的高级宠物捕手]]></entry>
	<entry id="str_plot_pets_xweald_2_tip"><![CDATA[不要在荒野曲折的道路上迷路了！高级宠物捕手很可能设置了陷阱！]]></entry>
	<entry id="str_returned_from_plot_pets_xweald_2_failure"><![CDATA[{?hero_names}%s在搜寻逃往荒野的高级宠物捕手时被杀死了。（{?difficulty}%s {?length}%s）]]></entry>
	<entry id="str_returned_from_plot_pets_xweald_2_success"><![CDATA[{?hero_names}%s终结了高级宠物捕手。但愿，宠物偷猎组织会因此完蛋！（{?difficulty}%s {?length}%s）]]></entry>
	<entry id="town_event_title_plot_end_pets_xweald_2"><![CDATA[终结逃往荒野的高级宠物捕手]]></entry>
	<entry id="town_event_description_plot_end_pets_xweald_2"><![CDATA[高级宠物捕手，和他的小队，在荒野中被打败了。]]></entry>
	<entry id="town_quest_name_plot_pets_xweald_2"><![CDATA[终结逃往荒野的高级宠物捕手]]></entry>
	<entry id="town_quest_description_plot_pets_xweald_2"><![CDATA[{colour_start|pet_a}高级宠物捕手{colour_end}在荒野迷宫般的部分地区做着最后的抵抗。结束他对动物的虐待……直到永远。]]></entry>
	
	<!--Weald 3 -->		 
	<entry id="str_caretaker_goal_plot_pets_xweald_3"><![CDATA[击溃逃往荒野的宠物捕手执行官]]></entry>
	<entry id="str_embarked_on_plot_pets_xweald_3"><![CDATA[{?hero_names}%s来到了荒野，希望击溃宠物捕手执行官。（{?difficulty}%s {?length}%s）]]></entry>
	<entry id="town_quest_progress_plot_pets_xweald_3"><![CDATA[击溃逃往宠物捕手执行官]]></entry>
	<entry id="str_plot_pets_xweald_3_tip"><![CDATA[了结让宠物偷猎组织井然有序的领导者！尽管，其他一些能力较差的成员还在这片土地上游荡，但这将是一个杰出的功劳——如果你能成功的话！]]></entry>
	<entry id="str_returned_from_plot_pets_xweald_3_failure"><![CDATA[{?hero_names}%s被宠物捕手执行官消灭了。（{?difficulty}%s {?length}%s）]]></entry>
	<entry id="str_returned_from_plot_pets_xweald_3_success"><![CDATA[{?hero_names}%s击溃了宠物捕手执行官。（{?difficulty}%s {?length}%s）]]></entry>
	<entry id="town_event_title_plot_end_pets_xweald_3"><![CDATA[击溃宠物捕手执行官]]></entry>
	<entry id="town_event_description_plot_end_pets_xweald_3"><![CDATA[你击溃了宠物捕手执行官。]]></entry>
	<entry id="town_quest_name_plot_pets_xweald_3"><![CDATA[击溃宠物捕手执行官]]></entry>
	<entry id="town_quest_description_plot_pets_xweald_3"><![CDATA[{colour_start|pet_a}宠物捕手执行官{colour_end}仍在负隅顽抗。这绝非易事……为了宠物们击溃他！购买所有可以你可以携带的绷带、解毒剂、药草、鸦片酊、铲子和食物。 祝你好运。]]></entry>
	
	<!--Cove 1 -->		
	<entry id="str_caretaker_goal_plot_pets_xcove_1"><![CDATA[追寻逃往海湾的宠物捕手学徒]]></entry>
	<entry id="str_embarked_on_plot_pets_xcove_1"><![CDATA[{?hero_names}%s出发探索海湾，试图追上宠物捕手学徒。（{?difficulty}%s {?length}%s）]]></entry>
	<entry id="town_quest_progress_plot_pets_xcove_1"><![CDATA[击败宠物捕手学徒]]></entry>
	<entry id="str_plot_pets_xcove_1_tip"><![CDATA[宠物捕手的爪牙们已经被无情地训练过战斗了！]]></entry>
	<entry id="str_returned_from_plot_pets_xcove_1_failure"><![CDATA[{?hero_names}%s在试图击败宠物捕手学徒时被杀死在海湾。（{?difficulty}%s {?length}%s）]]></entry>
	<entry id="str_returned_from_plot_pets_xcove_1_success"><![CDATA[{?hero_names}%s设法击败了宠物捕手学徒，但是他又逃跑了！（{?difficulty}%s {?length}%s）]]></entry>
	<entry id="town_event_title_plot_end_pets_xcove_1"><![CDATA[击败宠物捕手学徒]]></entry>
	<entry id="town_event_description_plot_end_pets_xcove_1"><![CDATA[宠物捕手学被追踪到了海湾，并进行了第二次战斗！]]></entry>
	<entry id="town_quest_name_plot_pets_xcove_1"><![CDATA[击败宠物捕手学徒]]></entry>
	<entry id="town_quest_description_plot_pets_xcove_1"><![CDATA[{colour_start|pet_a}宠物捕手学徒{colour_end}——他就是个懦夫——逃到海湾并集结了更多力量。抓住并击败他！]]></entry>
	
	<!--Cove 2 -->		
	<entry id="str_caretaker_goal_plot_pets_xcove_2"><![CDATA[对峙逃往海湾的高级宠物捕手]]></entry>
	<entry id="str_embarked_on_plot_pets_xcove_2"><![CDATA[{?hero_names}%s冒险进入海湾，试图与高级宠物捕手对峙。（{?difficulty}%s {?length}%s）]]></entry>
	<entry id="town_quest_progress_plot_pets_xcove_2"><![CDATA[对峙逃往海湾的高级宠物捕手]]></entry>
	<entry id="str_plot_pets_xcove_2_tip"><![CDATA[这片海湾比你以往的探索过地方要更深。高级宠物捕手将更难被找到。]]></entry>
	<entry id="str_returned_from_plot_pets_xcove_2_failure"><![CDATA[{?hero_names}%s在试图追击高级宠物捕手时被屠杀于海湾。（{?difficulty}%s {?length}%s）]]></entry>
	<entry id="str_returned_from_plot_pets_xcove_2_success"><![CDATA[{?hero_names}%s追上了逃往海湾的高级宠物捕手，并解救了一只萌宠，但是这个懦夫又一次调头逃往南方。（{?difficulty}%s {?length}%s）]]></entry>
	<entry id="town_event_title_plot_end_pets_xcove_2"><![CDATA[对峙逃往海湾的高级宠物捕手]]></entry>
	<entry id="town_event_description_plot_end_pets_xcove_2"><![CDATA[高级宠物捕手被对峙了。]]></entry>
	<entry id="town_quest_name_plot_pets_xcove_2"><![CDATA[对峙逃往海湾的高级宠物捕手]]></entry>
	<entry id="town_quest_description_plot_pets_xcove_2"><![CDATA[{colour_start|pet_a}高级宠物捕手{colour_end}试图在海湾扭曲的洞穴里让你迷失方向。为你的队伍提供充足的补给，并唤起你所有的勇气！]]></entry>
	
	<!--Cove 3 -->		
	<entry id="str_caretaker_goal_plot_pets_xcove_3"><![CDATA[追捕逃往海湾的宠物捕手执行官]]></entry>
	<entry id="str_embarked_on_plot_pets_xcove_3"><![CDATA[{?hero_names}%s冒险进入海湾，试图找到宠物捕手执行官。（{?difficulty}%s {?length}%s）]]></entry>
	<entry id="town_quest_progress_plot_pets_xcove_3"><![CDATA[追捕宠物捕手执行官]]></entry>
	<entry id="str_plot_pets_xcove_3_tip"><![CDATA[宠物捕手执行官占据了一些地理上优势；洞窟又长又乱，你极有可能冒着在找到他之前就用光补给的风险！]]></entry>
	<entry id="str_returned_from_plot_pets_xcove_3_failure"><![CDATA[{?hero_names}%s在束腿追捕宠物捕手执行官时被击败于海湾。（{?difficulty}%s {?length}%s）]]></entry>
	<entry id="str_returned_from_plot_pets_xcove_3_success"><![CDATA[{?hero_names}%s找到并打败了宠物捕手执行官，他像一个懦夫一样逃离了海湾！（{?difficulty}%s {?length}%s）]]></entry>
	<entry id="town_event_title_plot_end_pets_xcove_3"><![CDATA[追捕宠物捕手执行官]]></entry>
	<entry id="town_event_description_plot_end_pets_xcove_3"><![CDATA[追捕宠物捕手执行官]]></entry>
	<entry id="town_quest_name_plot_pets_xcove_3"><![CDATA[追捕捕手执行官]]></entry>
	<entry id="town_quest_description_plot_pets_xcove_3"><![CDATA[{colour_start|pet_a}宠物捕手执行官{colour_end}逃往了海湾的一个迷窟之内，试图让你迷失其中。他隐藏在一个复杂的洞穴系统的深处。购买所有你可以携带的绷带、解毒剂、药草、鸦片酊、铲子和食物。]]></entry>
	
<!-- Phase 2 Strings -->
<!-- Rarities -->
	<entry id="trinket_rarity_pet_e"><![CDATA[宠物（元素）]]></entry>
	
<!-- Trinket Sets Label -->	
	<entry id="str_inventory_set_title_petset_combined5"><![CDATA[{colour_start|pet_a}“元素湮灭”{colour_end}]]></entry>
 
<!-- Pet Names Phase 2 -->
	<entry id="str_inventory_title_trinketSoulPets32"><![CDATA[“圣徒”（保加利亚犬）]]></entry>
	<entry id="str_inventory_title_trinketSoulPets33"><![CDATA[“贝拉”（兰花螳螂）]]></entry>
	<entry id="str_inventory_title_trinketSoulPets34"><![CDATA[“维洛斯”（赤狐）]]></entry>
	<entry id="str_inventory_title_trinketSoulPets35"><![CDATA[“奥萝拉”（珊瑚蛇）]]></entry>
	<entry id="str_inventory_title_trinketSoulPets36"><![CDATA[“白牙”（骷髅狼）]]></entry>
	<entry id="str_inventory_title_trinketSoulPets37"><![CDATA[“探查者”（秃鹰）]]></entry>
	<entry id="str_inventory_title_trinketSoulPets38"><![CDATA[“磐岩”（蜗牛）]]></entry>
	<entry id="str_inventory_title_trinketSoulPets39"><![CDATA[“伙计”（博美犬）]]></entry>
	<entry id="str_inventory_title_trinketSoulPets40"><![CDATA[“帕里姆”（变色龙）]]></entry>
	<entry id="str_inventory_title_trinketSoulPets41"><![CDATA[“小猫咪”（美洲狮）]]></entry>
	<entry id="str_inventory_title_trinketSoulPets42"><![CDATA[“希卡”（刺猬）]]></entry>
	<entry id="str_inventory_title_trinketSoulPets43"><![CDATA[“阿德里尔”（仓鸮）]]></entry>
	<entry id="str_inventory_title_trinketSoulPets44"><![CDATA[“盖伊希斯”（水元素）]]></entry>
	<entry id="str_inventory_title_trinketSoulPets45"><![CDATA[“伊格尼斯”（火元素）]]></entry>
	<entry id="str_inventory_title_trinketSoulPets46"><![CDATA[“哔哔咚咚”（凤凰）]]></entry>
	<entry id="str_inventory_title_trinketSoulPets47"><![CDATA[“回声”（母狼）]]></entry>
	<entry id="str_inventory_title_trinketSoulPets48"><![CDATA[“西比尔”（蜜袋鼯）]]></entry>
	<entry id="str_inventory_title_trinketSoulPets49"><![CDATA[“阿尔忒弥斯”（獾）]]></entry>
	<entry id="str_inventory_title_trinketSoulPets50"><![CDATA[“小玩意”（铜牛）]]></entry>
	<entry id="str_inventory_title_trinketSoulPets51"><![CDATA[“佩内洛普”（未成年的独角兽）]]></entry>
	<entry id="str_inventory_title_trinketSoulPets52"><![CDATA[“圣哉”（约克夏梗犬）]]></entry>
	
	<!--Fang Summons Skills Names-->
	<entry id="str_monstername_petsskeleton_common_B"><![CDATA[白牙的随从]]></entry>
	<entry id="str_monster_skill_fang_summon_cudgel"><![CDATA[随从棍击]]></entry>
    <entry id="str_monster_skill_fang_summon_cudgel_weak"><![CDATA[虚弱棍击]]></entry>
	
	<!--New False Rule-->
	<entry id="buff_rule_tooltip_in_dungeon_false"><![CDATA[ 禁用]]></entry>
	
<!--Pet Trinket ToolTips Skill Names-->
	
	<entry id="buff_stat_tooltip_upgrade_discount_BUTC_pet_tooltip_x"><![CDATA[{colour_start|notable}顽皮小狗：{colour_end}友军技能：{colour_start|stress}压力-5{colour_end}]]></entry>
   <entry id="buff_stat_tooltip_upgrade_discount_BUTC_pet_tooltip_b_x"><![CDATA[{colour_start|healhp}舔舐伤口：{colour_end}友军技能：目标{colour_start|healhp}+2生命{colour_end}（33%%概率）]]></entry>
   <entry id="buff_stat_tooltip_upgrade_discount_BUTC_pet_tooltip_c_x"><![CDATA[{colour_start|healhp}轻舔脸颊：{colour_end}击杀怪物：自身{colour_start|healhp}+2生命{colour_end}（33%%概率）]]></entry>
     <entry id="buff_stat_tooltip_upgrade_discount_BUTC_pet_tooltip_d_x"><![CDATA[{colour_start|bleed}热血沸腾：{colour_end}在位置2时：{colour_start|bleed}+50%%流血持续时间{colour_end}]]></entry>
   
   	<entry id="buff_stat_tooltip_upgrade_discount_GROV_pet_tooltip_x"><![CDATA[{colour_start|pet_a}兰花增益：{colour_end}：+50%%{colour_start|healhp}生命治疗技能{colour_end} 在第一回合]]></entry>
   <entry id="buff_stat_tooltip_upgrade_discount_GROV_pet_tooltip_b_x"><![CDATA[{colour_start|mark}螳螂标记：{colour_end}被击中时：{colour_start|mark}标记攻击者{colour_end}（65%%概率）]]></entry>
   <entry id="buff_stat_tooltip_upgrade_discount_GROV_pet_tooltip_c_x"><![CDATA[{colour_start|notable}安神拟态：{colour_end}友军技能：{colour_start|stress}-3压力{colour_end}（75%%概率）]]></entry>
      <entry id="buff_stat_tooltip_upgrade_discount_GROV_pet_tooltip_d_x"><![CDATA[{colour_start|yellow}食肉美人：{colour_end}击杀怪物：队伍{colour_start|healhp}治疗{colour_end}2伤害/每回合 持续2回合（20%%概率）]]></entry>
   
   	<entry id="buff_stat_tooltip_upgrade_discount_THOR_pet_tooltip_x"><![CDATA[{colour_start|stealth}反击之爪：{colour_end}被击中时：概率使攻击者：+4%%{colour_start|buff}被暴击率{colour_end}（2回合）]]></entry>
   <entry id="buff_stat_tooltip_upgrade_discount_THOR_pet_tooltip_b_x"><![CDATA[{colour_start|notable}狐之狡黠：{colour_end}攻击未中：+5{colour_start|notable}精准{colour_end}（2回合）]]></entry>
   <entry id="buff_stat_tooltip_upgrade_discount_THOR_pet_tooltip_c_x"><![CDATA[{colour_start|bleed}狐入鸡窝：{colour_end}+25%%伤害 对{colour_start|bleed}流血目标{colour_end}]]></entry>
   <entry id="buff_stat_tooltip_upgrade_discount_THOR_pet_tooltip_d_x"><![CDATA[{colour_start|yellow}诡计之狐：{colour_end}击杀怪物 在{colour_start|yellow}位置2时{colour_end}：其他英雄 {colour_start|stress}-3压力{colour_end}（65%%概率）]]></entry>
   
   	<entry id="buff_stat_tooltip_upgrade_discount_SNAK_pet_tooltip_x"><![CDATA[{colour_start|notable}先发制人：{colour_end}第一回合时：+10{colour_start|notable}暴击{colour_end}概率]]></entry>
   <entry id="buff_stat_tooltip_upgrade_discount_SNAK_pet_tooltip_b_x"><![CDATA[{colour_start|green}蜕皮：{colour_end}被击中时：{colour_start|green}转移{colour_end}{colour_start|bleed}流血{colour_end}+{colour_start|blight}腐蚀{colour_end}]]></entry>
   <entry id="buff_stat_tooltip_upgrade_discount_SNAK_pet_tooltip_c_x"><![CDATA[{colour_start|knockback}催眠食客：{colour_end}{colour_start|stress}盛宴：每有一个击杀：{colour_end}队伍{colour_start|stress}-2压力{colour_end}（75%%概率）]]></entry>
    <entry id="buff_stat_tooltip_upgrade_discount_SNAK_pet_tooltip_d_x"><![CDATA[{colour_start|pop_text_crit_damage}最后一击：{colour_end}处于{colour_start|deathdoor}濒死{colour_end}：+20{colour_start|notable}暴击{colour_end}概率]]></entry>
   
   	<entry id="buff_stat_tooltip_upgrade_discount_HARB_pet_tooltip_x"><![CDATA[{colour_start|notable}刺骨寒意：{colour_end}被击中时：队伍+5{colour_start|buff}防御{colour_end}（2回合）（50%%概率）]]></entry>
   <entry id="buff_stat_tooltip_upgrade_discount_HARB_pet_tooltip_b_x"><![CDATA[{colour_start|knockback}死者哀嚎：{colour_end}击杀怪物：33%%概率{colour_start|knockback}召唤骷髅{colour_end}]]></entry>
   <entry id="buff_stat_tooltip_upgrade_discount_HARB_pet_tooltip_c_x"><![CDATA[{colour_start|notable}幸存者本能：{colour_end}未使用技能时：+10%%队伍{colour_start|disease}疾病抗性{colour_end}（2回合）]]></entry>
   
   	<entry id="buff_stat_tooltip_upgrade_discount_SEER_pet_tooltip_x"><![CDATA[{colour_start|yellow}秃鹰之魂：{colour_end}{colour_start|stress}+50%%压力治疗{colour_end}]]></entry>
   <entry id="buff_stat_tooltip_upgrade_discount_SEER_pet_tooltip_b_x"><![CDATA[{colour_start|blue}秃鹰羽毛：{colour_end}友军技能：{colour_start|bleed}治愈流血{colour_end}（25%%概率）]]></entry>
   <entry id="buff_stat_tooltip_upgrade_discount_SEER_pet_tooltip_c_x"><![CDATA[{colour_start|debuff}鹰爪标记：{colour_end}攻击命中：{colour_start|mark}标记目标{colour_end}（50%%概率）]]></entry>
    <entry id="buff_stat_tooltip_upgrade_discount_SEER_pet_tooltip_d_x"><![CDATA[{colour_start|move}啄击眼睛：{colour_end}被击中时：攻击者：-5{colour_start|debuff}精准{colour_end}（2回合）]]></entry>
   
   	<entry id="buff_stat_tooltip_upgrade_discount_ENIG_pet_tooltip_x"><![CDATA[{colour_start|stun}对数螺线：{colour_end}+15%%伤害 对{colour_start|stun}眩晕{colour_end}]]></entry>
   <entry id="buff_stat_tooltip_upgrade_discount_ENIG_pet_tooltip_b_x"><![CDATA[{colour_start|buff}外壳增幅：{colour_end}被击中时：其他英雄：+10%%{colour_start|buff}伤害{colour_end}（2回合）]]></entry>
   <entry id="buff_stat_tooltip_upgrade_discount_ENIG_pet_tooltip_c_x"><![CDATA[{colour_start|move}钙质外壳：{colour_end}击杀时：队伍+30%%{colour_start|move}伤害反射{colour_end}（1回合）（75%%概率）]]></entry>
    <entry id="buff_stat_tooltip_upgrade_discount_ENIG_pet_tooltip_d_x"><![CDATA[{colour_start|stress}压力外壳：{colour_end}{colour_start|trap}秘仪屏障{colour_end}：其他英雄 {colour_start|stress}-3压力{colour_end}（50%%概率）]]></entry>
   <entry id="buff_stat_tooltip_upgrade_discount_ENIG_pet_tooltip_t_x"><![CDATA[+30%% {colour_start|move}伤害反射{colour_end}]]></entry>	
	
   	<entry id="buff_stat_tooltip_upgrade_discount_WERE_pet_tooltip_x"><![CDATA[{colour_start|mortaldebuff}博美活力：{colour_end}{colour_start|stress}-25%%压力伤害{colour_end} 来自血裔]]></entry>
   <entry id="buff_stat_tooltip_upgrade_discount_WERE_pet_tooltip_b_x"><![CDATA[{colour_start|pop_text_crit_damage}标记领地：{colour_end}命中时：{colour_start|mark}标记目标{colour_end}（40%%概率）（2回合）]]></entry>
   <entry id="buff_stat_tooltip_upgrade_discount_WERE_pet_tooltip_c_x"><![CDATA[{colour_start|notable}小狗远眺：{colour_end}20%%伤害 对{colour_start|mark}标记{colour_end}]]></entry>
   <entry id="buff_stat_tooltip_upgrade_discount_WERE_pet_tooltip_d_x"><![CDATA[{colour_start|knockback}趣味玩伴：{colour_end}+3{colour_start|deathdoor}致死{colour_end}抗性]]></entry>
   
   	<entry id="buff_stat_tooltip_upgrade_discount_PHAN_pet_tooltip_x"><![CDATA[{colour_start|notable}立体视觉：{colour_end}在荒野：暴击时：+100%%{colour_start|stress}压力治疗{colour_end}]]></entry>
   <entry id="buff_stat_tooltip_upgrade_discount_PHAN_pet_tooltip_b_x"><![CDATA[{colour_start|green}卷曲长尾：{colour_end}在兽窟：击杀时：+25%%{colour_start|notable}伤害{colour_end}（2回合）]]></entry>
    <entry id="buff_stat_tooltip_upgrade_discount_PHAN_pet_tooltip_c_x"><![CDATA[{colour_start|buff}弹道投射：{colour_end}在遗迹：击杀时：+5%%{colour_start|buff}暴击{colour_end}（2回合）]]></entry>
	<entry id="buff_stat_tooltip_upgrade_discount_PHAN_pet_tooltip_d_x"><![CDATA[{colour_start|stealth}海湾隐者：{colour_end}在海湾：击杀时：{colour_start|stealth}潜行{colour_end}（2回合）]]></entry>
   
      	<entry id="buff_stat_tooltip_upgrade_discount_APOT_pet_tooltip_x"><![CDATA[{colour_start|stress}安神风度：{colour_end}+20%%{colour_start|stress}压力治疗{colour_end}]]></entry>
   <entry id="buff_stat_tooltip_upgrade_discount_APOT_pet_tooltip_b_x"><![CDATA[{colour_start|yellow}油光针刺：{colour_end}友军技能：15%%概率{colour_start|disease}治愈疾病{colour_end}]]></entry>
   <entry id="buff_stat_tooltip_upgrade_discount_APOT_pet_tooltip_c_x"><![CDATA[{colour_start|stealth}夜行食客：{colour_end}击杀怪物：其他英雄 {colour_start|healhp}治疗0-3生命{colour_end}]]></entry>
    <entry id="buff_stat_tooltip_upgrade_discount_APOT_pet_tooltip_d_x"><![CDATA[{colour_start|notable}防卫蜷缩：{colour_end}+10%%{colour_start|blight}腐蚀抗性{colour_end}]]></entry>
   
   	<entry id="buff_stat_tooltip_upgrade_discount_HARL_pet_tooltip_x"><![CDATA[{colour_start|stun}美洲狮爪：{colour_end}+10%%{colour_start|bleed}流血{colour_end}技能概率]]></entry>
   <entry id="buff_stat_tooltip_upgrade_discount_HARL_pet_tooltip_b_x"><![CDATA[{colour_start|bleed}猫咪抓挠：{colour_end}+40%%{colour_start|bleed}流血{colour_end}量]]></entry>
   <entry id="buff_stat_tooltip_upgrade_discount_HARL_pet_tooltip_c_x"><![CDATA[{colour_start|virtue}猫咪呼噜：{colour_end}击杀怪物：其他英雄{colour_start|stress}压力-2{colour_end}]]></entry>
     <entry id="buff_stat_tooltip_upgrade_discount_HARL_pet_tooltip_d_x"><![CDATA[{colour_start|riposte}雌性猎手：{colour_end}被击中时：激活{colour_start|riposte}反击{colour_end} （1回合）（40%%概率）]]></entry>
   
   	<entry id="buff_stat_tooltip_upgrade_discount_NIGH_pet_tooltip_x"><![CDATA[{colour_start|notable}安神夜枭：{colour_end}{colour_start|healhp}月神之泪：{colour_end}{colour_start|stress}压力-5{colour_end}]]></entry>
   <entry id="buff_stat_tooltip_upgrade_discount_NIGH_pet_tooltip_b_x"><![CDATA[{colour_start|stun}尖利之声：{colour_end}解除标记{colour_start|stun} 1回合{colour_end}（15%%概率）]]></entry>
   <entry id="buff_stat_tooltip_upgrade_discount_NIGH_pet_tooltip_c_x"><![CDATA[{colour_start|blue}蜘蛛猎手：{colour_end}+15精准/+5暴击 对{colour_start|blue}蜘蛛{colour_end}）]]></entry>
    <entry id="buff_stat_tooltip_upgrade_discount_NIGH_pet_tooltip_d_x"><![CDATA[{colour_start|buff}扰乱振翅：{colour_end}+5{colour_start|buff}闪避{colour_end}]]></entry>
   
   	<entry id="buff_stat_tooltip_upgrade_discount_ARCA_pet_tooltip_x"><![CDATA[{colour_start|scouting}潮湿皮肤：{colour_end}+10%%{colour_start|debuff}减益{colour_end}技能概率 如果{colour_start|torch_centre}亮度低于51{colour_end}]]></entry>
   <entry id="buff_stat_tooltip_upgrade_discount_ARCA_pet_tooltip_b_x"><![CDATA[{colour_start|knockback}水弹加农：{colour_end}命中时：造成{colour_start|knockback}2水属性伤害{colour_end}（50%%概率）]]></entry>
   <entry id="buff_stat_tooltip_upgrade_discount_ARCA_pet_tooltip_c_x"><![CDATA[{colour_start|miasma}滑不溜秋：{colour_end}被击中时：概率使对方-3{colour_start|debuff}精准{colour_end}和-5{colour_start|move}位移抗性{colour_end}（2回合）]]></entry>
    <entry id="buff_stat_tooltip_upgrade_discount_ARCA_pet_tooltip_d_x"><![CDATA[{colour_start|virtue}清爽水花：{colour_end}击杀怪物：其他英雄 {colour_start|stress}压力-2{colour_end}]]></entry>
   

    <entry id="buff_stat_tooltip_upgrade_discount_ARCA_pet_tooltip_f_x"><![CDATA[{colour_start|notable}减压排毒：{colour_end}击杀时：自身{colour_start|stress}-2压力{colour_end}]]></entry>
	<entry id="buff_stat_tooltip_upgrade_discount_ARCA_pet_tooltip_g_x"><![CDATA[{colour_start|yellow}高温：{colour_end}+4{colour_start|yellow}暴击{colour_end}概率 如果{colour_start|yellow}亮度高于79{colour_end}]]></entry>
   <entry id="buff_stat_tooltip_upgrade_discount_ARCA_pet_tooltip_h_x"><![CDATA[{colour_start|debuff}熔化护甲：{colour_end}被击中时：概率使攻击者承受-5{colour_start|debuff}防御{colour_end}（2回合）]]></entry>
      <entry id="buff_stat_tooltip_upgrade_discount_ARCA_pet_tooltip_i_x"><![CDATA[{colour_start|bleed}火焰射线：{colour_end}命中时：概率+4{colour_start|bleed}被暴击率{colour_end}（2回合）]]></entry>
      <entry id="buff_stat_tooltip_upgrade_discount_ARCA_pet_tooltip_q_x"><![CDATA[{colour_start|notable}元素附加：{colour_end}奥术师需要额外的食物以避免施法疲劳]]></entry>
   
   	<entry id="buff_stat_tooltip_upgrade_discount_WARR_pet_tooltip_x"><![CDATA[{colour_start|notable}光芒四射：{colour_end}在位置1：-20%% {colour_start|stress}受到的压力伤害{colour_end}]]></entry>
   <entry id="buff_stat_tooltip_upgrade_discount_WARR_pet_tooltip_b_x"><![CDATA[{colour_start|stun}闪耀光辉：{colour_end}友军技能：+5{colour_start|yellow}亮度{colour_end}]]></entry>
   <entry id="buff_stat_tooltip_upgrade_discount_WARR_pet_tooltip_c_x"><![CDATA[{colour_start|yellow}活力再生：{colour_end}击杀怪物：其他英雄 {colour_start|healhp}治疗0-2{colour_end}（33%%概率）]]></entry>
   <entry id="buff_stat_tooltip_upgrade_discount_WARR_pet_tooltip_d_x"><![CDATA[{colour_start|bleed}凤凰之火：{colour_end}濒死状态：被击中时：{colour_start|healhp}+50%%生命{colour_end}（50%%概率）]]></entry>
      <entry id="buff_stat_tooltip_upgrade_discount_WARR_pet_tooltip_e_x"><![CDATA[{colour_start|pop_text_crit_damage}旭日东升：{colour_end}被击中时：队伍{colour_start|stress}-20压力{colour_end}和{colour_start|yellow}+100亮度{colour_end}（5%%概率）]]></entry>
   
   
   	<entry id="buff_stat_tooltip_upgrade_discount_MONK_pet_tooltip_x"><![CDATA[{colour_start|notable}跟踪猎物：{colour_end}-40%%{colour_start|stress}受到的压力伤害{colour_end} 来自野兽]]></entry>
   <entry id="buff_stat_tooltip_upgrade_discount_MONK_pet_tooltip_b_x"><![CDATA[{colour_start|move}狼爪：{colour_end}+3{colour_start|buff}暴击{colour_end} 概率]]></entry>
   <entry id="buff_stat_tooltip_upgrade_discount_MONK_pet_tooltip_c_x"><![CDATA[{colour_start|bleed}恶狼啃咬：{colour_end}命中时：{colour_start|bleed}流血{colour_end}1伤害/每回合 持续3回合（120%%基础概率）]]></entry>
      <entry id="buff_stat_tooltip_upgrade_discount_MONK_pet_tooltip_d_x"><![CDATA[{colour_start|surprised}振奋狼嚎：{colour_end}友军技能：清除{colour_start|stress}恐惧{colour_end}（33%%概率）]]></entry>
   
   	<entry id="buff_stat_tooltip_upgrade_discount_SOOT_pet_tooltip_x"><![CDATA[{colour_start|healhp}高压治疗：{colour_end}如果{colour_start|stress}压力{colour_end}超过99：击杀时：{colour_start|healhp}1-3生命队伍治疗{colour_end}]]></entry>
   <entry id="buff_stat_tooltip_upgrade_discount_SOOT_pet_tooltip_b_x"><![CDATA[{colour_start|stun}厄运预兆：{colour_end}命中时：{colour_start|stun}眩晕{colour_end}（115%%基础概率）]]></entry>
   <entry id="buff_stat_tooltip_upgrade_discount_SOOT_pet_tooltip_c_x"><![CDATA[{colour_start|notable}蜜袋滑翔者：{colour_end}被击中时：+25%% {colour_start|stress}队伍受到的压力治疗{colour_end}（2回合）]]></entry>
    <entry id="buff_stat_tooltip_upgrade_discount_SOOT_pet_tooltip_d_x"><![CDATA[{colour_start|pet_a}未来真相：{colour_end}友军技能：15%%概率获得{colour_start|yellow}1个额外回合{colour_end}]]></entry>
   
   
      	<entry id="buff_stat_tooltip_upgrade_discount_DRYA_pet_tooltip_x"><![CDATA[{colour_start|notable}觅食者：{colour_end}+25%%{colour_start|healhp}生命治疗技能{colour_end}]]></entry>
   <entry id="buff_stat_tooltip_upgrade_discount_DRYA_pet_tooltip_b_x"><![CDATA[{colour_start|buff}攻击行为{colour_end}：+20%%{colour_start|stun}眩晕抗性{colour_end}]]></entry>
   <entry id="buff_stat_tooltip_upgrade_discount_DRYA_pet_tooltip_c_x"><![CDATA[{colour_start|trap}挖掘利爪：{colour_end}：命中时：{colour_start|bleed}流血{colour_end}2伤害/每回合 持续2回合（120%%基础概率）]]></entry>
      <entry id="buff_stat_tooltip_upgrade_discount_DRYA_pet_tooltip_d_x"><![CDATA[（禁用技能：{colour_start|blight}蚀汝灵魂{colour_end}）]]></entry>
      <entry id="buff_stat_tooltip_upgrade_discount_DRYA_pet_tooltip_e_x"><![CDATA[{colour_start|specificclass}獾之家族：{colour_end}{colour_start|specificclass}树肤术：{colour_end}{colour_start|stress}-4压力{colour_end}（40%%概率）]]></entry>
   
   
   
  <entry id="buff_stat_tooltip_upgrade_discount_HOLL_pet_tooltip_x"><![CDATA[{colour_start|green}好斗守卫：{colour_end}+25%%{colour_start|stress}压力治疗{colour_end}]]></entry>
   <entry id="buff_stat_tooltip_upgrade_discount_HOLL_pet_tooltip_b_x"><![CDATA[{colour_start|notable}铜牛踩踏：{colour_end}如果生命值低于51%%：+7{colour_start|notable}暴击{colour_end}概率]]></entry>
   <entry id="buff_stat_tooltip_upgrade_discount_HOLL_pet_tooltip_c_x"><![CDATA[{colour_start|notable}暴击践踏：{colour_end}如果生命值低于16%%：+12{colour_start|notable}暴击{colour_end}概率]]></entry>
  <entry id="buff_stat_tooltip_upgrade_discount_HOLL_pet_tooltip_d_x"><![CDATA[{colour_start|blight}有毒蒸汽：{colour_end}被击中时：概率{colour_start|stun}眩晕攻击者{colour_end} {colour_start|stress}邪秽{colour_end}免疫]]></entry>
    <entry id="buff_stat_tooltip_upgrade_discount_HOLL_pet_tooltip_e_x"><![CDATA[{colour_start|guard}金属表皮：{colour_end}击杀时：{colour_start|guard}守护其他英雄{colour_end}（1回合）]]></entry>
	
	  <entry id="buff_stat_tooltip_upgrade_discount_EXOR_pet_tooltip_x"><![CDATA[{colour_start|yellow}爱犬振奋：{colour_end}+100%%{colour_start|stress}压力治疗{colour_end}]]></entry>
   <entry id="buff_stat_tooltip_upgrade_discount_EXOR_pet_tooltip_b_x"><![CDATA[{colour_start|buff}忠诚伙伴：{colour_end}+12%%{colour_start|stun}眩晕{colour_end}技能概率]]></entry>
   <entry id="buff_stat_tooltip_upgrade_discount_EXOR_pet_tooltip_c_x"><![CDATA[{colour_start|bleed}好斗撕咬；{colour_end}技能：{colour_start|notable}严惩管教：{colour_end}概率{colour_start|bleed}流血2伤害/每回合{colour_end} 持续2回合]]></entry>
  <entry id="buff_stat_tooltip_upgrade_discount_EXOR_pet_tooltip_d_x"><![CDATA[{colour_start|blight}圣餐食用：{colour_end}击杀时：概率 {colour_start|healhp}治疗队伍0-4生命{colour_end}]]></entry>
   
   
      	<entry id="buff_stat_tooltip_upgrade_discount_UNIC_pet_tooltip_x"><![CDATA[{colour_start|yellow}独角振奋：{colour_end}被击中时：队伍 {colour_start|stress}-2 压力{colour_end}（50%%概率）]]></entry>
   <entry id="buff_stat_tooltip_upgrade_discount_UNIC_pet_tooltip_b_x"><![CDATA[{colour_start|stun}纯洁与优雅：{colour_end}击杀时：{colour_start|healhp}治疗队伍1-2{colour_end}（40%%概率）]]></entry>
   <entry id="buff_stat_tooltip_upgrade_discount_UNIC_pet_tooltip_c_x"><![CDATA[{colour_start|buff}螺旋独角：{colour_end}攻击命中：造成{colour_start|buff}1-2魔法伤害{colour_end}（65%%概率）]]></entry>
   <entry id="buff_stat_tooltip_upgrade_discount_UNIC_pet_tooltip_d_x"><![CDATA[{colour_start|disease}魔法治疗：{colour_end}友军技能：{colour_start|disease}治愈疾病{colour_end}（1%%概率）]]></entry>
    <entry id="buff_stat_tooltip_upgrade_discount_UNIC_pet_tooltip_e_x"><![CDATA[{colour_start|stress}真是稀奇，这只独角兽或许可以和任何英雄一起旅行。{colour_end}]]></entry>
	<entry id="buff_stat_tooltip_upgrade_discount_UNIC_pet_tooltip_f_x"><![CDATA[{colour_start|stress}尚未完全明晰，独角兽可能拥有{colour_end}{colour_start|yellow}额外的效果！{colour_end}]]></entry>

<!-- Doom Strings -->
<!-- Rarities -->
	<entry id="trinket_rarity_pet_d"><![CDATA[宠物（晶体化）]]></entry>
	
<!-- Trinket Sets Label -->	
	<entry id="str_inventory_set_title_petset_combineddoom"><![CDATA[{colour_start|pet_d}“混沌中的和谐”{colour_end}]]></entry>

	<entry id="str_inventory_title_trinketSoulPets53"><![CDATA[“小穿山”（三带犰狳）]]></entry>
	<entry id="str_inventory_title_trinketSoulPets54"><![CDATA[“因布拉”（海鸥）]]></entry>
	<entry id="str_inventory_title_trinketSoulPets60"><![CDATA[“麦洛”（土狗）]]></entry>
	<entry id="str_inventory_title_trinketSoulPets61"><![CDATA[“莫氏”（宠物石）]]></entry>
	<entry id="str_inventory_title_trinketSoulPets62"><![CDATA[“培根”（猪人幼崽）]]></entry>

<!--Doom Pets ToolTips Skill Names-->
	<entry id="buff_stat_tooltip_upgrade_discount_DOO1_pet_tooltip_x"><![CDATA[{colour_start|petdoom}寰宇吠叫：{colour_end}被击中时：{colour_start|buff}20%%伤害反射{colour_end}（60%% 概率）]]></entry>
   <entry id="buff_stat_tooltip_upgrade_discount_DOO1_pet_tooltip_b_x"><![CDATA[{colour_start|healhp}舔舐伤口：{colour_end}击杀时：队伍治愈{colour_start|bleed}流血{colour_end}（60%% 概率）]]></entry>
   <entry id="buff_stat_tooltip_upgrade_discount_DOO1_pet_tooltip_c_x"><![CDATA[{colour_start|notable}狗崽守护：{colour_end} 友军技能：{colour_start|buff}守护队伍其他{colour_end}（1回合）（65%% 概率）]]></entry>
     <entry id="buff_stat_tooltip_upgrade_discount_DOO1_pet_tooltip_d_x"><![CDATA[{colour_start|petdoom}水晶实体：{colour_end}+4{colour_start|pop_text_crit_damage}暴击概率{colour_end} 对{colour_start|petdoom}瘪壳怪{colour_end}]]></entry>
     <entry id="buff_stat_tooltip_upgrade_discount_DOO1_pet_tooltip_e_x"><![CDATA[{colour_start|stress}谐波自爆：{colour_end}英雄死亡：{colour_start|stress}压力治疗队伍100{colour_end}]]></entry>

	<entry id="buff_stat_tooltip_upgrade_discount_DOO2_pet_tooltip_x"><![CDATA[{colour_start|buff}晶体振动：{colour_end}击杀时：队伍其他：{colour_start|healhp}+15受到的生命治疗{colour_end}（75%% 概率）]]></entry>
   <entry id="buff_stat_tooltip_upgrade_discount_DOO2_pet_tooltip_b_x"><![CDATA[{colour_start|buff}晶格点阵：{colour_end}击杀时：队伍：{colour_start|stress}+15%%受到的压力治疗{colour_end}（75%% 概率）]]></entry>
   <entry id="buff_stat_tooltip_upgrade_discount_DOO2_pet_tooltip_c_x"><![CDATA[{colour_start|scouting}奇异图腾：{colour_end}被击中时：自身{colour_start|blight}+6%%腐蚀技能概率{colour_end} 攻击者：{colour_start|blight}-6%%腐蚀抗性{colour_end}]]></entry>
     <entry id="buff_stat_tooltip_upgrade_discount_DOO2_pet_tooltip_d_x"><![CDATA[{colour_start|petdoom}水晶实体：{colour_end}+4{colour_start|buff}速度{colour_end} 对{colour_start|petdoom}瘪壳怪{colour_end}]]></entry>
     <entry id="buff_stat_tooltip_upgrade_discount_DOO2_pet_tooltip_e_x"><![CDATA[{colour_start|healhp}寰宇自爆：{colour_end} 英雄死亡：{colour_start|healhp}治疗队伍{colour_end}8伤害/每回合 持续2回合]]></entry>

	<entry id="buff_stat_tooltip_upgrade_discount_DOO3_pet_tooltip_x"><![CDATA[{colour_start|blight}毒性皮肤：{colour_end}攻击命中：{colour_start|blight}腐蚀{colour_end}2伤害/每回合 持续2回合]]></entry>
   <entry id="buff_stat_tooltip_upgrade_discount_DOO3_pet_tooltip_b_x"><![CDATA[{colour_start|blight}侵蚀晶体：{colour_end}被击中时：{colour_start|blight}转移腐蚀{colour_end}]]></entry>
   <entry id="buff_stat_tooltip_upgrade_discount_DOO3_pet_tooltip_c_x"><![CDATA[{colour_start|buff}共振治疗：{colour_end}击杀时：其他英雄：{colour_start|blight}治愈腐蚀{colour_end}（65%%概率）]]></entry>
     <entry id="buff_stat_tooltip_upgrade_discount_DOO3_pet_tooltip_d_x"><![CDATA[{colour_start|petdoom}水晶实体：{colour_end}+15%%{colour_start|blight}腐蚀技能概率{colour_end} 对{colour_start|petdoom}瘪壳怪{colour_end}]]></entry>
     <entry id="buff_stat_tooltip_upgrade_discount_DOO3_pet_tooltip_e_x"><![CDATA[{colour_start|blight}剧毒自爆：{colour_end}英雄死亡：敌人：{colour_start|blight}腐蚀{colour_end}6伤害/每回合 持续2回合]]></entry>

	<entry id="buff_stat_tooltip_upgrade_discount_ROGU_pet_tooltip_x"><![CDATA[{colour_start|yellow}迅捷伴侣：{colour_end}+2{colour_start|yellow}速度{colour_end}]]></entry>
   <entry id="buff_stat_tooltip_upgrade_discount_ROGU_pet_tooltip_b_x"><![CDATA[{colour_start|riposte}杀手灵感：{colour_end}击杀时：激活{colour_start|riposte}反击{colour_end}（1回合）（50%%概率）]]></entry>
   <entry id="buff_stat_tooltip_upgrade_discount_ROGU_pet_tooltip_c_x"><![CDATA[{colour_start|healhp}坚壳治疗：{colour_end}友军技能目标：+25%%{colour_start|healhp}受到的生命治疗{colour_end}（2回合）（70%%概率）]]></entry>
   <entry id="buff_stat_tooltip_upgrade_discount_ROGU_pet_tooltip_d_x"><![CDATA[{colour_start|bleed}尖锐针刺：{colour_end}湮灭打击：概率造成{colour_start|bleed}流血3伤害/每回合{colour_end} 持续2回合]]></entry>

	<entry id="buff_stat_tooltip_upgrade_discount_OCEA_pet_tooltip_x"><![CDATA[{colour_start|notable}顽皮小狗：{colour_end}友军技能：{colour_start|stress}压力-5{colour_end}]]></entry>
   <entry id="buff_stat_tooltip_upgrade_discount_OCEA_pet_tooltip_b_x"><![CDATA[{colour_start|healhp}舔舐伤口：{colour_end}友军技能：目标{colour_start|healhp}+2生命{colour_end}（33%%概率）]]></entry>
   <entry id="buff_stat_tooltip_upgrade_discount_OCEA_pet_tooltip_c_x"><![CDATA[{colour_start|healhp}舔舐脸颊：{colour_end}击杀怪物：自身{colour_start|healhp}+2生命{colour_end}（33%%概率）]]></entry>
     <entry id="buff_stat_tooltip_upgrade_discount_OCEA_pet_tooltip_d_x"><![CDATA[{colour_start|bleed}血脉之火：{colour_end}处于位置2：{colour_start|bleed}+50%%流血持续时间{colour_end}]]></entry>

<!-- END Doom Pets Strings -->
 <!-- MIssing String Issue for one user? -->
 <entry id="trinket_was_hit_additional_effects"><![CDATA[被击中时：]]></entry>
 	<entry id="buff_stat_tooltip_hp_dot_bleed_amount_percent"><![CDATA[%+d%%{colour_start|bleed}流血{colour_end}量]]></entry>

   	<!-- PARA PET Strings -->
		<entry id="buff_stat_tooltip_upgrade_discount_PARA_pet_tooltip_x"><![CDATA[{colour_start|buff}辐射能量：{colour_end}+10{colour_start|buff}精准{colour_end}]]></entry>
	<entry id="buff_stat_tooltip_upgrade_discount_PARA_pet_tooltip_b_x"><![CDATA[{colour_start|unholyaspect}能量湮灭：{colour_end}{colour_start|yellow}戈利格尔牢笼：{colour_end}{colour_start|stress}-50%%压力伤害{colour_end}]]></entry>
    <entry id="buff_stat_tooltip_upgrade_discount_PARA_pet_tooltip_c_x"><![CDATA[{colour_start|stress}粒子净化：{colour_end}{colour_start|notable}电浆超载：{colour_end} 其他英雄：{colour_start|stress}压力-4{colour_end}（60%%概率）]]></entry>
    <entry id="buff_stat_tooltip_upgrade_discount_PARA_pet_tooltip_d_x"><![CDATA[{colour_start|petdoom}物质——能量当量：{colour_end}击杀时：自身{colour_start|healhp}治疗3{colour_end}（30%%概率）]]></entry>
    <entry id="buff_stat_tooltip_upgrade_discount_PARA_pet_tooltip_e_x"><![CDATA[{colour_start|petdoom}引力时间膨胀：{colour_end}击杀时：其他英雄：{colour_start|healhp}治疗6{colour_end}（5%%概率）]]></entry>
	<entry id="buff_stat_tooltip_upgrade_discount_PARA_pet_tooltip_f_x"><![CDATA[{colour_start|notable}“他真是个丑陋的小圆球，不是吗？”{colour_end}]]></entry>
	
		<entry id="str_inventory_title_trinketSoulPets55"><![CDATA[“马威”（天牛虫）]]></entry>
	<entry id="str_inventory_title_trinketSoulPets56"><![CDATA[“卡斯珀”（友善的外质体）]]></entry>
	<entry id="str_inventory_title_trinketSoulPets57"><![CDATA[“伊皮翁”（山鸡）]]></entry>
	<entry id="str_inventory_title_trinketSoulPets58"><![CDATA[“凯登斯”（小鬼）]]></entry>
	<entry id="str_inventory_title_trinketSoulPets59"><![CDATA[“锛子”（水晶化的蝎子）]]></entry>
	<entry id="str_inventory_title_trinketSoulPets63"><![CDATA[“艾尔”（温迪戈猿）]]></entry>
	<entry id="str_inventory_title_trinketSoulPets64"><![CDATA[“待定”（未知）]]></entry>
	<entry id="str_inventory_title_trinketSoulPets65"><![CDATA[“耶利哥”（地狱犬）]]></entry>

<!--Doom Pets ToolTips Skill Names-->

	<entry id="buff_stat_tooltip_upgrade_discount_DEAT_pet_tooltip_x"><![CDATA[{colour_start|bloodaspect}鲜血形态：{colour_end}+12%%{colour_start|bleed}流血{colour_end}技能概率和抗性]]></entry>
    <entry id="buff_stat_tooltip_upgrade_discount_DEAT_pet_tooltip_b_x"><![CDATA[{colour_start|bloodaspect}鲜血狂怒：{colour_end}击杀时：增益自身：+40%%{colour_start|buff}伤害{colour_end}（1回合）]]></entry>
    <entry id="buff_stat_tooltip_upgrade_discount_DEAT_pet_tooltip_c_x"><![CDATA[{colour_start|frostaspect}冰霜形态：{colour_end}+12%%{colour_start|stun}眩晕{colour_end}技能概率技能概率和抗性]]></entry>
    <entry id="buff_stat_tooltip_upgrade_discount_DEAT_pet_tooltip_d_x"><![CDATA[{colour_start|frostaspect}眩晕猛攻：{colour_end}被命中时：15%%概率{colour_start|stun}眩晕敌方全体{colour_end}（130%%基础概率）]]></entry>
	<entry id="buff_stat_tooltip_upgrade_discount_DEAT_pet_tooltip_e_x"><![CDATA[{colour_start|unholyaspect}邪秽形态：{colour_end}+12%% {colour_start|blight}腐蚀{colour_end}技能概率和抗性]]></entry>
    <entry id="buff_stat_tooltip_upgrade_discount_DEAT_pet_tooltip_f_x"><![CDATA[{colour_start|unholyaspect}时间涟漪：{colour_end}移除{colour_start|blight}死亡并腐烂{colour_end}的冷却]]></entry>
    <entry id="buff_stat_tooltip_upgrade_discount_DEAT_pet_tooltip_g_x"><![CDATA[{colour_start|notable}一指罕见的魔法甲虫，能拟态并增强能量，{colour_end}]]></entry>
    <entry id="buff_stat_tooltip_upgrade_discount_DEAT_pet_tooltip_h_x"><![CDATA[{colour_start|notable}天牛虫需要额外的食物来维持它们的能力。{colour_end}]]></entry>	 
	 

 	<entry id="buff_stat_tooltip_upgrade_discount_RESC_pet_tooltip_x"><![CDATA[{colour_start|buff}扫荡天空：{colour_end}+4{colour_start|buff}速度{colour_end} 如果生命值低于60%%]]></entry>
   <entry id="buff_stat_tooltip_upgrade_discount_RESC_pet_tooltip_b_x"><![CDATA[{colour_start|harmful}狩猎伙伴：{colour_end}群攻战术：+60%%{colour_start|harmful}伤害{colour_end}]]></entry>
   <entry id="buff_stat_tooltip_upgrade_discount_RESC_pet_tooltip_c_x"><![CDATA[{colour_start|healhp}鸟类代谢：{colour_end}生命治疗技能：+1额外{colour_start|healhp}生命治疗{colour_end}]]></entry>
   <entry id="buff_stat_tooltip_upgrade_discount_RESC_pet_tooltip_d_x"><![CDATA[{colour_start|debuff}亲昵山鸡：{colour_end}击杀时：{colour_start|stress}+50%%压力治疗{colour_end}（仅下一回合）]]></entry>
   
   
   	<entry id="buff_stat_tooltip_upgrade_discount_BLUE_pet_tooltip_x"><![CDATA[{colour_start|stealth}魔鬼之眼：{colour_end}无视{colour_start|stealth}潜行{colour_end}]]></entry>
   <entry id="buff_stat_tooltip_upgrade_discount_BLUE_pet_tooltip_b_x"><![CDATA[{colour_start|stealth}小鬼隐身:{colour_end}被击中时：{colour_start|stealth}自身潜行{colour_end} 20%%概率（1回合）]]></entry>
   <entry id="buff_stat_tooltip_upgrade_discount_BLUE_pet_tooltip_c_x"><![CDATA[{colour_start|move}欲望之翼：{colour_end}+20%%{colour_start|move}位移{colour_end}技能概率]]></entry>
   <entry id="buff_stat_tooltip_upgrade_discount_BLUE_pet_tooltip_d_x"><![CDATA[{colour_start|red}生命传输：{colour_end}击杀时：{colour_start|healhp}窃取2生命{colour_end}（30%%概率）]]></entry>
      <entry id="buff_stat_tooltip_upgrade_discount_BLUE_pet_tooltip_e_x"><![CDATA[{colour_start|red}三叉之物：{colour_end}击杀时：队伍其他：{colour_start|red}承受2伤害{colour_end}（3%%概率）]]></entry>
   
   
   	<entry id="buff_stat_tooltip_upgrade_discount_STEE_pet_tooltip_x"><![CDATA[{colour_start|petdoom}水晶毒液：{colour_end}水晶修复：+100%%{colour_start|healhp}生命治疗{colour_end}]]></entry>
   <entry id="buff_stat_tooltip_upgrade_discount_STEE_pet_tooltip_b_x"><![CDATA[{colour_start|blight}神经肌肉毒刺：{colour_end}重锤时间：{colour_start|blight}腐蚀{colour_end}1伤害/回合 持续4回合]]></entry>
   <entry id="buff_stat_tooltip_upgrade_discount_STEE_pet_tooltip_c_x"><![CDATA[{colour_start|stealth}荧光：{colour_end}击杀时：队伍获得{colour_start|stealth}无视潜行{colour_end}（1回合）]]></entry>
   <entry id="buff_stat_tooltip_upgrade_discount_STEE_pet_tooltip_d_x"><![CDATA[{colour_start|petdoom}结晶外骨骼：{colour_end}被击中时：15%%{colour_start|petdoom}伤害反射{colour_end}（2回合）]]></entry>
      <entry id="buff_stat_tooltip_upgrade_discount_STEE_pet_tooltip_e_x"><![CDATA[{colour_start|debuff}蝎子碎步：{colour_end}击杀时：+2队伍{colour_start|debuff}速度{colour_end}（2回合）]]></entry>
   
   
   	<entry id="buff_stat_tooltip_upgrade_discount_BARBA_pet_tooltip_x"><![CDATA[{colour_start|yellow}Name:{colour_end} +2 {colour_start|yellow}SPD{colour_end}]]></entry>
   <entry id="buff_stat_tooltip_upgrade_discount_BARBA_pet_tooltip_b_x"><![CDATA[{colour_start|riposte}Name:{colour_end} On Kill: Activate {colour_start|riposte}Riposte{colour_end} (1 rd)]]></entry>
   <entry id="buff_stat_tooltip_upgrade_discount_BARBA_pet_tooltip_c_x"><![CDATA[{colour_start|healhp}Name:{colour_end} Friendly Skill Targets: +25%% {colour_start|healhp}Healing Received{colour_end} (2 rds)(70%% Chance)]]></entry>
   <entry id="buff_stat_tooltip_upgrade_discount_BARBA_pet_tooltip_d_x"><![CDATA[{colour_start|bleed}Name:{colour_end} Obliterate: Chance {colour_start|bleed}Bleed 3 pts/rd{colour_end} for 2 rds]]></entry>
   
   
     	<entry id="buff_stat_tooltip_upgrade_discount_ZENI_pet_tooltip_x"><![CDATA[{colour_start|yellow}Name:{colour_end} +2 {colour_start|yellow}SPD{colour_end}]]></entry>
   <entry id="buff_stat_tooltip_upgrade_discount_ZENI_pet_tooltip_b_x"><![CDATA[{colour_start|riposte}Name:{colour_end} On Kill: Activate {colour_start|riposte}Riposte{colour_end} (1 rd)]]></entry>
   <entry id="buff_stat_tooltip_upgrade_discount_ZENI_pet_tooltip_c_x"><![CDATA[{colour_start|healhp}Name:{colour_end} Friendly Skill Targets: +25%% {colour_start|healhp}Healing Received{colour_end} (2 rds)(70%% Chance)]]></entry>
   <entry id="buff_stat_tooltip_upgrade_discount_ZENI_pet_tooltip_d_x"><![CDATA[{colour_start|bleed}Name:{colour_end} Obliterate: Chance {colour_start|bleed}Bleed 3 pts/rd{colour_end} for 2 rds]]></entry>
   
   
     	<entry id="buff_stat_tooltip_upgrade_discount_COUN_pet_tooltip_x"><![CDATA[{colour_start|yellow}Name:{colour_end} +2 {colour_start|yellow}SPD{colour_end}]]></entry>
   <entry id="buff_stat_tooltip_upgrade_discount_COUN_pet_tooltip_b_x"><![CDATA[{colour_start|riposte}Name:{colour_end} On Kill: Activate {colour_start|riposte}Riposte{colour_end} (1 rd)]]></entry>
   <entry id="buff_stat_tooltip_upgrade_discount_COUN_pet_tooltip_c_x"><![CDATA[{colour_start|healhp}Name:{colour_end} Friendly Skill Targets: +25%% {colour_start|healhp}Healing Received{colour_end} (2 rds)(70%% Chance)]]></entry>
   <entry id="buff_stat_tooltip_upgrade_discount_COUN_pet_tooltip_d_x"><![CDATA[{colour_start|bleed}Name:{colour_end} Obliterate: Chance {colour_start|bleed}Bleed 3 pts/rd{colour_end} for 2 rds]]></entry>
   
   
   
  <!--BLANK 4 Skill Names--> 
   	<entry id="buff_stat_tooltip_upgrade_discount_XXXX_pet_tooltip_x"><![CDATA[{colour_start|yellow}Name:{colour_end} +2 {colour_start|yellow}SPD{colour_end}]]></entry>
   <entry id="buff_stat_tooltip_upgrade_discount_XXXX_pet_tooltip_b_x"><![CDATA[{colour_start|riposte}Name:{colour_end} On Kill: Activate {colour_start|riposte}Riposte{colour_end} (1 rd)]]></entry>
   <entry id="buff_stat_tooltip_upgrade_discount_XXXX_pet_tooltip_c_x"><![CDATA[{colour_start|healhp}Name:{colour_end} Friendly Skill Targets: +25%% {colour_start|healhp}Healing Received{colour_end} (2 rds)(70%% Chance)]]></entry>
   <entry id="buff_stat_tooltip_upgrade_discount_XXXX_pet_tooltip_d_x"><![CDATA[{colour_start|bleed}Name:{colour_end} Obliterate: Chance {colour_start|bleed}Bleed 3 pts/rd{colour_end} for 2 rds]]></entry>
 </language>  
 </root>

