<?xml version="1.0" encoding="UTF-8"?>
<root>
  <language id="schinese">
  <entry id="str_roaming_tooltip_doom"><![CDATA[有概率遭遇毁灭日]]></entry>

<!-- Crate START--> 
<!--Addition Crate Names--> 
    <entry id="str_monstername_crystal_crate_A"><![CDATA[水晶箱笼]]></entry>
    <entry id="str_monstername_crystal_crate_B"><![CDATA[水晶箱笼]]></entry>
    <entry id="str_monstername_crystal_crate_C"><![CDATA[水晶箱笼]]></entry>
	<entry id="str_monstername_crystal_crate_D"><![CDATA[水晶箱笼]]></entry>
    <entry id="str_monstername_crystal_crate_E"><![CDATA[水晶箱笼]]></entry>

<entry id="str_monster_skill_crystal_21_monster"><![CDATA[破坏倾向]]></entry>
    <entry id="str_monster_skill_crystal_22_monster"><![CDATA[水晶防护]]></entry>
	<entry id="str_monster_skill_crystal_23_monster"><![CDATA[再生光环]]></entry>
<!-- Crate END--> 

<!--Reflection Fixer--> 
<entry id="buff_stat_tooltip_damage_reflect_percent"><![CDATA[%d%%伤害反射]]></entry>
  
<!--Doomsday Names--> 
    <entry id="buff_rule_data_tooltip_doomsday"><![CDATA[{colour_start|doomsday}毁灭日{colour_end}]]></entry>

    <entry id="str_monstername_doomsday_A"><![CDATA[大理石毁灭日]]></entry>
    <entry id="str_monstername_doomsday_B"><![CDATA[长石毁灭日]]></entry>
    <entry id="str_monstername_doomsday_C"><![CDATA[花岗岩毁灭日]]></entry>
	<entry id="str_monstername_doomsday_D"><![CDATA[石英毁灭日]]></entry>
    <entry id="str_monstername_doomsday_E"><![CDATA[橄榄石毁灭日]]></entry>
	
<!--Doomsday Skill Names-->
	<entry id="str_monster_skill_golem_punch"><![CDATA[石像重拳]]></entry>
    <entry id="str_monster_skill_reckoning"><![CDATA[最终审判]]></entry>
	<entry id="str_monster_skill_crystal_cleansing"><![CDATA[水晶净化]]></entry>
	<entry id="str_monster_skill_doomsday_comes"><![CDATA[毁灭降临]]></entry>
	<entry id="str_monster_skill_enraged_one"><![CDATA[怒气增长]]></entry>
    <entry id="str_monster_skill_enraged_two"><![CDATA[怒火冲天]]></entry>
	<entry id="str_monster_skill_comet_crash"><![CDATA[彗星冲击]]></entry>
<entry id="str_monster_skill_crystal_summons"><![CDATA[构造循环]]></entry>
<entry id="str_monster_skill_DOOM_riposte"><![CDATA[反击]]></entry>

<!--Doomsday Crystal Names--> 	
	<entry id="str_monstername_doomsday_crystal_A"><![CDATA[石英碎片]]></entry>
    <entry id="str_monstername_doomsday_crystal_B"><![CDATA[翡翠碎片]]></entry>
    <entry id="str_monstername_doomsday_crystal_C"><![CDATA[黄玉碎片]]></entry>
	<entry id="str_monstername_doomsday_crystal_D"><![CDATA[蓝宝石碎片]]></entry>
    <entry id="str_monstername_doomsday_crystal_E"><![CDATA[钻石碎片]]></entry>
	
<!--Doomsday Crystal Skill Names-->
	<entry id="str_monster_skill_crystal_01_self"><![CDATA[充能震荡]]></entry>

    <entry id="str_monster_skill_crystal_02_hero"><![CDATA[折磨波长]]></entry>
	<entry id="str_monster_skill_crystal_03_hero"><![CDATA[弱点震频]]></entry>
	<entry id="str_monster_skill_crystal_04_hero"><![CDATA[恐惧频率]]></entry>
	<entry id="str_monster_skill_crystal_05_hero">
<![CDATA[威能脉冲]]></entry>

    <entry id="str_monster_skill_crystal_06_monster"><![CDATA[强能震荡]]></entry>
	<entry id="str_monster_skill_crystal_07_monster"><![CDATA[折磨波长]]></entry>
	<entry id="str_monster_skill_crystal_08_monster"><![CDATA[回避震频]]></entry>
	<entry id="str_monster_skill_crystal_09_monster"><![CDATA[治疗调音]]></entry>

<!--Doom Trained Hound--> 
    <entry id="str_monstername_doomtrained_dog_A"><![CDATA[石英幼犬]]></entry>
    <entry id="str_monstername_doomtrained_dog_B"><![CDATA[翡翠犬]]></entry>
    <entry id="str_monstername_doomtrained_dog_C"><![CDATA[黄玉犬]]></entry>
	<entry id="str_monstername_doomtrained_dog_D"><![CDATA[蓝宝石犬]]></entry>
    <entry id="str_monstername_doomtrained_dog_E"><![CDATA[钻石犬]]></entry>
	
	<entry id="str_monster_skill_DOOM_trained_chomp"><![CDATA[水晶之咬]]></entry>
    <entry id="str_monster_skill_DOOM_trained_bite"><![CDATA[水晶急袭]]></entry>
	<entry id="str_monster_skill_DOOM_trained_guard"><![CDATA[水晶守护]]></entry>

<!--Doomsday Subtitles town events-->
<entry id="str_vo_town_event_plot_quest_doomsday_xruin_1_0"><![CDATA[一阵爆炸声响彻在遗迹！你应该去调查一下！]]></entry>
<entry id="str_vo_town_event_plot_quest_doomsday_xwarrens_3_0"><![CDATA[毁灭日逃到了兽窟来进行适应。找到并消灭他。]]></entry>
<entry id="str_vo_town_event_plot_quest_doomsday_xtown_5_0"><![CDATA[在哈姆雷特中你帮助重建的一切被毁灭日摧毁之前保护它。]]></entry>

<entry id="str_vo_town_event_plot_quest_doomsday_xruin_1B_0"><![CDATA[]]></entry>
<entry id="str_vo_town_event_plot_quest_doomsday_xwarrens_3B_0"><![CDATA[]]></entry>
<entry id="str_vo_town_event_plot_quest_doomsday_xtown_5B_0"><![CDATA[]]></entry>

<!--Doomsday Quirks-->
	<entry id="buff_stat_tooltip_upgrade_discount_DOOM_quirk_custom_tip_A_buff_x"><![CDATA[来自{colour_start|doomsday}毁灭肉{colour_end}的水晶碎片改变了你]]></entry>
	
	<entry id="str_quirk_name_doomsday_quirk_01"><![CDATA[毁灭对抗者]]></entry>
	<entry id="str_quirk_name_doomsday_quirk_02"><![CDATA[毁灭抵抗者]]></entry>
	<entry id="str_quirk_name_doomsday_quirk_03"><![CDATA[毁灭幸存者]]></entry>
	<entry id="str_quirk_name_doomsday_quirk_04"><![CDATA[毁灭挑战者]]></entry>
	
<!-- Town Defense Skip -->	
	<entry id="town_quest_select_not_town_event_plot_quest_plot_doomsday_xtown_5_confirm"><![CDATA[你必须得从{colour_start|doomsday}毁灭日{colour_end}手中保护哈姆雷特！如果你对袭击坐视不管，那么将你将会因为附带的伤害失去三个建筑升级。]]></entry>


	<!-- Trinket Rarity -->	
	<entry id="trinket_rarity_doomsday"><![CDATA[水晶]]></entry>
	
	<!-- Trinket Set -->		
	<entry id="str_inventory_set_title_doomsday_combined"><![CDATA[{colour_start|doomsday}审判残余{colour_end}]]></entry>
	
	<!--Trinket Custom Tooltip -->	
	<entry id="buff_stat_tooltip_upgrade_discount_DOOM_trinket_custom_tip_A_buff_x"><![CDATA[命中时：{colour_start|debuff}减益攻击者：{colour_end}-20%%防御（2回合）]]></entry>
	
	<!-- Trinkets -->
	<entry id="str_inventory_title_trinketdoomsday_01"><![CDATA[毁灭日的破碎水晶]]></entry>
	<entry id="str_inventory_title_trinketdoomsday_02"><![CDATA[毁灭日的完好水晶]]></entry>
	<entry id="str_inventory_title_trinketdoomsday_03"><![CDATA[群星神盾]]></entry>

<!-- Town Obstacle Name -->
<entry id="str_obstacle_doom_shipwreck_description"><![CDATA[岩石和晶体堵住了道路。]]></entry>
    <entry id="str_obstacle_doom_shipwreck_title"><![CDATA[矿物突起]]></entry>


	<!--Town Event: First Doomsday -->
    <entry id="town_event_title_doomsday_intro_A"><![CDATA[遗迹中的一道诡异光芒]]></entry>
    <entry id="town_event_description_doomsday_intro_A"><![CDATA[一道着雷鸣般的爆炸声伴随着不断跳动的绿光从遗迹之中传了出来。做好调查的准备。这些古老的地下墓穴之中究竟都发生了什么？]]></entry>
	
	 <!--Ruins 1-->		
	<entry id="str_caretaker_goal_plot_doomsday_xruin_1"><![CDATA[击败大理石毁灭日]]></entry>
	<entry id="str_embarked_on_plot_doomsday_xruin_1"><![CDATA[{?hero_names}%s探索了发光的遗迹，以挑战大理石毁灭日。（{?difficulty}%s {?length}%s）]]></entry>
	<entry id="town_quest_progress_plot_doomsday_xruin_1"><![CDATA[击败大理石毁灭日]]></entry>
	<entry id="str_plot_doomsday_xruin_1_tip"><![CDATA[准备好使出你的全力鏖战一场吧！]]></entry>
	<entry id="str_returned_from_plot_doomsday_xruin_1_failure"><![CDATA[{?hero_names}%s被大理石毁灭日粉碎了。（{?difficulty}%s {?length}%s）]]></entry>
	<entry id="str_returned_from_plot_doomsday_xruin_1_success"><![CDATA[{?hero_names}%s击败了一个大理石毁灭日，使其退到了兽窟。（{?difficulty}%s {?length}%s）]]></entry>
	<entry id="town_event_title_plot_end_doomsday_xruin_1"><![CDATA[大理石毁灭日被击败了。]]></entry>
	<entry id="town_event_description_plot_end_doomsday_xruin_1"><![CDATA[大理石毁灭日战败了，但是它并没有被消灭，反而逃到了兽窟.]]></entry>
	<entry id="town_quest_name_plot_doomsday_xruin_1"><![CDATA[调查骚乱]]></entry>
	<entry id="town_quest_description_plot_doomsday_xruin_1"><![CDATA[找到并驱逐来到遗迹的新威胁。地下墓穴散发出了颜色与农庄一样的异界光芒，所以准备好你的队伍吧。{colour_start|yellow}提示：{colour_end}这次冒险将会开启{colour_start|doomsday}毁灭日{colour_end}系列剧情。]]></entry>

	<!--Town Event: Seond Doomsday -->
    <entry id="town_event_title_doomsday_intro_C"><![CDATA[毁灭日逃到了兽窟]]></entry>
    <entry id="town_event_description_doomsday_intro_C"><![CDATA[毁灭日逃走了，并且你现在听过兽窟里一直传出奇怪的声响。你恐怕这生物是适应并增长力量。在太迟之前找到并摧毁它！]]></entry>
	
	 <!--Warrens 3-->		
	<entry id="str_caretaker_goal_plot_doomsday_xwarrens_3"><![CDATA[与一个花岗岩毁灭日缠斗]]></entry>
	<entry id="str_embarked_on_plot_doomsday_xwarrens_3"><![CDATA[{?hero_names}%s跟随着毁灭日来到了兽窟，希望可以打败它。（{?difficulty}%s {?length}%s）]]></entry>
	<entry id="town_quest_progress_plot_doomsday_xwarrens_3"><![CDATA[与一个花岗岩毁灭日缠斗]]></entry>
	<entry id="str_plot_doomsday_xwarrens_3_tip"><![CDATA[或许是因为他奇怪的构造，毁灭日几乎免疫流血。]]></entry>
	<entry id="str_returned_from_plot_doomsday_xwarrens_3_failure"><![CDATA[{?hero_names}%s被花岗岩毁灭日歼灭了。（{?difficulty}%s {?length}%s）]]></entry>
	<entry id="str_returned_from_plot_doomsday_xwarrens_3_success"><![CDATA[{?hero_names}%s击败了一个花岗岩毁灭日。（{?difficulty}%s {?length}%s）]]></entry>
	<entry id="town_event_title_plot_end_doomsday_xwarrens_3"><![CDATA[花岗岩毁灭日被追踪到了，但还是被他给逃了……]]></entry>
	<entry id="town_event_description_plot_end_doomsday_xwarrens_3"><![CDATA[毁灭日适应出了一副花岗岩外壳！虽然它被打败了，但它并没有在濒死逃跑之前被摧毁。下次它会在哪出现呢？]]></entry>
	<entry id="town_quest_name_plot_doomsday_xwarrens_3"><![CDATA[追杀毁灭日]]></entry>
	<entry id="town_quest_description_plot_doomsday_xwarrens_3"><![CDATA[{colour_start|doomsday}毁灭日{colour_end}逃到了兽窟，并且进化出了一副更坚硬的、花岗岩的躯壳。在它进化成某种不可毁灭东西之前找到并打败它!]]></entry>
	
	<!--Town Event: Town 5 Doomsday -->
    <entry id="town_event_title_doomsday_intro_E"><![CDATA[毁灭日降临到了哈姆雷特]]></entry>
    <entry id="town_event_description_doomsday_intro_E"><![CDATA[毁灭日已经进化了！它现在的外壳已经进化成了橄榄石，一种硬化地脉之中的造岩矿物！它现在怒火冲天，并想摧毁哈姆雷特，以集结整片领土的生物！这次的威胁已经在劫难逃！]]></entry>
<entry id="town_event_info_doomsday_intro_E"><![CDATA[（如果你失败了，小镇就会毁于一旦.）]]></entry>
	
	 <!--Town 5-->		
	<entry id="str_caretaker_goal_plot_doomsday_xtown_5"><![CDATA[粉碎橄榄石毁灭日]]></entry>
	<entry id="str_embarked_on_plot_doomsday_xtown_5"><![CDATA[{?hero_names}%s在哈姆雷特之中战斗，试图击败橄榄石毁灭日。（{?difficulty}%s {?length}%s）]]></entry>
	<entry id="town_quest_progress_plot_doomsday_xtown_5"><![CDATA[粉碎橄榄石毁灭日]]></entry>
	<entry id="str_plot_doomsday_xtown_5_tip"><![CDATA[这个就是毁灭日吗？保护哈姆雷特！成为传奇的英雄。]]></entry>
	<entry id="str_returned_from_plot_doomsday_xtown_5_failure"><![CDATA[{?hero_names}%s被橄榄石毁灭日摧毁了。（{?difficulty}%s {?length}%s）]]></entry>
	<entry id="str_returned_from_plot_doomsday_xtown_5_success"><![CDATA[{?hero_names}%s摧毁了橄榄石毁灭日。（{?difficulty}%s {?length}%s）]]></entry>
	<entry id="town_event_title_plot_end_doomsday_xtown_5"><![CDATA[橄榄石毁灭日被彻底击败了！]]></entry>
	<entry id="town_event_description_plot_end_doomsday_xtown_5"><![CDATA[你成功了！橄榄石毁灭日被摧毁! （但是或许仍有残余……）]]></entry>
	<entry id="town_quest_name_plot_doomsday_xtown_5"><![CDATA[保护哈姆雷特！]]></entry>
	<entry id="town_quest_description_plot_doomsday_xtown_5"><![CDATA[{colour_start|doomsday}毁灭日{colour_end}已经集结众怪物们来入侵城镇。召集你的防御！全副武装。备好宠物。诚然，你将被视为最伟大的战士……否则你，和小镇，将淹没在宇宙尘埃之中。]]></entry>


	  </language>
</root>
