﻿<?xml version="1.0" encoding="UTF-8"?>
<root>
  <language id="english">
  <entry id="str_monstername_shay_swine_ram_A"><![CDATA[Grond]]></entry>
  <entry id="str_monstername_shay_swine_ram_B"><![CDATA[Grond]]></entry>
  <entry id="str_monstername_shay_swine_ram_C"><![CDATA[Grond]]></entry>
  <entry id="str_monstername_shay_swine_leader_A"><![CDATA[Swine Leader]]></entry>
  <entry id="str_monstername_shay_swine_leader_B"><![CDATA[Swine Chieftain]]></entry>
  <entry id="str_monstername_shay_swine_leader_C"><![CDATA[Swine Warlord]]></entry>
  
  <entry id="str_monster_skill_shay_SwiLea_SwiBatRam_move"><![CDATA[Trundle]]></entry>
  <entry id="str_monster_skill_shay_SwiLea_SwiBatRam_front"><![CDATA[Breach!]]></entry>

  <entry id="str_monster_skill_shay_SwiLea_spear"><![CDATA[Swine Skewer]]></entry>
  <entry id="str_monster_skill_shay_SwiLea_grond"><![CDATA[GROND!]]></entry>
  <entry id="str_monster_skill_shay_SwiLea_muster"><![CDATA[Muster the Herd]]></entry>
  <entry id="str_monster_skill_shay_SwiLea_shield"><![CDATA[Meat Shield]]></entry>
  <entry id="str_monster_skill_shay_SwiLea_destroy"><![CDATA[Destroy Them]]></entry>
  <entry id="str_monster_skill_shay_SwiLea_grope"><![CDATA[Malformed Grope]]></entry>
  
  <entry id="buff_stat_tooltip_upgrade_discount_pb_hand_tt"><![CDATA[Any Skill: {colour_start|buff}Buff Others:{colour_end} +15%% DMG vs {colour_start|mark}Marked{colour_end} {colour_start|skill_unselectable}(66%% base){colour_end}]]></entry>
 
	<entry id="str_warrens_tip"><![CDATA[Beware the dreaded Grond, living battering ram of the Swine's legions.]]></entry>
	<entry id="str_warrens_tip"><![CDATA[The degenerate Swine would raise legions of their own!]]></entry>
	<entry id="str_warrens_tip"><![CDATA[The dreaded Grond is sure to breach your defenses if it reaches you...]]></entry>
	<entry id="str_warrens_tip"><![CDATA[The craven Swine are sure to flee the battle if their Chieftain is slain...]]></entry>
	
 	<entry id="str_inventory_title_trinketpigboss_hand"><![CDATA[Chieftain's Paw]]></entry>
	<entry id="str_inventory_title_trinketpigboss_skull"><![CDATA[Grond's Skull]]></entry>

  </language>
  <language id="french">
    <entry id="str_monstername_shay_swine_ram_A"><![CDATA[Grond]]></entry>
  <entry id="str_monstername_shay_swine_ram_B"><![CDATA[Grond]]></entry>
  <entry id="str_monstername_shay_swine_ram_C"><![CDATA[Grond]]></entry>
  <entry id="str_monstername_shay_swine_leader_A"><![CDATA[Swine Leader]]></entry>
  <entry id="str_monstername_shay_swine_leader_B"><![CDATA[Swine Chieftain]]></entry>
  <entry id="str_monstername_shay_swine_leader_C"><![CDATA[Swine Warlord]]></entry>
  
  <entry id="str_monster_skill_shay_SwiLea_SwiBatRam_move"><![CDATA[Trundle]]></entry>
  <entry id="str_monster_skill_shay_SwiLea_SwiBatRam_front"><![CDATA[Breach!]]></entry>

  <entry id="str_monster_skill_shay_SwiLea_spear"><![CDATA[Boar Spear]]></entry>
  <entry id="str_monster_skill_shay_SwiLea_grond"><![CDATA[GROND!]]></entry>
  <entry id="str_monster_skill_shay_SwiLea_muster"><![CDATA[Muster the Herd]]></entry>
  <entry id="str_monster_skill_shay_SwiLea_shield"><![CDATA[Meat Shield]]></entry>
  <entry id="str_monster_skill_shay_SwiLea_destroy"><![CDATA[Destroy Them]]></entry>
  <entry id="str_monster_skill_shay_SwiLea_grope"><![CDATA[Malformed Grope]]></entry>
  
  <entry id="buff_stat_tooltip_upgrade_discount_pb_hand_tt"><![CDATA[Any Skill: {colour_start|buff}Buff Others:{colour_end} +15%% DMG vs {colour_start|mark}Marked{colour_end} {colour_start|skill_unselectable}(66%% base){colour_end}]]></entry>
 
	<entry id="str_warrens_tip"><![CDATA[Beware the dreaded Grond, living battering ram of the Swine's legions.]]></entry>
	<entry id="str_warrens_tip"><![CDATA[The degenerate Swine would raise legions of their own!]]></entry>
	<entry id="str_warrens_tip"><![CDATA[The dreaded Grond is sure to breach your defenses if it reaches you...]]></entry>
	<entry id="str_warrens_tip"><![CDATA[The craven Swine are sure to flee the battle if their Chieftain is slain...]]></entry>
	
 	<entry id="str_inventory_title_trinketpigboss_hand"><![CDATA[Chieftain's Paw]]></entry>
	<entry id="str_inventory_title_trinketpigboss_skull"><![CDATA[Grond's Skull]]></entry>
  </language>
  
   <language id="polish">
    <entry id="str_monstername_shay_swine_ram_A"><![CDATA[Grond]]></entry>
  <entry id="str_monstername_shay_swine_ram_B"><![CDATA[Grond]]></entry>
  <entry id="str_monstername_shay_swine_ram_C"><![CDATA[Grond]]></entry>
  <entry id="str_monstername_shay_swine_leader_A"><![CDATA[Swine Leader]]></entry>
  <entry id="str_monstername_shay_swine_leader_B"><![CDATA[Swine Chieftain]]></entry>
  <entry id="str_monstername_shay_swine_leader_C"><![CDATA[Swine Warlord]]></entry>
  
  <entry id="str_monster_skill_shay_SwiLea_SwiBatRam_move"><![CDATA[Trundle]]></entry>
  <entry id="str_monster_skill_shay_SwiLea_SwiBatRam_front"><![CDATA[Breach!]]></entry>

  <entry id="str_monster_skill_shay_SwiLea_spear"><![CDATA[Boar Spear]]></entry>
  <entry id="str_monster_skill_shay_SwiLea_grond"><![CDATA[GROND!]]></entry>
  <entry id="str_monster_skill_shay_SwiLea_muster"><![CDATA[Muster the Herd]]></entry>
  <entry id="str_monster_skill_shay_SwiLea_shield"><![CDATA[Meat Shield]]></entry>
  <entry id="str_monster_skill_shay_SwiLea_destroy"><![CDATA[Destroy Them]]></entry>
  <entry id="str_monster_skill_shay_SwiLea_grope"><![CDATA[Malformed Grope]]></entry>
 
  <entry id="buff_stat_tooltip_upgrade_discount_pb_hand_tt"><![CDATA[Any Skill: {colour_start|buff}Buff Others:{colour_end} +15%% DMG vs {colour_start|mark}Marked{colour_end} {colour_start|skill_unselectable}(66%% base){colour_end}]]></entry>
 
	<entry id="str_warrens_tip"><![CDATA[Beware the dreaded Grond, living battering ram of the Swine's legions.]]></entry>
	<entry id="str_warrens_tip"><![CDATA[The degenerate Swine would raise legions of their own!]]></entry>
	<entry id="str_warrens_tip"><![CDATA[The dreaded Grond is sure to breach your defenses if it reaches you...]]></entry>
	<entry id="str_warrens_tip"><![CDATA[The craven Swine are sure to flee the battle if their Chieftain is slain...]]></entry>
	
 	<entry id="str_inventory_title_trinketpigboss_hand"><![CDATA[Chieftain's Paw]]></entry>
	<entry id="str_inventory_title_trinketpigboss_skull"><![CDATA[Grond's Skull]]></entry>
 </language>
  
  <language id="german">
   <entry id="str_monstername_shay_swine_ram_A"><![CDATA[Grond]]></entry>
  <entry id="str_monstername_shay_swine_ram_B"><![CDATA[Grond]]></entry>
  <entry id="str_monstername_shay_swine_ram_C"><![CDATA[Grond]]></entry>
  <entry id="str_monstername_shay_swine_leader_A"><![CDATA[Swine Leader]]></entry>
  <entry id="str_monstername_shay_swine_leader_B"><![CDATA[Swine Chieftain]]></entry>
  <entry id="str_monstername_shay_swine_leader_C"><![CDATA[Swine Warlord]]></entry>
  
  <entry id="str_monster_skill_shay_SwiLea_SwiBatRam_move"><![CDATA[Trundle]]></entry>
  <entry id="str_monster_skill_shay_SwiLea_SwiBatRam_front"><![CDATA[Breach!]]></entry>

  <entry id="str_monster_skill_shay_SwiLea_spear"><![CDATA[Boar Spear]]></entry>
  <entry id="str_monster_skill_shay_SwiLea_grond"><![CDATA[GROND!]]></entry>
  <entry id="str_monster_skill_shay_SwiLea_muster"><![CDATA[Muster the Herd]]></entry>
  <entry id="str_monster_skill_shay_SwiLea_shield"><![CDATA[Meat Shield]]></entry>
  <entry id="str_monster_skill_shay_SwiLea_destroy"><![CDATA[Destroy Them]]></entry>
  <entry id="str_monster_skill_shay_SwiLea_grope"><![CDATA[Malformed Grope]]></entry>
	
  <entry id="buff_stat_tooltip_upgrade_discount_pb_hand_tt"><![CDATA[Any Skill: {colour_start|buff}Buff Others:{colour_end} +15%% DMG vs {colour_start|mark}Marked{colour_end} {colour_start|skill_unselectable}(66%% base){colour_end}]]></entry>
 
	<entry id="str_warrens_tip"><![CDATA[Beware the dreaded Grond, living battering ram of the Swine's legions.]]></entry>
	<entry id="str_warrens_tip"><![CDATA[The degenerate Swine would raise legions of their own!]]></entry>
	<entry id="str_warrens_tip"><![CDATA[The dreaded Grond is sure to breach your defenses if it reaches you...]]></entry>
	<entry id="str_warrens_tip"><![CDATA[The craven Swine are sure to flee the battle if their Chieftain is slain...]]></entry>
	
 	<entry id="str_inventory_title_trinketpigboss_hand"><![CDATA[Chieftain's Paw]]></entry>
	<entry id="str_inventory_title_trinketpigboss_skull"><![CDATA[Grond's Skull]]></entry>
  </language>
  <language id="spanish">
     <entry id="str_monstername_shay_swine_ram_A"><![CDATA[Grond]]></entry>
  <entry id="str_monstername_shay_swine_ram_B"><![CDATA[Grond]]></entry>
  <entry id="str_monstername_shay_swine_ram_C"><![CDATA[Grond]]></entry>
  <entry id="str_monstername_shay_swine_leader_A"><![CDATA[Swine Leader]]></entry>
  <entry id="str_monstername_shay_swine_leader_B"><![CDATA[Swine Chieftain]]></entry>
  <entry id="str_monstername_shay_swine_leader_C"><![CDATA[Swine Warlord]]></entry>
  
  <entry id="str_monster_skill_shay_SwiLea_SwiBatRam_move"><![CDATA[Trundle]]></entry>
  <entry id="str_monster_skill_shay_SwiLea_SwiBatRam_front"><![CDATA[Breach!]]></entry>

  <entry id="str_monster_skill_shay_SwiLea_spear"><![CDATA[Boar Spear]]></entry>
  <entry id="str_monster_skill_shay_SwiLea_grond"><![CDATA[GROND!]]></entry>
  <entry id="str_monster_skill_shay_SwiLea_muster"><![CDATA[Muster the Herd]]></entry>
  <entry id="str_monster_skill_shay_SwiLea_shield"><![CDATA[Meat Shield]]></entry>
  <entry id="str_monster_skill_shay_SwiLea_destroy"><![CDATA[Destroy Them]]></entry>
  <entry id="str_monster_skill_shay_SwiLea_grope"><![CDATA[Malformed Grope]]></entry>
  
  <entry id="buff_stat_tooltip_upgrade_discount_pb_hand_tt"><![CDATA[Any Skill: {colour_start|buff}Buff Others:{colour_end} +15%% DMG vs {colour_start|mark}Marked{colour_end} {colour_start|skill_unselectable}(66%% base){colour_end}]]></entry>
 
	<entry id="str_warrens_tip"><![CDATA[Beware the dreaded Grond, living battering ram of the Swine's legions.]]></entry>
	<entry id="str_warrens_tip"><![CDATA[The degenerate Swine would raise legions of their own!]]></entry>
	<entry id="str_warrens_tip"><![CDATA[The dreaded Grond is sure to breach your defenses if it reaches you...]]></entry>
	<entry id="str_warrens_tip"><![CDATA[The craven Swine are sure to flee the battle if their Chieftain is slain...]]></entry>
	
 	<entry id="str_inventory_title_trinketpigboss_hand"><![CDATA[Chieftain's Paw]]></entry>
	<entry id="str_inventory_title_trinketpigboss_skull"><![CDATA[Grond's Skull]]></entry>
  </language>
  
  <language id="brazilian">
    <entry id="str_monstername_shay_swine_ram_A"><![CDATA[Grond]]></entry>
  <entry id="str_monstername_shay_swine_ram_B"><![CDATA[Grond]]></entry>
  <entry id="str_monstername_shay_swine_ram_C"><![CDATA[Grond]]></entry>
  <entry id="str_monstername_shay_swine_leader_A"><![CDATA[Swine Leader]]></entry>
  <entry id="str_monstername_shay_swine_leader_B"><![CDATA[Swine Chieftain]]></entry>
  <entry id="str_monstername_shay_swine_leader_C"><![CDATA[Swine Warlord]]></entry>
  
  <entry id="str_monster_skill_shay_SwiLea_SwiBatRam_move"><![CDATA[Trundle]]></entry>
  <entry id="str_monster_skill_shay_SwiLea_SwiBatRam_front"><![CDATA[Breach!]]></entry>

  <entry id="str_monster_skill_shay_SwiLea_spear"><![CDATA[Boar Spear]]></entry>
  <entry id="str_monster_skill_shay_SwiLea_grond"><![CDATA[GROND!]]></entry>
  <entry id="str_monster_skill_shay_SwiLea_muster"><![CDATA[Muster the Herd]]></entry>
  <entry id="str_monster_skill_shay_SwiLea_shield"><![CDATA[Meat Shield]]></entry>
  <entry id="str_monster_skill_shay_SwiLea_destroy"><![CDATA[Destroy Them]]></entry>
  <entry id="str_monster_skill_shay_SwiLea_grope"><![CDATA[Malformed Grope]]></entry>
	
   <entry id="buff_stat_tooltip_upgrade_discount_pb_hand_tt"><![CDATA[Any Skill: {colour_start|buff}Buff Others:{colour_end} +15%% DMG vs {colour_start|mark}Marked{colour_end} {colour_start|skill_unselectable}(66%% base){colour_end}]]></entry>
 
	<entry id="str_warrens_tip"><![CDATA[Beware the dreaded Grond, living battering ram of the Swine's legions.]]></entry>
	<entry id="str_warrens_tip"><![CDATA[The degenerate Swine would raise legions of their own!]]></entry>
	<entry id="str_warrens_tip"><![CDATA[The dreaded Grond is sure to breach your defenses if it reaches you...]]></entry>
	<entry id="str_warrens_tip"><![CDATA[The craven Swine are sure to flee the battle if their Chieftain is slain...]]></entry>
	
 	<entry id="str_inventory_title_trinketpigboss_hand"><![CDATA[Chieftain's Paw]]></entry>
	<entry id="str_inventory_title_trinketpigboss_skull"><![CDATA[Grond's Skull]]></entry>
 </language>
  
  <language id="russian">

    <entry id="str_monstername_shay_swine_ram_A"><![CDATA[Grond]]></entry>
  <entry id="str_monstername_shay_swine_ram_B"><![CDATA[Grond]]></entry>
  <entry id="str_monstername_shay_swine_ram_C"><![CDATA[Grond]]></entry>
  <entry id="str_monstername_shay_swine_leader_A"><![CDATA[Swine Leader]]></entry>
  <entry id="str_monstername_shay_swine_leader_B"><![CDATA[Swine Chieftain]]></entry>
  <entry id="str_monstername_shay_swine_leader_C"><![CDATA[Swine Warlord]]></entry>
  
  <entry id="str_monster_skill_shay_SwiLea_SwiBatRam_move"><![CDATA[Trundle]]></entry>
  <entry id="str_monster_skill_shay_SwiLea_SwiBatRam_front"><![CDATA[Breach!]]></entry>

  <entry id="str_monster_skill_shay_SwiLea_spear"><![CDATA[Boar Spear]]></entry>
  <entry id="str_monster_skill_shay_SwiLea_grond"><![CDATA[GROND!]]></entry>
  <entry id="str_monster_skill_shay_SwiLea_muster"><![CDATA[Muster the Herd]]></entry>
  <entry id="str_monster_skill_shay_SwiLea_shield"><![CDATA[Meat Shield]]></entry>
  <entry id="str_monster_skill_shay_SwiLea_destroy"><![CDATA[Destroy Them]]></entry>
  <entry id="str_monster_skill_shay_SwiLea_grope"><![CDATA[Malformed Grope]]></entry>
	
  <entry id="buff_stat_tooltip_upgrade_discount_pb_hand_tt"><![CDATA[Any Skill: {colour_start|buff}Buff Others:{colour_end} +15%% DMG vs {colour_start|mark}Marked{colour_end} {colour_start|skill_unselectable}(66%% base){colour_end}]]></entry>
 
	<entry id="str_warrens_tip"><![CDATA[Beware the dreaded Grond, living battering ram of the Swine's legions.]]></entry>
	<entry id="str_warrens_tip"><![CDATA[The degenerate Swine would raise legions of their own!]]></entry>
	<entry id="str_warrens_tip"><![CDATA[The dreaded Grond is sure to breach your defenses if it reaches you...]]></entry>
	<entry id="str_warrens_tip"><![CDATA[The craven Swine are sure to flee the battle if their Chieftain is slain...]]></entry>
	
 	<entry id="str_inventory_title_trinketpigboss_hand"><![CDATA[Chieftain's Paw]]></entry>
	<entry id="str_inventory_title_trinketpigboss_skull"><![CDATA[Grond's Skull]]></entry>
  </language>
  
  <language id="czech">
    <entry id="str_monstername_shay_swine_ram_A"><![CDATA[Grond]]></entry>
  <entry id="str_monstername_shay_swine_ram_B"><![CDATA[Grond]]></entry>
  <entry id="str_monstername_shay_swine_ram_C"><![CDATA[Grond]]></entry>
  <entry id="str_monstername_shay_swine_leader_A"><![CDATA[Swine Leader]]></entry>
  <entry id="str_monstername_shay_swine_leader_B"><![CDATA[Swine Chieftain]]></entry>
  <entry id="str_monstername_shay_swine_leader_C"><![CDATA[Swine Warlord]]></entry>
  
  <entry id="str_monster_skill_shay_SwiLea_SwiBatRam_move"><![CDATA[Trundle]]></entry>
  <entry id="str_monster_skill_shay_SwiLea_SwiBatRam_front"><![CDATA[Breach!]]></entry>

  <entry id="str_monster_skill_shay_SwiLea_spear"><![CDATA[Boar Spear]]></entry>
  <entry id="str_monster_skill_shay_SwiLea_grond"><![CDATA[GROND!]]></entry>
  <entry id="str_monster_skill_shay_SwiLea_muster"><![CDATA[Muster the Herd]]></entry>
  <entry id="str_monster_skill_shay_SwiLea_shield"><![CDATA[Meat Shield]]></entry>
  <entry id="str_monster_skill_shay_SwiLea_destroy"><![CDATA[Destroy Them]]></entry>
  <entry id="str_monster_skill_shay_SwiLea_grope"><![CDATA[Malformed Grope]]></entry>
	
  <entry id="buff_stat_tooltip_upgrade_discount_pb_hand_tt"><![CDATA[Any Skill: {colour_start|buff}Buff Others:{colour_end} +15%% DMG vs {colour_start|mark}Marked{colour_end} {colour_start|skill_unselectable}(66%% base){colour_end}]]></entry>
 
	<entry id="str_warrens_tip"><![CDATA[Beware the dreaded Grond, living battering ram of the Swine's legions.]]></entry>
	<entry id="str_warrens_tip"><![CDATA[The degenerate Swine would raise legions of their own!]]></entry>
	<entry id="str_warrens_tip"><![CDATA[The dreaded Grond is sure to breach your defenses if it reaches you...]]></entry>
	<entry id="str_warrens_tip"><![CDATA[The craven Swine are sure to flee the battle if their Chieftain is slain...]]></entry>
	
 	<entry id="str_inventory_title_trinketpigboss_hand"><![CDATA[Chieftain's Paw]]></entry>
	<entry id="str_inventory_title_trinketpigboss_skull"><![CDATA[Grond's Skull]]></entry>
  </language>
  <language id="italian">
    <entry id="str_monstername_shay_swine_ram_A"><![CDATA[Grond]]></entry>
  <entry id="str_monstername_shay_swine_ram_B"><![CDATA[Grond]]></entry>
  <entry id="str_monstername_shay_swine_ram_C"><![CDATA[Grond]]></entry>
  <entry id="str_monstername_shay_swine_leader_A"><![CDATA[Swine Leader]]></entry>
  <entry id="str_monstername_shay_swine_leader_B"><![CDATA[Swine Chieftain]]></entry>
  <entry id="str_monstername_shay_swine_leader_C"><![CDATA[Swine Warlord]]></entry>
  
  <entry id="str_monster_skill_shay_SwiLea_SwiBatRam_move"><![CDATA[Trundle]]></entry>
  <entry id="str_monster_skill_shay_SwiLea_SwiBatRam_front"><![CDATA[Breach!]]></entry>

  <entry id="str_monster_skill_shay_SwiLea_spear"><![CDATA[Boar Spear]]></entry>
  <entry id="str_monster_skill_shay_SwiLea_grond"><![CDATA[GROND!]]></entry>
  <entry id="str_monster_skill_shay_SwiLea_muster"><![CDATA[Muster the Herd]]></entry>
  <entry id="str_monster_skill_shay_SwiLea_shield"><![CDATA[Meat Shield]]></entry>
  <entry id="str_monster_skill_shay_SwiLea_destroy"><![CDATA[Destroy Them]]></entry>
  <entry id="str_monster_skill_shay_SwiLea_grope"><![CDATA[Malformed Grope]]></entry>
	
  <entry id="buff_stat_tooltip_upgrade_discount_pb_hand_tt"><![CDATA[Any Skill: {colour_start|buff}Buff Others:{colour_end} +15%% DMG vs {colour_start|mark}Marked{colour_end} {colour_start|skill_unselectable}(66%% base){colour_end}]]></entry>
 
	<entry id="str_warrens_tip"><![CDATA[Beware the dreaded Grond, living battering ram of the Swine's legions.]]></entry>
	<entry id="str_warrens_tip"><![CDATA[The degenerate Swine would raise legions of their own!]]></entry>
	<entry id="str_warrens_tip"><![CDATA[The dreaded Grond is sure to breach your defenses if it reaches you...]]></entry>
	<entry id="str_warrens_tip"><![CDATA[The craven Swine are sure to flee the battle if their Chieftain is slain...]]></entry>
	
 	<entry id="str_inventory_title_trinketpigboss_hand"><![CDATA[Chieftain's Paw]]></entry>
	<entry id="str_inventory_title_trinketpigboss_skull"><![CDATA[Grond's Skull]]></entry>
  </language>
  
  <language id="schinese">
    <entry id="str_monstername_shay_swine_ram_A"><![CDATA[格隆德]]></entry>
  <entry id="str_monstername_shay_swine_ram_B"><![CDATA[格隆德]]></entry>
  <entry id="str_monstername_shay_swine_ram_C"><![CDATA[格隆德]]></entry>
  <entry id="str_monstername_shay_swine_leader_A"><![CDATA[猪人领袖]]></entry>
  <entry id="str_monstername_shay_swine_leader_B"><![CDATA[猪人酋长]]></entry>
  <entry id="str_monstername_shay_swine_leader_C"><![CDATA[猪人军阀]]></entry>
  
  <entry id="str_monster_skill_shay_SwiLea_SwiBatRam_move"><![CDATA[缓慢逼近]]></entry>
  <entry id="str_monster_skill_shay_SwiLea_SwiBatRam_front"><![CDATA[猛突！]]></entry>

  <entry id="str_monster_skill_shay_SwiLea_spear"><![CDATA[野猪长矛]]></entry>
  <entry id="str_monster_skill_shay_SwiLea_grond"><![CDATA[格隆德！]]></entry>
  <entry id="str_monster_skill_shay_SwiLea_muster"><![CDATA[召集兽群]]></entry>
  <entry id="str_monster_skill_shay_SwiLea_shield"><![CDATA[肉盾]]></entry>
  <entry id="str_monster_skill_shay_SwiLea_destroy"><![CDATA[消灭他们]]></entry>
  <entry id="str_monster_skill_shay_SwiLea_grope"><![CDATA[畸形猪手]]></entry>
  
  
  <entry id="buff_stat_tooltip_upgrade_discount_pb_hand_tt"><![CDATA[任何技能：{colour_start|buff}增益其他：{colour_end}+15%%伤害 对{colour_start|mark}标记{colour_end}{colour_start|skill_unselectable}（66%%基础概率）{colour_end}]]></entry>
 
	<entry id="str_warrens_tip"><![CDATA[当心可怕的格隆德，猪人军团的活体攻城锤。]]></entry>
	<entry id="str_warrens_tip"><![CDATA[恶化的猪人会增强自己的军团！]]></entry>
	<entry id="str_warrens_tip"><![CDATA[可怕的格隆德如果接近了你，那么它一定会突破你的防线]]></entry>
	<entry id="str_warrens_tip"><![CDATA[如果他们的酋长被杀，胆小的猪人们一定会逃离战场……]]></entry>
	
 	<entry id="str_inventory_title_trinketpigboss_hand"><![CDATA[酋长的爪子]]></entry>
	<entry id="str_inventory_title_trinketpigboss_skull"><![CDATA[格隆德的头骨]]></entry>
 </language>
 <language id="japanese">
      <entry id="str_monstername_shay_swine_ram_A"><![CDATA[Grond]]></entry>
  <entry id="str_monstername_shay_swine_ram_B"><![CDATA[Grond]]></entry>
  <entry id="str_monstername_shay_swine_ram_C"><![CDATA[Grond]]></entry>
  <entry id="str_monstername_shay_swine_leader_A"><![CDATA[Swine Leader]]></entry>
  <entry id="str_monstername_shay_swine_leader_B"><![CDATA[Swine Chieftain]]></entry>
  <entry id="str_monstername_shay_swine_leader_C"><![CDATA[Swine Warlord]]></entry>
  
  <entry id="str_monster_skill_shay_SwiLea_SwiBatRam_move"><![CDATA[Trundle]]></entry>
  <entry id="str_monster_skill_shay_SwiLea_SwiBatRam_front"><![CDATA[Breach!]]></entry>

  <entry id="str_monster_skill_shay_SwiLea_spear"><![CDATA[Boar Spear]]></entry>
  <entry id="str_monster_skill_shay_SwiLea_grond"><![CDATA[GROND!]]></entry>
  <entry id="str_monster_skill_shay_SwiLea_muster"><![CDATA[Muster the Herd]]></entry>
  <entry id="str_monster_skill_shay_SwiLea_shield"><![CDATA[Meat Shield]]></entry>
  <entry id="str_monster_skill_shay_SwiLea_destroy"><![CDATA[Destroy Them]]></entry>
  <entry id="str_monster_skill_shay_SwiLea_grope"><![CDATA[Malformed Grope]]></entry>
	
  <entry id="buff_stat_tooltip_upgrade_discount_pb_hand_tt"><![CDATA[Any Skill: {colour_start|buff}Buff Others:{colour_end} +15%% DMG vs {colour_start|mark}Marked{colour_end} {colour_start|skill_unselectable}(66%% base){colour_end}]]></entry>
 
	<entry id="str_warrens_tip"><![CDATA[Beware the dreaded Grond, living battering ram of the Swine's legions.]]></entry>
	<entry id="str_warrens_tip"><![CDATA[The degenerate Swine would raise legions of their own!]]></entry>
	<entry id="str_warrens_tip"><![CDATA[The dreaded Grond is sure to breach your defenses if it reaches you...]]></entry>
	<entry id="str_warrens_tip"><![CDATA[The craven Swine are sure to flee the battle if their Chieftain is slain...]]></entry>
	
 	<entry id="str_inventory_title_trinketpigboss_hand"><![CDATA[Chieftain's Paw]]></entry>
	<entry id="str_inventory_title_trinketpigboss_skull"><![CDATA[Grond's Skull]]></entry>
  </language>
<language id="koreana">
	
     <entry id="str_monstername_shay_swine_ram_A"><![CDATA[Grond]]></entry>
  <entry id="str_monstername_shay_swine_ram_B"><![CDATA[Grond]]></entry>
  <entry id="str_monstername_shay_swine_ram_C"><![CDATA[Grond]]></entry>
  <entry id="str_monstername_shay_swine_leader_A"><![CDATA[Swine Leader]]></entry>
  <entry id="str_monstername_shay_swine_leader_B"><![CDATA[Swine Chieftain]]></entry>
  <entry id="str_monstername_shay_swine_leader_C"><![CDATA[Swine Warlord]]></entry>
  
  <entry id="str_monster_skill_shay_SwiLea_SwiBatRam_move"><![CDATA[Trundle]]></entry>
  <entry id="str_monster_skill_shay_SwiLea_SwiBatRam_front"><![CDATA[Breach!]]></entry>

  <entry id="str_monster_skill_shay_SwiLea_spear"><![CDATA[Boar Spear]]></entry>
  <entry id="str_monster_skill_shay_SwiLea_grond"><![CDATA[GROND!]]></entry>
  <entry id="str_monster_skill_shay_SwiLea_muster"><![CDATA[Muster the Herd]]></entry>
  <entry id="str_monster_skill_shay_SwiLea_shield"><![CDATA[Meat Shield]]></entry>
  <entry id="str_monster_skill_shay_SwiLea_destroy"><![CDATA[Destroy Them]]></entry>
  <entry id="str_monster_skill_shay_SwiLea_grope"><![CDATA[Malformed Grope]]></entry>
  
  <entry id="buff_stat_tooltip_upgrade_discount_pb_hand_tt"><![CDATA[Any Skill: {colour_start|buff}Buff Others:{colour_end} +15%% DMG vs {colour_start|mark}Marked{colour_end} {colour_start|skill_unselectable}(66%% base){colour_end}]]></entry>
 
	<entry id="str_warrens_tip"><![CDATA[Beware the dreaded Grond, living battering ram of the Swine's legions.]]></entry>
	<entry id="str_warrens_tip"><![CDATA[The degenerate Swine would raise legions of their own!]]></entry>
	<entry id="str_warrens_tip"><![CDATA[The dreaded Grond is sure to breach your defenses if it reaches you...]]></entry>
	<entry id="str_warrens_tip"><![CDATA[The craven Swine are sure to flee the battle if their Chieftain is slain...]]></entry>
	
 	<entry id="str_inventory_title_trinketpigboss_hand"><![CDATA[Chieftain's Paw]]></entry>
	<entry id="str_inventory_title_trinketpigboss_skull"><![CDATA[Grond's Skull]]></entry>
  </language>
 <language id="koreanb">
	  <entry id="str_monstername_shay_swine_ram_A"><![CDATA[Grond]]></entry>
  <entry id="str_monstername_shay_swine_ram_B"><![CDATA[Grond]]></entry>
  <entry id="str_monstername_shay_swine_ram_C"><![CDATA[Grond]]></entry>
  <entry id="str_monstername_shay_swine_leader_A"><![CDATA[Swine Leader]]></entry>
  <entry id="str_monstername_shay_swine_leader_B"><![CDATA[Swine Chieftain]]></entry>
  <entry id="str_monstername_shay_swine_leader_C"><![CDATA[Swine Warlord]]></entry>
  
  <entry id="str_monster_skill_shay_SwiLea_SwiBatRam_move"><![CDATA[Trundle]]></entry>
  <entry id="str_monster_skill_shay_SwiLea_SwiBatRam_front"><![CDATA[Breach!]]></entry>

  <entry id="str_monster_skill_shay_SwiLea_spear"><![CDATA[Boar Spear]]></entry>
  <entry id="str_monster_skill_shay_SwiLea_grond"><![CDATA[GROND!]]></entry>
  <entry id="str_monster_skill_shay_SwiLea_muster"><![CDATA[Muster the Herd]]></entry>
  <entry id="str_monster_skill_shay_SwiLea_shield"><![CDATA[Meat Shield]]></entry>
  <entry id="str_monster_skill_shay_SwiLea_destroy"><![CDATA[Destroy Them]]></entry>
  <entry id="str_monster_skill_shay_SwiLea_grope"><![CDATA[Malformed Grope]]></entry>
	
  <entry id="buff_stat_tooltip_upgrade_discount_pb_hand_tt"><![CDATA[Any Skill: {colour_start|buff}Buff Others:{colour_end} +15%% DMG vs {colour_start|mark}Marked{colour_end} {colour_start|skill_unselectable}(66%% base){colour_end}]]></entry>
 
	<entry id="str_warrens_tip"><![CDATA[Beware the dreaded Grond, living battering ram of the Swine's legions.]]></entry>
	<entry id="str_warrens_tip"><![CDATA[The degenerate Swine would raise legions of their own!]]></entry>
	<entry id="str_warrens_tip"><![CDATA[The dreaded Grond is sure to breach your defenses if it reaches you...]]></entry>
	<entry id="str_warrens_tip"><![CDATA[The craven Swine are sure to flee the battle if their Chieftain is slain...]]></entry>
	
 	<entry id="str_inventory_title_trinketpigboss_hand"><![CDATA[Chieftain's Paw]]></entry>
	<entry id="str_inventory_title_trinketpigboss_skull"><![CDATA[Grond's Skull]]></entry>
  </language>
</root>

