﻿<?xml version="1.0" encoding="UTF-8"?>
<root>
  <language id="schinese">

    <entry id="apostate_shroom+str_monster_attack_unholy_smite"><![CDATA[啊！]]></entry>
	<entry id="apostate_shroom+str_monster_attack_unholy_smite"><![CDATA[呃！]]></entry>
    <entry id="apostate_shroom+str_monster_attack_unholy_judgement"><![CDATA[（预备一拳）]]></entry>
	<entry id="apostate_shroom+str_monster_attack_unholy_judgement"><![CDATA[（挥拳）放开我！]]></entry>
    <entry id="apostate_shroom+str_monster_attack_unholy_curse"><![CDATA[我看到我的同族……被炖成了一道菜！]]></entry>
	<entry id="apostate_shroom+str_afflicted_fearful"><![CDATA[我的任务是没无望的吗？]]></entry>
	<entry id="apostate_shroom+str_afflicted_paranoid"><![CDATA[……地面对其他人来说就像浓汤一样吗？]]></entry>
	<entry id="apostate_shroom+str_afflicted_masochistic"><![CDATA[用你所拥有的一切来猛击我，肮脏的可怜虫！]]></entry>
	<entry id="apostate_shroom+str_afflicted_abusive"><![CDATA[我知道你对我的森林犯下的所有罪行，杂种们。]]></entry>
	<entry id="apostate_shroom+str_afflicted_selfish"><![CDATA[只有我能帮助森林！其他人都只会毁了它的！]]></entry>
	<entry id="apostate_shroom+str_afflicted_depressed"><![CDATA[随着我的消逝，森林将枯萎并死去……]]></entry>
	<entry id="apostate_shroom+str_afflicted_irrational"><![CDATA[你听说过那个悲剧吗，影响到那个男人的悲剧？]]></entry>
	<entry id="apostate_shroom+str_virtued_stalwart"><![CDATA[我将占据上风。]]></entry>
	<entry id="apostate_shroom+str_virtued_courageous"><![CDATA[这些老妖婆们不会赢的。]]></entry>
	<entry id="apostate_shroom+str_virtued_focused"><![CDATA[我代表树木说话。而树木将要展开复仇。]]></entry>
	<entry id="apostate_shroom+str_virtued_powerful"><![CDATA[肉与骨无法和菌丝相比！]]></entry>
	<entry id="apostate_shroom+str_virtued_vigorous"><![CDATA[整整几个世纪以来我一直在不断完善自己。这对我来说没什么！]]></entry>
	<entry id="apostate_shroom+str_stress_heal_self_stalwart"><![CDATA[我会活下来的。]]></entry>
	<entry id="apostate_shroom+str_stress_heal_self_stalwart"><![CDATA[森林啊，借给我你的力量！]]></entry>
	<entry id="apostate_shroom+str_stress_heal_party_courageous"><![CDATA[别让他们长疣的长鼻子吓到你！]]></entry>
	<entry id="apostate_shroom+str_stress_heal_party_courageous"><![CDATA[别理这些肮脏的气味！]]></entry>
	<entry id="apostate_shroom+str_buff_random_party_member_focused"><![CDATA[你能行的。让我的根茎赋予你力量！]]></entry>	
	<entry id="apostate_shroom+str_buff_random_party_member_focused"><![CDATA[愿林地指引你！]]></entry>
	<entry id="apostate_shroom+str_buff_party_powerful"><![CDATA[跟着我一起来举重！]]></entry>
	<entry id="apostate_shroom+str_buff_party_powerful"><![CDATA[屈肌时间到，朋友们！]]></entry>
	<entry id="apostate_shroom+str_buff_party_powerful"><![CDATA[没有付出，就没有收获！]]></entry>
	<entry id="apostate_shroom+str_heal_self_vigorous"><![CDATA[啊，就像那次我压碎了那些巨大的鳞片怪物的骨头一样。]]></entry>	
	<entry id="apostate_shroom+str_heal_self_vigorous"><![CDATA[尊重你的长辈，傻瓜，否则他们就得教教你什么是礼貌了！]]></entry>
	<entry id="apostate_shroom+str_bark_stress_fearful"><![CDATA[我们都注定要失败了！]]></entry>	
	<entry id="apostate_shroom+str_bark_stress_fearful"><![CDATA[腐化将占据众生，并盖过它。它无法被阻止。]]></entry>
	<entry id="apostate_shroom+str_bark_stress_paranoid"><![CDATA[大块猪肉，配上一些蘑菇一起炖……]]></entry>	
	<entry id="apostate_shroom+str_bark_stress_paranoid"><![CDATA[肉和菌丝，只要有足够的香料全都尝起来一样。]]></entry>
	<entry id="apostate_shroom+str_bark_stress_masochistic"><![CDATA[只有经历痛苦和逆境我们才会变得更强大！]]></entry>
	<entry id="apostate_shroom+str_bark_stress_masochistic"><![CDATA[攻击我直到我的头被砍掉，而我的伤口将在悲伤中哭泣！]]></entry>
	<entry id="apostate_shroom+str_bark_stress_abusive"><![CDATA[啊哈，是的！血肉之躯不可能看到它的降临……我是说，什么？]]></entry>
	<entry id="apostate_shroom+str_bark_stress_abusive"><![CDATA[1……2……用根须缠住他们的脚踝！就是现在，朋友！]]></entry>
	<entry id="apostate_shroom+str_bark_stress_selfish"><![CDATA[至少我还有3个肉沙包替我承受伤害！]]></entry>	
	<entry id="apostate_shroom+str_bark_stress_selfish"><![CDATA[记住，盟友们，如果你死了，至少要确保你是在保护我。]]></entry>
	<entry id="apostate_shroom+str_bark_stress_depressed"><![CDATA[当腐化占据哈姆雷特时，你想要成为哪种蘑菇？]]></entry>
	<entry id="apostate_shroom+str_bark_stress_depressed"><![CDATA[好吧，至少我可以以我的经验告诉你，当那邪恶的真菌开始覆盖你的身体时，你什么也感觉不到……]]></entry>
	<entry id="apostate_shroom+str_bark_stress_irrational"><![CDATA[是我。伞菌。]]></entry>	
	<entry id="apostate_shroom+str_bark_stress_irrational"><![CDATA[对我来说这家伙看起来真像植物的养料……
	这家伙看起来真像植物的养料！]]></entry>
	<entry id="apostate_shroom+str_change_pos_back_fearful"><![CDATA[我不能这么做！]]></entry>	
	<entry id="apostate_shroom+str_change_pos_back_fearful"><![CDATA[这是徒劳的！]]></entry>
	<entry id="apostate_shroom+str_change_pos_back_paranoid"><![CDATA[你只是想在我不注意的时候把我给煮了！]]></entry>	
	<entry id="apostate_shroom+str_change_pos_back_paranoid"><![CDATA[我的背已经受够勺子了！]]></entry>
	<entry id="apostate_shroom+str_change_pos_back_irrational"><![CDATA[已经到晚饭时间了吗？！]]></entry>	
	<entry id="apostate_shroom+str_change_pos_back_irrational"><![CDATA[后退，后退并远逃！]]></entry>
	<entry id="apostate_shroom+str_change_pos_fwd_masochistic"><![CDATA[结束我的痛苦，好吗？！]]></entry>	
	<entry id="apostate_shroom+str_change_pos_fwd_masochistic"><![CDATA[你不必为我而死，朋友！]]></entry>
	<entry id="apostate_shroom+str_change_pos_fwd_irrational"><![CDATA[他们说谦恭之人才能继承遗产……]]></entry>
	<entry id="apostate_shroom+str_change_pos_fwd_irrational"><![CDATA[给银河带来和平。]]></entry>	
	<entry id="apostate_shroom+str_change_pos_fwd_depressed"><![CDATA[好吧，是时候了……]]></entry>	
	<entry id="apostate_shroom+str_change_pos_fwd_depressed"><![CDATA[我绝不能逃避我的命运……]]></entry>
	<entry id="apostate_shroom+str_change_pos_back_depressed"><![CDATA[我，我还没准备好！]]></entry>	
	<entry id="apostate_shroom+str_change_pos_back_depressed"><![CDATA[这可能还有另一个机会！]]></entry>
	<entry id="apostate_shroom+str_change_pos_fwd_selfish"><![CDATA[让我来干掉他们吧！]]></entry>	
	<entry id="apostate_shroom+str_change_pos_fwd_selfish"><![CDATA[只有我才能做好这件事！]]></entry>
	<entry id="apostate_shroom+str_change_pos_back_selfish"><![CDATA[保护我，傻瓜们！]]></entry>
	<entry id="apostate_shroom+str_change_pos_back_selfish"><![CDATA[我的性命更加重要！]]></entry>
	<entry id="apostate_shroom+str_ignore_command_fearful"><![CDATA[那样做真的能行吗？]]></entry>	
	<entry id="apostate_shroom+str_ignore_command_fearful"><![CDATA[我觉得这没什么用。]]></entry>
	<entry id="apostate_shroom+str_ignore_command_paranoid"><![CDATA[你只想把我带进你的锅里！]]></entry>	
	<entry id="apostate_shroom+str_ignore_command_paranoid"><![CDATA[我不接受吃蘑菇的人的命令！]]></entry>
	<entry id="apostate_shroom+str_ignore_command_selfish"><![CDATA[我不听从肉体凡胎的命令。]]></entry>	
	<entry id="apostate_shroom+str_ignore_command_selfish"><![CDATA[安静点，肉体凡胎。]]></entry>
	<entry id="apostate_shroom+str_ignore_command_depressed"><![CDATA[再无意义了。]]></entry>	
	<entry id="apostate_shroom+str_ignore_command_depressed"><![CDATA[腐化已经到过这里了，以防你没注意到。]]></entry>
	<entry id="apostate_shroom+str_random_command_paranoid"><![CDATA[随便做点能避免进火锅的事！]]></entry>	
	<entry id="apostate_shroom+str_random_command_paranoid"><![CDATA[救命啊！蘑菇逃走了！救命啊！]]></entry>
	<entry id="apostate_shroom+str_random_command_masochistic"><![CDATA[我渴望这痛苦！]]></entry>
	<entry id="apostate_shroom+str_random_command_masochistic"><![CDATA[这条路就是殉道者之路！]]></entry>
	<entry id="apostate_shroom+str_random_command_abusive"><![CDATA[必须成为血液。必须成为……肉身。]]></entry>	
	<entry id="apostate_shroom+str_random_command_abusive"><![CDATA[别挡我的路，污染者！]]></entry>
	<entry id="apostate_shroom+str_random_command_selfish"><![CDATA[只有我才知道成功之路！]]></entry>	
	<entry id="apostate_shroom+str_random_command_selfish"><![CDATA[观察并学习，新手们！]]></entry>
	<entry id="apostate_shroom+str_random_command_depressed"><![CDATA[如果我们已经输了，我只好……！]]></entry>	
	<entry id="apostate_shroom+str_random_command_depressed"><![CDATA[我只听那些帮助我的森林的人的话！]]></entry>
	<entry id="apostate_shroom+str_random_command_irrational"><![CDATA[我们必须摧毁西方！]]></entry>	
	<entry id="apostate_shroom+str_random_command_irrational"><![CDATA[没用，没用，没用！]]></entry>
	<entry id="apostate_shroom+str_bark_stress_camp_fearful"><![CDATA[我们会失败的。]]></entry>
	<entry id="apostate_shroom+str_bark_stress_camp_fearful"><![CDATA[享受这最后一餐吧。]]></entry>
	<entry id="apostate_shroom+str_bark_stress_camp_paranoid"><![CDATA[如果我找到任何有关蘑菇汤食谱的东西，你就会知道他们为什么叫我猛击者了。]]></entry>
	<entry id="apostate_shroom+str_bark_stress_camp_paranoid"><![CDATA[……我闻到蘑菇味了吗。]]></entry>
	<entry id="apostate_shroom+str_bark_stress_camp_masochistic"><![CDATA[如果你的重要器官受伤了，要记住我可以为你而流血。]]></entry>	
	<entry id="apostate_shroom+str_bark_stress_camp_masochistic"><![CDATA[菌丝、肉体，我们同样注定要都遭受苦难，不是吗？]]></entry>
	<entry id="apostate_shroom+str_bark_stress_camp_abusive"><![CDATA[别睡得离我这么近，血肉之躯。]]></entry>
	<entry id="apostate_shroom+str_bark_stress_camp_abusive"><![CDATA[嗯，我更喜欢和我真正的朋友待在一起。]]></entry>
	<entry id="apostate_shroom+str_bark_stress_camp_selfish"><![CDATA[去休息吧。在这期间我会注视着你，我可不需要睡觉。]]></entry>	
	<entry id="apostate_shroom+str_bark_stress_camp_selfish"><![CDATA[请安静。我需要我的美人好好坐着。]]></entry>
	<entry id="apostate_shroom+str_bark_stress_camp_depressed"><![CDATA[谁知道呢，也许我们醒来时都会变成僵尸。]]></entry>	
	<entry id="apostate_shroom+str_bark_stress_camp_depressed"><![CDATA[休息一下，谁又知道我们能不能再醒过来呢……]]></entry>
	<entry id="apostate_shroom+str_bark_stress_camp_irrational"><![CDATA[啊，晚饭时间。（咯咯笑）]]></entry>	
	<entry id="apostate_shroom+str_bark_stress_camp_irrational"><![CDATA[我应该去施门德里克家，给自己拿些好吃的炒杂碎……]]></entry>
	<entry id="apostate_shroom+str_mark_self_masochistic"><![CDATA[瞄准绿色的小矮人，傻瓜们！]]></entry>
	<entry id="apostate_shroom+str_mark_self_masochistic"><![CDATA[我在下面，笨蛋们！]]></entry>
	<entry id="apostate_shroom+str_mark_self_masochistic"><![CDATA[你是瞎了眼还是想延长我的刑期？！]]></entry>
	<entry id="apostate_shroom+str_mark_self_depressed"><![CDATA[把我送回到我的土地之中……]]></entry>	
	<entry id="apostate_shroom+str_mark_self_depressed"><![CDATA[（啜泣）]]></entry>	
	<entry id="apostate_shroom+str_mark_self_depressed"><![CDATA[我失败了。了结我早已无用的存在吧！]]></entry>
	<entry id="apostate_shroom+str_attack_self_masochistic"><![CDATA[透过！痛苦！来启蒙！]]></entry>	
	<entry id="apostate_shroom+str_attack_self_masochistic"><![CDATA[我要让自己坚强起来！]]></entry>
	<entry id="apostate_shroom+str_attack_self_depressed"><![CDATA[我还不如减轻一下这些混蛋们的工作。]]></entry>
	<entry id="apostate_shroom+str_attack_self_depressed"><![CDATA[我真的是个失败者……]]></entry>
	<entry id="apostate_shroom+str_attack_self_irrational"><![CDATA[凝血为土。堆骨为肥！]]></entry>
	<entry id="apostate_shroom+str_block_combat_retreat_paranoid"><![CDATA[见鬼了马文]]></entry>
	<entry id="apostate_shroom+str_block_combat_retreat_depressed"><![CDATA[我可不是为此而书写的，马文]]></entry>
	<entry id="apostate_shroom+str_block_combat_retreat_masochistic"><![CDATA[这是马文的错好吧]]></entry>
	<entry id="apostate_shroom+str_block_combat_retreat_irrational"><![CDATA[逗知识；猛击者喜欢奶酪]]></entry>
	<entry id="apostate_shroom+str_comment_self_hit_fearful"><![CDATA[我是史上最差的守护者……]]></entry>	
	<entry id="apostate_shroom+str_comment_self_hit_fearful"><![CDATA[这就是死亡的感觉吗？我希望不要是。]]></entry>
	<entry id="apostate_shroom+str_comment_self_hit_paranoid"><![CDATA[我一定要毒化我的尸体来阻止你！]]></entry>	
	<entry id="apostate_shroom+str_comment_self_hit_paranoid"><![CDATA[你不会有机会吃我的遗骸的！]]></entry>
	<entry id="apostate_shroom+str_comment_self_hit_selfish"><![CDATA[只有我可以抚摸我那健美的自己！]]></entry>	
	<entry id="apostate_shroom+str_comment_self_hit_selfish"><![CDATA[不！我的腹肌！它们被亵渎了！]]></entry>
	<entry id="apostate_shroom+str_comment_self_hit_masochistic"><![CDATA[我流血是为了让土地变的肥沃！]]></entry>
	<entry id="apostate_shroom+str_comment_self_hit_masochistic"><![CDATA[树木们，喝吧！]]></entry>
	<entry id="apostate_shroom+str_comment_self_hit_irrational"><![CDATA[我被击中了！我被击中了！船长，我要下去了！！]]></entry>
	<entry id="apostate_shroom+str_comment_self_missed_fearful"><![CDATA[……我会让所有人失望的……]]></entry>
	<entry id="apostate_shroom+str_comment_self_missed_paranoid"><![CDATA[当你把口水流到我身上的时候，我又怎么能集中精力，变态们？！]]></entry>
	<entry id="apostate_shroom+str_comment_self_missed_masochistic"><![CDATA[那就意味着再多鞭挞10下！]]></entry>
	<entry id="apostate_shroom+str_comment_self_missed_irrational"><![CDATA[我，呃，没打中你。但我的目标是要变的越来越好！]]></entry>
	<entry id="apostate_shroom+str_comment_ally_attack_hit_selfish"><![CDATA[这就是为什么我花那么多时间锻炼，吹毛求疵者们！]]></entry>
	<entry id="apostate_shroom+str_comment_ally_attack_hit_abusive"><![CDATA[你需要锻炼你的上身的力量。]]></entry>
	<entry id="apostate_shroom+str_comment_ally_attack_hit_irrational"><![CDATA[别，打，植物们，啊！]]></entry>
	<entry id="apostate_shroom+str_comment_ally_attack_missed_fearful"><![CDATA[这就是事情的开始……]]></entry>
	<entry id="apostate_shroom+str_comment_ally_attack_missed_paranoid"><![CDATA[这真的就是你所能做到的最好的吗？还是说你喜欢被吃掉的感觉？！]]></entry>
	<entry id="apostate_shroom+str_comment_ally_attack_missed_abusive"><![CDATA[你真是浪费了美味的蘑菇。]]></entry>
	<entry id="apostate_shroom+str_comment_ally_attack_missed_selfish"><![CDATA[你连这都做不到？真是可悲。我可不会像那样失败的。]]></entry>
	<entry id="apostate_shroom+str_comment_ally_hit_fearful"><![CDATA[不，不，不！这不可能发生的！]]></entry>
	<entry id="apostate_shroom+str_comment_ally_hit_paranoid"><![CDATA[我不敢相信我会和这么可怜的战士一起被做成配菜。]]></entry>
	<entry id="apostate_shroom+str_comment_ally_hit_masochistic"><![CDATA[嘿，白痴，我就在这里挨打呢！]]></entry>
	<entry id="apostate_shroom+str_comment_ally_hit_abusive"><![CDATA[上帝啊，我把你索求的一切都献于你了。]]></entry>
	<entry id="apostate_shroom+str_comment_ally_missed_fearful"><![CDATA[这正是我所害怕的事情！]]></entry>
	<entry id="apostate_shroom+str_comment_ally_missed_paranoid"><![CDATA[哦天啊。他们要把我们都给煮了。]]></entry>
	<entry id="apostate_shroom+str_block_move_fearful"><![CDATA[那真的是最好的主意吗？]]></entry>
	<entry id="apostate_shroom+str_block_move_paranoid"><![CDATA[我能看到那口锅了，你知道的！]]></entry>
	<entry id="apostate_shroom+str_block_move_masochistic"><![CDATA[不，我想在此流血！]]></entry>
	<entry id="apostate_shroom+str_block_move_abusive"><![CDATA[我不为血肉之躯们而移动。]]></entry>
	<entry id="apostate_shroom+str_block_item_paranoid"><![CDATA[（将道具一把打飞）不要，加香料！！]]></entry>
	<entry id="apostate_shroom+str_block_item_masochistic"><![CDATA[只有弱者才会包扎他们的伤口！]]></entry>
	<entry id="apostate_shroom+str_block_item_depressed"><![CDATA[没有解药能够修复我的森林。]]></entry>
	<entry id="apostate_shroom+str_block_item_irrational"><![CDATA[吁。道具是给傻瓜们的。]]></entry>
	<entry id="apostate_shroom+str_block_heal_paranoid"><![CDATA[你只想软化我的嫩肉！]]></entry>
	<entry id="apostate_shroom+str_block_heal_masochistic"><![CDATA[让我的伤口渗出液体吧！]]></entry>
	<entry id="apostate_shroom+str_block_heal_depressed"><![CDATA[坏死的真菌不会允许这样做的，你知道的。]]></entry>
	<entry id="apostate_shroom+str_block_buff_paranoid"><![CDATA[有一股明显的辣椒味。]]></entry>
	<entry id="apostate_shroom+str_block_buff_masochistic"><![CDATA[英雄不会让别人为他们疗伤的。]]></entry>
	<entry id="apostate_shroom+str_block_buff_depressed"><![CDATA[算了吧。也许他们会仁慈，如果我与坏死的真菌相拥……]]></entry>
	<entry id="apostate_shroom+str_block_buff_irrational"><![CDATA[哦啵啵哦啵呃啵哦啵。你就是那样的。你听起来就是那么蠢。]]></entry>
	<entry id="apostate_shroom+str_block_buff_irrational"><![CDATA[当你来自贫民区时，没有什么能胜过自我的感觉了！]]></entry>
	<entry id="apostate_shroom+str_block_camping_skill_performer_fearful"><![CDATA[我——我还能做到这件事吗？]]></entry>
	<entry id="apostate_shroom+str_block_camping_skill_performer_paranoid"><![CDATA[我甚至连一秒钟也不敢背对你们这些贪婪的恶魔们！]]></entry>
	<entry id="apostate_shroom+str_block_camping_skill_performer_masochistic"><![CDATA[（击打自己）]]></entry>
	<entry id="apostate_shroom+str_block_camping_skill_performer_abusive"><![CDATA[因为你们这些蠢货，我连注意力都不能集中了！]]></entry>
	<entry id="apostate_shroom+str_block_camping_skill_performer_selfish"><![CDATA[我被摘下来了！天哪！]]></entry>
	<entry id="apostate_shroom+str_block_camping_skill_performer_depressed"><![CDATA[有什么用？我还不如直接准备好腐烂掉。]]></entry>
	<entry id="apostate_shroom+str_block_camping_skill_performer_irrational"><![CDATA[当敌人在附近时，我不能使用咒语。。。（微微一笑。）]]></entry>
	<entry id="apostate_shroom+str_block_camping_skill_target_paranoid"><![CDATA[……那些东西是香料。]]></entry>
	<entry id="apostate_shroom+str_block_camping_skill_target_masochistic"><![CDATA[就让我腐烂吧。]]></entry>	
	<entry id="apostate_shroom+str_block_camping_skill_target_masochistic"><![CDATA[这些伤疤增添了个性，提醒你一下。]]></entry>
	<entry id="apostate_shroom+str_block_camping_skill_target_abusive"><![CDATA[把你恶心的血肉之手从我身上拿开！]]></entry>
	<entry id="apostate_shroom+str_block_camping_skill_target_depressed"><![CDATA[徒劳，绝望，可悲。]]></entry>
	<entry id="apostate_shroom+str_block_camping_skill_target_depressed"><![CDATA[让我死吧！]]></entry>
	<entry id="apostate_shroom+str_block_camping_skill_target_irrational"><![CDATA[把手从货物上拿开！]]></entry>	
	<entry id="apostate_shroom+str_block_camping_skill_target_irrational"><![CDATA[你可以看看我的臀大肌。仅此一次。]]></entry>
	<entry id="apostate_shroom+str_block_camping_meal_paranoid"><![CDATA[……那些是蘑菇吗？]]></entry>
	<entry id="apostate_shroom+str_block_camping_meal_masochistic"><![CDATA[食物是一种我自己不该沾染奢靡之物。]]></entry>
	<entry id="apostate_shroom+str_block_camping_meal_depressed"><![CDATA[有什么用？自然死亡毕竟要来的更快。]]></entry>
	<entry id="apostate_shroom+str_attack_friendly_paranoid"><![CDATA[进锅里去！？我不会让你煮了我的！]]></entry>	
	<entry id="apostate_shroom+str_attack_friendly_paranoid"><![CDATA[我知道那表情的意思！]]></entry>	
	<entry id="apostate_shroom+str_attack_friendly_paranoid"><![CDATA[你能从我这里得到的唯一的食物就是一套指节三明治般的痛打！]]></entry>
	<entry id="apostate_shroom+str_attack_friendly_abusive"><![CDATA[这下是为了树木们的！]]></entry>	
	<entry id="apostate_shroom+str_attack_friendly_abusive"><![CDATA[你这是自找的，因为你把我宝贵的树林砍伐的七零八落！]]></entry>	
	<entry id="apostate_shroom+str_attack_friendly_abusive"><![CDATA[树木们向你致意！]]></entry>
	<entry id="apostate_shroom+str_attack_friendly_irrational"><![CDATA[臭小子！]]></entry>
	<entry id="apostate_shroom+str_attack_friendly_irrational"><![CDATA[游戏时间开始了。]]></entry>
	<entry id="apostate_shroom+str_attack_friendly_irrational"><![CDATA[你只是我现在怒火的一个牺牲品而已。]]></entry>
    <entry id="apostate_shroom+str_monster_user_selected_targets_kill_pill"><![CDATA[我将回归土壤并净化它。]]></entry>
    <entry id="apostate_shroom+str_bark_deathsdoor"><![CDATA[我要回归到我来的土地中去了。]]></entry>
	<entry id="apostate_shroom+str_bark_deathsdoor"><![CDATA[（看着伤口，流出一股绿色液体）嘿。]]></entry>
    <entry id="apostate_shroom+str_critbyhero"><![CDATA[滚出我的森林！]]></entry>
	<entry id="apostate_shroom+str_critbyhero"><![CDATA[你在我的树林里做什么？！]]></entry>



	<entry id="buff_stat_tooltip_torchlight_burn_percent"> <![CDATA[%d%%{colour_start|torch_centre}火把燃烧{colour_end}速率]]></entry>
    <entry id="buff_rule_tooltip_has_item_type"><![CDATA[%s 如果%s在物品栏中]]></entry>
	<entry id="buff_rule_data_tooltip_apostate_shroom_chunk"><![CDATA[大块蘑菇]]></entry>
    <entry id="buff_rule_data_tooltip_medicinal_herbs"><![CDATA[药草]]></entry>
    <entry id="buff_rule_data_tooltip_medicinal_herbs"><![CDATA[药草]]></entry>
    <entry id="buff_rule_data_tooltip_medicinal_herbs"><![CDATA[药草]]></entry>
    <entry id="buff_rule_tooltip_target_hpbelow"><![CDATA[{?string1}%s 如果目标的生命值低于{?percent1}%d%%]]></entry>
    <entry id="buff_rule_tooltip_target_is_guarding"><![CDATA[%s 对{colour_start|guard}守护{colour_end}的目标]]></entry>
    <entry id="buff_stat_tooltip_hp_dot_bleed_amount_received_percent"><![CDATA[%+d%%{colour_start|bleed}流血{colour_end}技能效果]]></entry>




	<entry id="str_vo_bad_Apostate_shroom_recruitment_0"><![CDATA[与周围几英亩土地的健康程度相比，我恐怕，哈姆雷特的腐化并算不了什么。]]></entry>
    <entry id="town_event_title_apostate_shroom_weald_party"><![CDATA[自然的守护者]]></entry>
    <entry id="town_event_description_apostate_shroom_weald_party"><![CDATA[不是所有的人都想伤害和利用自然。这些值得信赖的猛击者门徒前来铲除腐化就是其中的例子之一。]]></entry>
    <entry id="town_event_title_apostate_shroom_weald_party_start"><![CDATA[自然的守护者]]></entry>
    <entry id="town_event_description_apostate_shroom_weald_party_start"><![CDATA[不是所有的人都想伤害和利用自然。这些值得信赖的猛击者门徒前来铲除腐化就是其中的例子之一。]]></entry>
    
	
	
	
  	<entry id="buff_stat_tooltip_upgrade_discount_ApoShro_District_TT"> <![CDATA[{colour_start|notable}在荒野{colour_end}：
	-5%%被暴击率
	+5%%{colour_start|scouting}侦查{colour_end}概率]]></entry>
  	<entry id="str_apostate_shroom_district_title"><![CDATA[森林守护者的祭坛]]></entry>


  
	<entry id="buff_stat_tooltip_upgrade_discount_ApoShro_TRIN_Morel_TT"> <![CDATA[友军技能：
	生产1-2个{colour_start|notable}新鲜羊肚菌{colour_end}
	在荒野中的产量增加]]></entry>
		<entry id="buff_stat_tooltip_upgrade_discount_ApoShro_TRIN_Morel_TT2"> <![CDATA[在朝日群岛：
	生产1-3个{colour_start|notable}香菇{colour_end}]]></entry>
    <entry id="str_inventory_title_supplyapostate_shroom_morel"><![CDATA[新鲜羊肚菌]]></entry> 
    <entry id="str_inventory_description_supplyapostate_shroom_morel"><![CDATA[{colour_start|healhp}治疗{colour_end}15%最大生命
-50%挨饿所受的伤害 持续4场战斗
-50%食物消耗 持续4场战斗]]></entry>
    <entry id="buff_stat_tooltip_upgrade_discount_ApoShro_TRIN_Morel_TT_buff"><![CDATA[-50%%饥饿造成的生命伤害（持续4场战斗）
	-50%%食物消耗（持续4场战斗）]]></entry>
	
	    <entry id="str_inventory_title_supplyapostate_shroom_shita"><![CDATA[香菇]]></entry> 
    <entry id="str_inventory_description_supplyapostate_shroom_shita"><![CDATA[{colour_start|healhp}治疗{colour_end}20%最大生命
增益25%防御 对妖怪
重复使用会减少增益]]></entry>

    <entry id="str_inventory_title_supplyapostate_shroom_chunk"><![CDATA[大块蘑菇]]></entry> 
    <entry id="str_inventory_description_supplyapostate_shroom_chunk"><![CDATA[仅猛击者：
+40%最大生命值
-1速度
-11闪避]]></entry> 
    <entry id="buff_stat_tooltip_upgrade_discount_ApoShro_SUPPLY_TOOLTIP23"><![CDATA[如果是猛击者：-1速度/-11闪避]]></entry> 
    <entry id="buff_stat_tooltip_upgrade_discount_ApoShro_SUPPLY_TOOLTIP3"><![CDATA[如果是猛击者：+40%%最大生命值]]></entry> 
    <entry id="buff_stat_tooltip_upgrade_discount_ApoShro_SUPPLY_TOOLTIP22"><![CDATA[如果是猛击者：-1速度/-11闪避]]></entry> 
    <entry id="buff_stat_tooltip_upgrade_discount_ApoShro_SUPPLY_TOOLTIP2"><![CDATA[如果是猛击者：+40%%最大生命值]]></entry> 
    <entry id="buff_stat_tooltip_upgrade_discount_ApoShro_SUPPLY_TOOLTIP21"><![CDATA[如果是猛击者：-1速度/-11闪避]]></entry> 
    <entry id="buff_stat_tooltip_upgrade_discount_ApoShro_SUPPLY_TOOLTIP1"><![CDATA[如果是猛击者：+40%%最大生命值]]></entry> 

    <entry id="buff_rule_data_tooltip_apostate_shroom_morel"><![CDATA[新鲜羊肚菌]]></entry> 
	<entry id="buff_rule_data_tooltip_apostate_shroom_shita"><![CDATA[香菇]]></entry> 

    <entry id="buff_rule_data_tooltip_provision"><![CDATA[食物]]></entry> 

    <entry id="buff_stat_tooltip_upgrade_discount_ApoShro_TRIN_Amanitia_TT"><![CDATA[所有技能:
	20%%概率{colour_start|move}扰乱{colour_end}自身 持续2回合]]></entry>

    <entry id="buff_stat_tooltip_upgrade_discount_ApoShro_TRIN_kurka_TT"><![CDATA[{colour_start|notable}威吓屈伸{colour_end}：
	增加{colour_start|mark}标记{colour_end}持续时间5回合]]></entry>
    <entry id="buff_stat_tooltip_upgrade_discount_ApoShro_TRIN_Ink_TT"><![CDATA[被击中时：{colour_start|buff}增益自身{colour_end}：
	+10%%伤害反射 在第一回合后（持续1场战斗）]]></entry>

    <entry id="buff_stat_tooltip_upgrade_discount_ApoShro_TRIN_HEAD_DMG_vs_shroom"><![CDATA[+33%%伤害 对真菌类敌人]]></entry>
	
	<entry id="buff_stat_tooltip_upgrade_discount_ApoShro_TRIN_BLEED_SHROOM_TT3"><![CDATA[{colour_start|notable}报复拳击{colour_end}：
{colour_start|bleed}流血{colour_end}{colour_start|skill_unselectable}（130%%基础概率）{colour_end}2伤害/回合 持续3回合]]></entry>
	<entry id="buff_stat_tooltip_upgrade_discount_ApoShro_TRIN_BLEED_SHROOM_TT4"><![CDATA[增加{colour_start|riposte}反击{colour_end}持续时间 直到下次扎营]]></entry>
	<entry id="buff_stat_tooltip_upgrade_discount_ApoShro_TRIN_SET_TT"><![CDATA[+50%%治愈技能概率]]></entry>

	<entry id="buff_stat_tooltip_upgrade_discount_ApoShro_TRIN_COM_TT"><![CDATA[{colour_start|notable}重拳连打{colour_end}被禁用]]></entry>

	<entry id="buff_stat_tooltip_upgrade_discount_ApoShro_TRIN_CC1_TT1"><![CDATA[免疫生命治疗被禁用
		如果尸骸存在于战场：友军技能：]]></entry>
	<entry id="buff_stat_tooltip_upgrade_discount_ApoShro_TRIN_CC1_TT2"><![CDATA[目标：{colour_start|healhp}治疗{colour_end}6
		友军技能不会{colour_start|notable}消耗{colour_end}尸骸]]></entry>

    <entry id="buff_stat_tooltip_upgrade_discount_ApoShro_TRIN_1up_USED"><![CDATA[复苏]]></entry> 

    <entry id="buff_stat_tooltip_upgrade_discount_ApoShro_TRIN_1up_TT"><![CDATA[{colour_start|bleed}濒死{colour_end}状态被击中时：]]></entry> 
    <entry id="buff_stat_tooltip_upgrade_discount_ApoShro_TRIN_1up_TT2"><![CDATA[自身：{colour_start|healhp}治疗{colour_end}全部生命值
每任务一次]]></entry> 





    <entry id="apostate_shroom+str_override_invalid_rejection"><![CDATA[只有肉体上的快乐能传达给我！]]></entry>
    <entry id="apostate_shroom+str_override_invalid_rejection"><![CDATA[酒精和信仰都是短暂的谎言。]]></entry>
    <entry id="apostate_shroom+str_override_invalid_rejection"><![CDATA[我必须保持我的纯洁。]]></entry>
    <entry id="apostate_shroom+str_override_invalid_rejection"><![CDATA[只有肉体上的快乐能传达给我！]]></entry>
    <entry id="apostate_shroom+str_override_invalid_rejection"><![CDATA[酒精和信仰都是短暂的谎言。]]></entry>
    <entry id="apostate_shroom+str_override_invalid_rejection"><![CDATA[我必须保持我的纯洁。]]></entry>
    <entry id="apostate_shroom+str_override_invalid_rejection"><![CDATA[只有肉体上的快乐能传达给我！]]></entry>
    <entry id="apostate_shroom+str_override_invalid_rejection"><![CDATA[酒精和信仰都是短暂的谎言。]]></entry>
    <entry id="apostate_shroom+str_override_invalid_rejection"><![CDATA[我必须保持我的纯洁。]]></entry>
    <entry id="apostate_shroom+str_override_invalid_rejection"><![CDATA[只有肉体上的快乐能传达给我！]]></entry>
    <entry id="apostate_shroom+str_override_invalid_rejection"><![CDATA[酒精和信仰都是短暂的谎言。]]></entry>
    <entry id="apostate_shroom+str_override_invalid_rejection"><![CDATA[我必须保持我的纯洁。]]></entry>
    <entry id="apostate_shroom+str_override_invalid_rejection"><![CDATA[植物与爱欲就是一个人所需要的一切！]]></entry>
    <entry id="apostate_shroom+str_override_invalid_rejection"><![CDATA[我渴望身体上的接触。]]></entry>
    <entry id="apostate_shroom+str_override_invalid_rejection"><![CDATA[妓院。就现在。]]></entry>
    <entry id="apostate_shroom+str_override_invalid_rejection"><![CDATA[植物与爱欲就是一个人所需要的一切！]]></entry>
    <entry id="apostate_shroom+str_override_invalid_rejection"><![CDATA[我渴望身体上的接触。]]></entry>
    <entry id="apostate_shroom+str_override_invalid_rejection"><![CDATA[妓院。就现在。]]></entry>
    <entry id="apostate_shroom+str_override_invalid_rejection"><![CDATA[植物与爱欲就是一个人所需要的一切！]]></entry>
    <entry id="apostate_shroom+str_override_invalid_rejection"><![CDATA[我渴望身体上的接触。]]></entry>
    <entry id="apostate_shroom+str_override_invalid_rejection"><![CDATA[妓院。就现在。]]></entry>
    <entry id="apostate_shroom+str_override_invalid_rejection"><![CDATA[植物与爱欲就是一个人所需要的一切！]]></entry>
    <entry id="apostate_shroom+str_override_invalid_rejection"><![CDATA[我渴望身体上的接触。]]></entry>
    <entry id="apostate_shroom+str_override_invalid_rejection"><![CDATA[妓院。就现在。]]></entry>
    <entry id="apostate_shroom+str_override_invalid_rejection"><![CDATA[只有肉体上的快乐能传达给我！]]></entry>
    <entry id="apostate_shroom+str_override_invalid_rejection"><![CDATA[酒精和信仰都是短暂的谎言。]]></entry>
    <entry id="apostate_shroom+str_override_invalid_rejection"><![CDATA[我必须保持我的纯洁。]]></entry>




    <entry id="str_inventory_title_trinketApoShro_Comet"><![CDATA[虫草玻璃体]]></entry>
    <entry id="str_inventory_title_trinketApoShro_CC1"><![CDATA[腐化之证]]></entry>
    <entry id="str_inventory_title_trinketApoShro_CC2"><![CDATA[复垦之恶]]></entry>
    <entry id="str_inventory_title_trinketApoShro_1"><![CDATA[羊肚菌]]></entry>
    <entry id="str_inventory_title_trinketApoShro_2"><![CDATA[毒蝇伞]]></entry>
    <entry id="str_inventory_title_trinketApoShro_3"><![CDATA[1Up！]]></entry>
    <entry id="str_inventory_title_trinketApoShro_4"><![CDATA[鸡油菌]]></entry>
    <entry id="str_inventory_title_trinketApoShro_5"><![CDATA[墨汁鬼伞]]></entry>
    <entry id="str_inventory_title_trinketApoShro_6"><![CDATA[血齿菌]]></entry>
    <entry id="str_inventory_title_trinketApoShro_7"><![CDATA[笼头菌]]></entry>
    <entry id="str_inventory_title_trinketApoShro_HEAD"><![CDATA[毒蕈帽]]></entry>
    <entry id="str_inventory_title_trinketApoShro_SUN"><![CDATA[金横纲菌]]></entry>

    <entry id="str_inventory_set_title_cc_apostate_shroom"><![CDATA[“我为森林发声。”]]></entry>

    <entry id="hero_class_name_apostate_shroom"><![CDATA[猛击者]]></entry>

    <entry id="combat_skill_name_apostate_shroom_ApoShro_obligerate"><![CDATA[抹杀一击]]></entry>
    <entry id="combat_skill_name_apostate_shroom_ApoShro_FlexMusl"><![CDATA[屈伸肌肉]]></entry>
    <entry id="combat_skill_name_apostate_shroom_ApoShro_IntiFlex"><![CDATA[威吓屈伸]]></entry>
    <entry id="combat_skill_name_apostate_shroom_ApoShro_ProtFlex"><![CDATA[保护屈伸]]></entry>
    <entry id="combat_skill_name_apostate_shroom_ApoShro_PenePunch"><![CDATA[穿透重拳]]></entry>
    <entry id="combat_skill_name_apostate_shroom_ApoShro_PersTrain"><![CDATA[私人教练]]></entry>
    <entry id="combat_skill_name_apostate_shroom_ApoShro_Punchout"><![CDATA[重拳连打]]></entry>
    <entry id="combat_skill_name_apostate_shroom_move"><![CDATA[移动]]></entry>
    <entry id="upgrade_tree_name_apostate_shroom.ApoShro_obligerate"><![CDATA[抹杀一击]]></entry>
    <entry id="upgrade_tree_name_apostate_shroom.ApoShro_FlexMusl"><![CDATA[屈伸肌肉]]></entry>
    <entry id="upgrade_tree_name_apostate_shroom.ApoShro_IntiFlex"><![CDATA[威吓屈伸]]></entry>
    <entry id="upgrade_tree_name_apostate_shroom.ApoShro_ProtFlex"><![CDATA[保护屈]]></entry>
    <entry id="upgrade_tree_name_apostate_shroom.ApoShro_PenePunch"><![CDATA[穿透重拳]]></entry>
    <entry id="upgrade_tree_name_apostate_shroom.ApoShro_PersTrain"><![CDATA[私人教练]]></entry>
    <entry id="upgrade_tree_name_apostate_shroom.ApoShro_Punchout"><![CDATA[重拳连打]]></entry>
    <entry id="buff_rule_data_tooltip_ApoShro_Punchout"><![CDATA[重拳连打]]></entry>

    <entry id="camping_skill_name_apostate_shroom"><![CDATA[森之男]]></entry>
		<entry id="str_bark_apostate_shroom"><![CDATA[（吟诵）]]></entry>
		<entry id="str_bark_apostate_shroom"><![CDATA[（呼噜声很大）]]></entry>
		<entry id="str_bark_apostate_shroom"><![CDATA[嘿。]]></entry>
		<entry id="str_bark_apostate_shroom"><![CDATA[啊哈！]]></entry>
    <entry id="camping_skill_name_apostate_shroom2"><![CDATA[报复拳击]]></entry>
		<entry id="str_bark_apostate_shroom2"><![CDATA[（在地下伸展）]]></entry>
		<entry id="str_bark_apostate_shroom2"><![CDATA[（拳头突破地面）]]></entry>
		<entry id="str_bark_apostate_shroom2"><![CDATA[逮到你了。]]></entry>
		<entry id="str_bark_apostate_shroom2"><![CDATA[来打我啊，恶人们！]]></entry>
		    <entry id="camping_skill_name_apostate_shroom3"><![CDATA[支原体支持]]></entry>
		<entry id="str_bark_apostate_shroom3"><![CDATA[现在听好了……]]></entry>
		<entry id="str_bark_apostate_shroom3"><![CDATA[续肉比你想象的要更接近菌丝体。]]></entry>
		<entry id="str_bark_apostate_shroom3"><![CDATA[这应该会有用。]]></entry>
		<entry id="str_bark_apostate_shroom3"><![CDATA[森林的力量永远战无不胜！]]></entry>
		    <entry id="camping_skill_name_apostate_shroom4"><![CDATA[生物发光]]></entry>
		<entry id="str_bark_apostate_shroom4"><![CDATA[我还是有两下子的！]]></entry>
		<entry id="str_bark_apostate_shroom4"><![CDATA[吼吼！]]></entry>
		<entry id="str_bark_apostate_shroom4"><![CDATA[让光充满这片林地吧！]]></entry>
		<entry id="str_bark_apostate_shroom4"><![CDATA[光芒四射，朋友们！]]></entry>
		
	<entry id="camping_skill_effect_loot_APOSTATE_SHROOM_TOOLTIP1"><![CDATA[增益20%所有可增益属性的倍率]]></entry>
    <entry id="camping_skill_effect_loot_APOSTATE_SHROOM_TOOLTIP2"><![CDATA[增益20%全部抗性（持续1场战斗）]]></entry>                                                                   
    <entry id="camping_skill_effect_loot_APOSTATE_SHROOM_TOOLTIP3"><![CDATA[（50%概率对每个个体）]]></entry>
    <entry id="camping_skill_effect_loot_APOSTATE_SHROOM_TOOLTIP4"><![CDATA[（50%概率）防止夜袭]]></entry>
 
    <entry id="camping_skill_effect_loot_APOSTATE_SHROOM_TOOLTIP_rip"><![CDATA[激活{colour_start|riposte}反击{colour_end}（持续4场战斗）
精准130%，伤害-50%，暴击率-5%]]></entry>



    <entry id="apostate_shroom_weapon_0"><![CDATA[绿拇指]]></entry>
    <entry id="apostate_shroom_weapon_1"><![CDATA[枝状的拳头]]></entry>
    <entry id="apostate_shroom_weapon_2"><![CDATA[常青指节]]></entry>
    <entry id="apostate_shroom_weapon_3"><![CDATA[灌木打桩机]]></entry>
    <entry id="apostate_shroom_weapon_4"><![CDATA[“歼灭者”]]></entry>
    <entry id="upgrade_tree_name_apostate_shroom.weapon"><![CDATA[森林护卫]]></entry>


    <entry id="apostate_shroom_armour_0"><![CDATA[脏兮兮的胸膛]]></entry>
    <entry id="apostate_shroom_armour_1"><![CDATA[绽放的身体]]></entry>
    <entry id="apostate_shroom_armour_2"><![CDATA[丰满的形体]]></entry>
    <entry id="apostate_shroom_armour_3"><![CDATA[雕琢般完美的躯体]]></entry>
    <entry id="apostate_shroom_armour_4"><![CDATA[“森林卫士”]]></entry>
    <entry id="upgrade_tree_name_apostate_shroom.armour"><![CDATA[真菌形体]]></entry>


    <entry id="action_verbose_body_guild_apostate_shroom"><![CDATA[猛击者是一位徒手格斗熟手，利用他的可伸缩的拳头和强大的源自森林的魔法打击他的敌人。仅仅是伸展肌肉的动作就可以在多个方面影响到他周围的人，这常常会鼓励他的盟友，恐吓他的敌人。所有知道他经历过的战争的人都认为他是一位经验丰富的老兵。]]></entry>
    <entry id="action_verbose_body_blacksmith_apostate_shroom"><![CDATA[尽管猛击者有惊人的力量，但他非常的脆弱。潜伏在荒野腐化的土壤中的数百年已经对他造成了伤害，大大降低了他的耐力。他随身携带的蘑菇块是他在多年睡眠中失去的菌帽碎片，虽然它们能恢复他的耐力，但却要以他新出现的敏捷性为代价。]]></entry>
    <entry id="action_verbose_body_camping_trainer_apostate_shroom"><![CDATA[在扎营时，猛击者重新与他的家园建立联系，试图通过在整个庄园中生长的根茎汲取更多的力量。]]></entry>



	<entry id="buff_stat_tooltip_upgrade_discount_ApoShro_obligerate_TTd"><![CDATA[+10%%伤害和+2暴击率 目标每失去20%%生命值]]></entry>

	<entry id="buff_stat_tooltip_upgrade_discount_ApoShro_obligerate_TT1a"><![CDATA[自身：如果{colour_start|pop_text_crit_damage}暴击{colour_end}：{colour_start|stress}压力{colour_end}-6]]></entry>
	<entry id="buff_stat_tooltip_upgrade_discount_ApoShro_obligerate_TT2a"><![CDATA[如果用{colour_start|pop_text_crit_damage}暴击{colour_end}杀敌：{colour_start|stress}压力{colour_end}-12]]></entry>
	<entry id="buff_stat_tooltip_upgrade_discount_ApoShro_obligerate_TT1b"><![CDATA[自身：如果{colour_start|pop_text_crit_damage}暴击{colour_end}：{colour_start|stress}压力{colour_end}-7]]></entry>
	<entry id="buff_stat_tooltip_upgrade_discount_ApoShro_obligerate_TT2b"><![CDATA[如果用{colour_start|pop_text_crit_damage}暴击{colour_end}杀敌：{colour_start|stress}压力{colour_end}-14]]></entry>
	<entry id="buff_stat_tooltip_upgrade_discount_ApoShro_obligerate_TT1c"><![CDATA[自身：如果{colour_start|pop_text_crit_damage}暴击{colour_end}：{colour_start|stress}压力{colour_end}-8]]></entry>
	<entry id="buff_stat_tooltip_upgrade_discount_ApoShro_obligerate_TT2c"><![CDATA[如果用{colour_start|pop_text_crit_damage}暴击{colour_end}杀敌：{colour_start|stress}压力{colour_end}-15]]></entry>
	<entry id="buff_stat_tooltip_upgrade_discount_ApoShro_obligerate_TT1d"><![CDATA[自身：如果{colour_start|pop_text_crit_damage}暴击{colour_end}: {colour_start|stress}压力{colour_end}-9]]></entry>
	<entry id="buff_stat_tooltip_upgrade_discount_ApoShro_obligerate_TT2d"><![CDATA[如果用{colour_start|pop_text_crit_damage}暴击{colour_end}杀敌：{colour_start|stress}压力{colour_end}-16]]></entry>
	<entry id="buff_stat_tooltip_upgrade_discount_ApoShro_obligerate_TT1e"><![CDATA[自身：如果{colour_start|pop_text_crit_damage}暴击{colour_end}：{colour_start|stress}压力{colour_end}-10]]></entry>
	<entry id="buff_stat_tooltip_upgrade_discount_ApoShro_obligerate_TT2e"><![CDATA[如果用{colour_start|pop_text_crit_damage}暴击{colour_end}杀敌：{colour_start|stress}压力{colour_end}-18]]></entry>

	<entry id="buff_stat_tooltip_upgrade_discount_ApoShro_PenePunch_TT21"><![CDATA[杀敌时：{colour_start|debuff}减益{colour_end}其他敌人：
+12被暴击率 来自{colour_start|notable}重拳连打{colour_end}]]></entry>
	<entry id="buff_stat_tooltip_upgrade_discount_ApoShro_PenePunch_TT22"><![CDATA[杀敌时：{colour_start|debuff}减益{colour_end}其他敌人：
+14被暴击率 来自{colour_start|notable}重拳连打{colour_end}]]></entry>
	<entry id="buff_stat_tooltip_upgrade_discount_ApoShro_PenePunch_TT23"><![CDATA[杀敌时：{colour_start|debuff}减益{colour_end}其他敌人：
+16被暴击率 来自{colour_start|notable}重拳连打{colour_end}]]></entry>
	<entry id="buff_stat_tooltip_upgrade_discount_ApoShro_PenePunch_TT24"><![CDATA[杀敌时：{colour_start|debuff}减益{colour_end}其他敌人：
+18被暴击率 来自{colour_start|notable}重拳连打{colour_end}]]></entry>
	<entry id="buff_stat_tooltip_upgrade_discount_ApoShro_PenePunch_TT25"><![CDATA[杀敌时：{colour_start|debuff}减益{colour_end}其他敌人：
+20被暴击率 来自{colour_start|notable}重拳连打{colour_end}]]></entry>



	<entry id="buff_stat_tooltip_upgrade_discount_ApoShro_Punchout_TT1a"><![CDATA[{colour_start|deathdoor}激活拳击模式{colour_end}
3-6 free hits]]></entry>
	<entry id="buff_stat_tooltip_upgrade_discount_ApoShro_Punchout_TT1b"><![CDATA[{colour_start|deathdoor}激活拳击模式{colour_end}
3-7 free hits]]></entry>
	<entry id="buff_stat_tooltip_upgrade_discount_ApoShro_Punchout_TT1c"><![CDATA[{colour_start|deathdoor}激活拳击模式{colour_end}
4-8 free hits]]></entry>
	<entry id="buff_stat_tooltip_upgrade_discount_ApoShro_Punchout_TT1d"><![CDATA[{colour_start|deathdoor}激活拳击模式{colour_end}
4-9 free hits]]></entry>
	<entry id="buff_stat_tooltip_upgrade_discount_ApoShro_Punchout_TT1e"><![CDATA[{colour_start|deathdoor}激活拳击模式{colour_end}
5-10 free hits]]></entry>
	<entry id="buff_stat_tooltip_upgrade_discount_ApoShro_Punchout_TT2"><![CDATA[每场战斗可使用一次]]></entry>
	<entry id="buff_stat_tooltip_upgrade_discount_ApoShro_Punchout_TT3"><![CDATA[无消耗攻击
+50%%伤害 对{colour_start|mark}标记{colour_end}
+25%%伤害 对{colour_start|bleed}流血{colour_end}]]></entry>
	<entry id="buff_stat_tooltip_upgrade_discount_ApoShro_Punchout_TT4"><![CDATA[+25%%伤害 对{colour_start|blight}腐蚀{colour_end}
+25%%伤害 对{colour_start|stun}眩晕{colour_end}]]></entry>

	<entry id="str_skill_mode_info_APOsetup"><![CDATA[{colour_start|notable}预备{colour_end}]]></entry>
	<entry id="actor_mode_name_APOsetup"><![CDATA[{colour_start|notable}预备模式{colour_end}]]></entry>
	<entry id="buff_rule_data_tooltip_APOsetup"><![CDATA[{colour_start|notable}预备模式{colour_end}]]></entry>

	<entry id="str_skill_mode_info_APOpunch"><![CDATA[{colour_start|notable}拳击模式{colour_end}]]></entry>
	<entry id="actor_mode_name_APOpunch"><![CDATA[{colour_start|notable}拳击模式{colour_end}]]></entry>
	<entry id="buff_rule_data_tooltip_APOpunch"><![CDATA[{colour_start|notable}拳击模式{colour_end}]]></entry>


	<entry id="str_skill_mode_info_APOtooltip1"><![CDATA[{colour_start|debuff}减益目标{colour_end}：]]></entry>
	<entry id="str_skill_mode_info_APOtooltip2"><![CDATA[50%受到的伤害 来自{colour_start|notable}重拳连打{colour_end}]]></entry>
	<entry id="str_skill_mode_info_APOtooltip3"><![CDATA[{colour_start|deathdoor}激活拳击模式{colour_end}]]></entry>
	<entry id="str_skill_mode_info_APOtooltip4a"><![CDATA[3-6次{colour_start|virtue}无消耗攻击{colour_end}]]></entry>
	<entry id="str_skill_mode_info_APOtooltip4b"><![CDATA[3-7次{colour_start|virtue}无消耗攻击{colour_end}]]></entry>
	<entry id="str_skill_mode_info_APOtooltip4c"><![CDATA[4-8次{colour_start|virtue}无消耗攻击{colour_end}]]></entry>
	<entry id="str_skill_mode_info_APOtooltip4d"><![CDATA[4-9次{colour_start|virtue}无消耗攻击{colour_end}]]></entry>
	<entry id="str_skill_mode_info_APOtooltip4e"><![CDATA[5-10次{colour_start|virtue}无消耗攻击{colour_end}]]></entry>

	<entry id="str_skill_mode_info_APOtooltip5"><![CDATA[25%伤害 对{colour_start|bleed}流血{colour_end}]]></entry>
	<entry id="str_skill_mode_info_APOtooltip6"><![CDATA[25%伤害 对{colour_start|bleed}腐蚀{colour_end}]]></entry>
	<entry id="str_skill_mode_info_APOtooltip7"><![CDATA[25%伤害 对{colour_start|bleed}眩晕{colour_end}]]></entry>
	<entry id="str_skill_mode_info_APOtooltip8"><![CDATA[50%伤害 对{colour_start|bleed}标记{colour_end}]]></entry>
	<entry id="str_skill_mode_info_APOtooltip9"><![CDATA[每场战斗可使用一次]]></entry>
	<entry id="buff_stat_tooltip_upgrade_discount_ApoShro_Punchout_TT_D"> <![CDATA[{colour_start|debuff}减益目标{colour_end}：
	+50%%受到的伤害 来自{colour_start|notable}重拳连打{colour_end}]]></entry>
	
	<entry id="party_name_APO_SHRO_SMOL1"><![CDATA[小型队伍]]></entry>
	<entry id="party_name_APO_SHRO_SMOL2"><![CDATA[小型队伍]]></entry>
	<entry id="party_name_APO_SHRO_SMOL3"><![CDATA[小型队伍]]></entry>	
	<entry id="party_name_APO_SHRO_SMOL4"><![CDATA[小型队伍]]></entry>
	<entry id="party_name_APO_SHRO_SMOL5"><![CDATA[小型队伍]]></entry>
	<entry id="party_name_APO_SHRO_SMOL6"><![CDATA[小型队伍]]></entry>
	<entry id="party_name_APO_SHRO_QUAD"><![CDATA[森林卫士]]></entry>
	<entry id="party_name_APO_SHRO_SINGLE"><![CDATA[势不可挡]]></entry>
	<entry id="party_name_APO_SHRO_GAS_GROUP1"><![CDATA[呼吸危害]]></entry>	
	<entry id="party_name_APO_SHRO_GAS_GROUP2"><![CDATA[呼吸危害]]></entry>
	<entry id="party_name_APO_SHRO_GAS_GROUP3"><![CDATA[呼吸危害]]></entry>
	<entry id="party_name_APO_SHRO_GAS_GROUP4"><![CDATA[呼吸危害]]></entry>
	<entry id="party_name_APO_SHRO_PURPLE_HEART1"><![CDATA[紫心勋章]]></entry>
	<entry id="party_name_APO_SHRO_PURPLE_HEART2"><![CDATA[紫心勋章]]></entry>
	<entry id="party_name_APO_SHRO_PURPLE_HEART3"><![CDATA[紫心勋章]]></entry>	
	<entry id="party_name_APO_SHRO_PURPLE_HEART4"><![CDATA[紫心勋章]]></entry>	
	<entry id="party_name_APO_SHRO_PURPLE_HEART5"><![CDATA[紫心勋章]]></entry>
	<entry id="party_name_APO_SHRO_PURPLE_HEART6"><![CDATA[紫心勋章]]></entry>
	<entry id="party_name_APO_SHRO_PURPLE_HEART7"><![CDATA[紫心勋章]]></entry>
	<entry id="party_name_APO_SHRO_PURPLE_HEART8"><![CDATA[紫心勋章]]></entry>	
	<entry id="party_name_APO_SHRO_PURPLE_HEART9"><![CDATA[紫心勋章]]></entry>	
	<entry id="party_name_APO_SHRO_PURPLE_HEART10"><![CDATA[紫心勋章]]></entry>	
	<entry id="party_name_APO_SHRO_SWOLE_SQUAD1"><![CDATA[肌肉男]]></entry>
	<entry id="party_name_APO_SHRO_SWOLE_SQUAD2"><![CDATA[肌肉男]]></entry>
	<entry id="party_name_APO_SHRO_SWOLE_SQUAD3"><![CDATA[肌肉男]]></entry>	
	<entry id="party_name_APO_SHRO_SWOLE_SQUAD4"><![CDATA[肌肉男]]></entry>	
	<entry id="party_name_APO_SHRO_SWOLE_SQUAD5"><![CDATA[肌肉男]]></entry>
	<entry id="party_name_APO_SHRO_SWOLE_SQUAD6"><![CDATA[肌肉男]]></entry>
	<entry id="party_name_APO_SHRO_SWOLE_SQUAD7"><![CDATA[肌肉男]]></entry>
	<entry id="party_name_APO_SHRO_SWOLE_SQUAD8"><![CDATA[肌肉男]]></entry>	
	<entry id="party_name_APO_SHRO_SWOLE_SQUAD9"><![CDATA[肌肉男]]></entry>	
	<entry id="party_name_APO_SHRO_SWOLE_SQUAD10"><![CDATA[肌肉男]]></entry>

	
  </language>
  </root>