﻿<?xml version="1.0" encoding="UTF-8"?>
<root>
  <language id="english">	
    <entry id="str_inventory_title_trinketsi_duchess_glare"><![CDATA[Nobusuma's Glare]]></entry>
    <entry id="str_inventory_title_trinketsi_laughing_sagari"><![CDATA[Laughing Sagari]]></entry>
    <entry id="str_inventory_title_trinketsi_omen_mirror"><![CDATA[Cracked Ungaikyo]]></entry>	
    <entry id="str_inventory_title_trinketsi_shinigami_mask"><![CDATA[Face of Death]]></entry>  
	<entry id="str_inventory_title_trinketsi_namahage_garb"><![CDATA[Namahage Outfit]]></entry>
	<entry id="buff_stat_tooltip_upgrade_discount_mirror_damage_reflect_loss_tooltip"><![CDATA[Hero was hit: {colour_start|debuff}Debuffs Self:{colour_end} -5%% Damage Reflection (Lasts 2 Battles)]]></entry>
	<entry id="buff_stat_tooltip_upgrade_discount_sagari_push_tooltip"><![CDATA[On Onslaught Hit: {colour_start|move}Move Self:{colour_end} Back 3]]></entry>
	<entry id="buff_rule_data_tooltip_rip_and_tear"><![CDATA[Rip and Tear]]></entry>
	<entry id="buff_rule_data_tooltip_onslaught"><![CDATA[Onslaught]]></entry>
	<entry id="buff_rule_data_tooltip_holy_water"><![CDATA[Holy Water]]></entry>
	</language>
	
  <language id="brazilian">	
<entry id="str_inventory_title_trinketsi_duchess_glare"><![CDATA[Nobusuma's Glare]]></entry>
    <entry id="str_inventory_title_trinketsi_laughing_sagari"><![CDATA[Laughing Sagari]]></entry>
    <entry id="str_inventory_title_trinketsi_omen_mirror"><![CDATA[Cracked Ungaikyo]]></entry>	
    <entry id="str_inventory_title_trinketsi_shinigami_mask"><![CDATA[Face of Death]]></entry>  
	<entry id="str_inventory_title_trinketsi_namahage_garb"><![CDATA[Namahage Outfit]]></entry>
	<entry id="buff_stat_tooltip_upgrade_discount_mirror_damage_reflect_loss_tooltip"><![CDATA[Hero was hit: {colour_start|debuff}Debuffs Self:{colour_end} -5%% Damage Reflection (Lasts 2 Battles)]]></entry>
	<entry id="buff_stat_tooltip_upgrade_discount_sagari_push_tooltip"><![CDATA[On Onslaught Hit: {colour_start|move}Move Self:{colour_end} Back 3]]></entry>
	<entry id="buff_rule_data_tooltip_rip_and_tear"><![CDATA[Rip and Tear]]></entry>
	<entry id="buff_rule_data_tooltip_onslaught"><![CDATA[Onslaught]]></entry>
	<entry id="buff_rule_data_tooltip_holy_water"><![CDATA[Holy Water]]></entry>
  </language>
  
  <language id="czech">	
<entry id="str_inventory_title_trinketsi_duchess_glare"><![CDATA[Nobusuma's Glare]]></entry>
    <entry id="str_inventory_title_trinketsi_laughing_sagari"><![CDATA[Laughing Sagari]]></entry>
    <entry id="str_inventory_title_trinketsi_omen_mirror"><![CDATA[Cracked Ungaikyo]]></entry>	
    <entry id="str_inventory_title_trinketsi_shinigami_mask"><![CDATA[Face of Death]]></entry>  
	<entry id="str_inventory_title_trinketsi_namahage_garb"><![CDATA[Namahage Outfit]]></entry>
	<entry id="buff_stat_tooltip_upgrade_discount_mirror_damage_reflect_loss_tooltip"><![CDATA[Hero was hit: {colour_start|debuff}Debuffs Self:{colour_end} -5%% Damage Reflection (Lasts 2 Battles)]]></entry>
	<entry id="buff_stat_tooltip_upgrade_discount_sagari_push_tooltip"><![CDATA[On Onslaught Hit: {colour_start|move}Move Self:{colour_end} Back 3]]></entry>
	<entry id="buff_rule_data_tooltip_rip_and_tear"><![CDATA[Rip and Tear]]></entry>
	<entry id="buff_rule_data_tooltip_onslaught"><![CDATA[Onslaught]]></entry>
	<entry id="buff_rule_data_tooltip_holy_water"><![CDATA[Holy Water]]></entry>
  </language>
  
  <language id="french">
<entry id="str_inventory_title_trinketsi_duchess_glare"><![CDATA[Nobusuma's Glare]]></entry>
    <entry id="str_inventory_title_trinketsi_laughing_sagari"><![CDATA[Laughing Sagari]]></entry>
    <entry id="str_inventory_title_trinketsi_omen_mirror"><![CDATA[Cracked Ungaikyo]]></entry>	
    <entry id="str_inventory_title_trinketsi_shinigami_mask"><![CDATA[Face of Death]]></entry>  
	<entry id="str_inventory_title_trinketsi_namahage_garb"><![CDATA[Namahage Outfit]]></entry>
	<entry id="buff_stat_tooltip_upgrade_discount_mirror_damage_reflect_loss_tooltip"><![CDATA[Hero was hit: {colour_start|debuff}Debuffs Self:{colour_end} -5%% Damage Reflection (Lasts 2 Battles)]]></entry>
	<entry id="buff_stat_tooltip_upgrade_discount_sagari_push_tooltip"><![CDATA[On Onslaught Hit: {colour_start|move}Move Self:{colour_end} Back 3]]></entry>
	<entry id="buff_rule_data_tooltip_rip_and_tear"><![CDATA[Rip and Tear]]></entry>
	<entry id="buff_rule_data_tooltip_onslaught"><![CDATA[Onslaught]]></entry>
	<entry id="buff_rule_data_tooltip_holy_water"><![CDATA[Holy Water]]></entry>
  </language>
  
  <language id="german">
<entry id="str_inventory_title_trinketsi_duchess_glare"><![CDATA[Nobusumas Starr]]></entry>
    <entry id="str_inventory_title_trinketsi_laughing_sagari"><![CDATA[Lachender Sagari]]></entry>
    <entry id="str_inventory_title_trinketsi_omen_mirror"><![CDATA[Brüchiger Ungaikyo]]></entry>	
    <entry id="str_inventory_title_trinketsi_shinigami_mask"><![CDATA[Gesicht des Todes]]></entry>  
	<entry id="str_inventory_title_trinketsi_namahage_garb"><![CDATA[Namahage Outfit]]></entry>
	<entry id="buff_stat_tooltip_upgrade_discount_mirror_damage_reflect_loss_tooltip"><![CDATA[Held wurde getroffen: {colour_start|debuff}Schwächt Selbst:{colour_end} -5%% Schadensreflektion (Dauert 2 Kämpfe)]]></entry>
	<entry id="buff_stat_tooltip_upgrade_discount_sagari_push_tooltip"><![CDATA[Bei Ansturm Treffer: {colour_start|move}Bewegt Selbst:{colour_end} Zurück 3]]></entry>
	<entry id="buff_rule_data_tooltip_rip_and_tear"><![CDATA[Fetzen und Reißen]]></entry>
	<entry id="buff_rule_data_tooltip_onslaught"><![CDATA[Ansturm]]></entry>
	<entry id="buff_rule_data_tooltip_holy_water"><![CDATA[Heiliges Wasser]]></entry>
  </language>
  
  <language id="italian">		
<entry id="str_inventory_title_trinketsi_duchess_glare"><![CDATA[Nobusuma's Glare]]></entry>
    <entry id="str_inventory_title_trinketsi_laughing_sagari"><![CDATA[Laughing Sagari]]></entry>
    <entry id="str_inventory_title_trinketsi_omen_mirror"><![CDATA[Cracked Ungaikyo]]></entry>	
    <entry id="str_inventory_title_trinketsi_shinigami_mask"><![CDATA[Face of Death]]></entry>  
	<entry id="str_inventory_title_trinketsi_namahage_garb"><![CDATA[Namahage Outfit]]></entry>
	<entry id="buff_stat_tooltip_upgrade_discount_mirror_damage_reflect_loss_tooltip"><![CDATA[Hero was hit: {colour_start|debuff}Debuffs Self:{colour_end} -5%% Damage Reflection (Lasts 2 Battles)]]></entry>
	<entry id="buff_stat_tooltip_upgrade_discount_sagari_push_tooltip"><![CDATA[On Onslaught Hit: {colour_start|move}Move Self:{colour_end} Back 3]]></entry>
	<entry id="buff_rule_data_tooltip_rip_and_tear"><![CDATA[Rip and Tear]]></entry>
	<entry id="buff_rule_data_tooltip_onslaught"><![CDATA[Onslaught]]></entry>
	<entry id="buff_rule_data_tooltip_holy_water"><![CDATA[Holy Water]]></entry>
  </language>
  
  <language id="koreana">  
<entry id="str_inventory_title_trinketsi_duchess_glare"><![CDATA[Nobusuma's Glare]]></entry>
    <entry id="str_inventory_title_trinketsi_laughing_sagari"><![CDATA[Laughing Sagari]]></entry>
    <entry id="str_inventory_title_trinketsi_omen_mirror"><![CDATA[Cracked Ungaikyo]]></entry>	
    <entry id="str_inventory_title_trinketsi_shinigami_mask"><![CDATA[Face of Death]]></entry>  
	<entry id="str_inventory_title_trinketsi_namahage_garb"><![CDATA[Namahage Outfit]]></entry>
	<entry id="buff_stat_tooltip_upgrade_discount_mirror_damage_reflect_loss_tooltip"><![CDATA[Hero was hit: {colour_start|debuff}Debuffs Self:{colour_end} -5%% Damage Reflection (Lasts 2 Battles)]]></entry>
	<entry id="buff_stat_tooltip_upgrade_discount_sagari_push_tooltip"><![CDATA[On Onslaught Hit: {colour_start|move}Move Self:{colour_end} Back 3]]></entry>
	<entry id="buff_rule_data_tooltip_rip_and_tear"><![CDATA[Rip and Tear]]></entry>
	<entry id="buff_rule_data_tooltip_onslaught"><![CDATA[Onslaught]]></entry>
	<entry id="buff_rule_data_tooltip_holy_water"><![CDATA[Holy Water]]></entry>
  </language>
  
  <language id="koreanb">	
<entry id="str_inventory_title_trinketsi_duchess_glare"><![CDATA[Nobusuma's Glare]]></entry>
    <entry id="str_inventory_title_trinketsi_laughing_sagari"><![CDATA[Laughing Sagari]]></entry>
    <entry id="str_inventory_title_trinketsi_omen_mirror"><![CDATA[Cracked Ungaikyo]]></entry>	
    <entry id="str_inventory_title_trinketsi_shinigami_mask"><![CDATA[Face of Death]]></entry>  
	<entry id="str_inventory_title_trinketsi_namahage_garb"><![CDATA[Namahage Outfit]]></entry>
	<entry id="buff_stat_tooltip_upgrade_discount_mirror_damage_reflect_loss_tooltip"><![CDATA[Hero was hit: {colour_start|debuff}Debuffs Self:{colour_end} -5%% Damage Reflection (Lasts 2 Battles)]]></entry>
	<entry id="buff_stat_tooltip_upgrade_discount_sagari_push_tooltip"><![CDATA[On Onslaught Hit: {colour_start|move}Move Self:{colour_end} Back 3]]></entry>
	<entry id="buff_rule_data_tooltip_rip_and_tear"><![CDATA[Rip and Tear]]></entry>
	<entry id="buff_rule_data_tooltip_onslaught"><![CDATA[Onslaught]]></entry>
	<entry id="buff_rule_data_tooltip_holy_water"><![CDATA[Holy Water]]></entry>
  </language>  
  
  <language id="polish">
<entry id="str_inventory_title_trinketsi_duchess_glare"><![CDATA[Nobusuma's Glare]]></entry>
    <entry id="str_inventory_title_trinketsi_laughing_sagari"><![CDATA[Laughing Sagari]]></entry>
    <entry id="str_inventory_title_trinketsi_omen_mirror"><![CDATA[Cracked Ungaikyo]]></entry>	
    <entry id="str_inventory_title_trinketsi_shinigami_mask"><![CDATA[Face of Death]]></entry> 
	<entry id="str_inventory_title_trinketsi_namahage_garb"><![CDATA[Namahage Outfit]]></entry> 
	<entry id="buff_stat_tooltip_upgrade_discount_mirror_damage_reflect_loss_tooltip"><![CDATA[Hero was hit: {colour_start|debuff}Debuffs Self:{colour_end} -5%% Damage Reflection (Lasts 2 Battles)]]></entry>
	<entry id="buff_stat_tooltip_upgrade_discount_sagari_push_tooltip"><![CDATA[On Onslaught Hit: {colour_start|move}Move Self:{colour_end} Back 3]]></entry>
	<entry id="buff_rule_data_tooltip_rip_and_tear"><![CDATA[Rip and Tear]]></entry>
	<entry id="buff_rule_data_tooltip_onslaught"><![CDATA[Onslaught]]></entry>
	<entry id="buff_rule_data_tooltip_holy_water"><![CDATA[Holy Water]]></entry>
  </language>
  
  <language id="russian">  
<entry id="str_inventory_title_trinketsi_duchess_glare"><![CDATA[Nobusuma's Glare]]></entry>
    <entry id="str_inventory_title_trinketsi_laughing_sagari"><![CDATA[Laughing Sagari]]></entry>
    <entry id="str_inventory_title_trinketsi_omen_mirror"><![CDATA[Cracked Ungaikyo]]></entry>	
    <entry id="str_inventory_title_trinketsi_shinigami_mask"><![CDATA[Face of Death]]></entry>  
	<entry id="str_inventory_title_trinketsi_namahage_garb"><![CDATA[Namahage Outfit]]></entry>
	<entry id="buff_stat_tooltip_upgrade_discount_mirror_damage_reflect_loss_tooltip"><![CDATA[Hero was hit: {colour_start|debuff}Debuffs Self:{colour_end} -5%% Damage Reflection (Lasts 2 Battles)]]></entry>
	<entry id="buff_stat_tooltip_upgrade_discount_sagari_push_tooltip"><![CDATA[On Onslaught Hit: {colour_start|move}Move Self:{colour_end} Back 3]]></entry>
	<entry id="buff_rule_data_tooltip_rip_and_tear"><![CDATA[Rip and Tear]]></entry>
	<entry id="buff_rule_data_tooltip_onslaught"><![CDATA[Onslaught]]></entry>
	<entry id="buff_rule_data_tooltip_holy_water"><![CDATA[Holy Water]]></entry>
  </language>
  
  <language id="schinese">	
    <entry id="str_inventory_title_trinketsi_duchess_glare"><![CDATA[野衾的怒目]]></entry>
    <entry id="str_inventory_title_trinketsi_laughing_sagari"><![CDATA[笑面马垂首]]></entry>
    <entry id="str_inventory_title_trinketsi_omen_mirror"><![CDATA[破裂的云外镜]]></entry>	
    <entry id="str_inventory_title_trinketsi_shinigami_mask"><![CDATA[死亡之面]]></entry>  
	<entry id="str_inventory_title_trinketsi_namahage_garb"><![CDATA[生剥鬼的装束]]></entry>
	<entry id="buff_stat_tooltip_upgrade_discount_mirror_damage_reflect_loss_tooltip"><![CDATA[角色被击中： {colour_start|debuff}减益自身{colour_end} -5%%伤害反射 (持续2场战斗)]]></entry>
	<entry id="buff_stat_tooltip_upgrade_discount_sagari_push_tooltip"><![CDATA[当猛攻命中时： {colour_start|move}移动自身：{colour_end} 后退3]]></entry>
	<entry id="buff_rule_data_tooltip_rip_and_tear"><![CDATA[大卸八块]]></entry>
	<entry id="buff_rule_data_tooltip_onslaught"><![CDATA[猛攻]]></entry>
	<entry id="buff_rule_data_tooltip_holy_water"><![CDATA[圣水]]></entry>
  </language>
  
  <language id="spanish">	
<entry id="str_inventory_title_trinketsi_duchess_glare"><![CDATA[Nobusuma's Glare]]></entry>
    <entry id="str_inventory_title_trinketsi_laughing_sagari"><![CDATA[Laughing Sagari]]></entry>
    <entry id="str_inventory_title_trinketsi_omen_mirror"><![CDATA[Cracked Ungaikyo]]></entry>	
    <entry id="str_inventory_title_trinketsi_shinigami_mask"><![CDATA[Face of Death]]></entry> 
	<entry id="str_inventory_title_trinketsi_namahage_garb"><![CDATA[Namahage Outfit]]></entry> 
	<entry id="buff_stat_tooltip_upgrade_discount_mirror_damage_reflect_loss_tooltip"><![CDATA[Hero was hit: {colour_start|debuff}Debuffs Self:{colour_end} -5%% Damage Reflection (Lasts 2 Battles)]]></entry>
	<entry id="buff_stat_tooltip_upgrade_discount_sagari_push_tooltip"><![CDATA[On Onslaught Hit: {colour_start|move}Move Self:{colour_end} Back 3]]></entry>
	<entry id="buff_rule_data_tooltip_rip_and_tear"><![CDATA[Rip and Tear]]></entry>
	<entry id="buff_rule_data_tooltip_onslaught"><![CDATA[Onslaught]]></entry>
	<entry id="buff_rule_data_tooltip_holy_water"><![CDATA[Holy Water]]></entry>
  </language>
  
  <language id="tchinese">	
 <entry id="str_inventory_title_trinketsi_duchess_glare"><![CDATA[Nobusuma's Glare]]></entry>
    <entry id="str_inventory_title_trinketsi_laughing_sagari"><![CDATA[Laughing Sagari]]></entry>
    <entry id="str_inventory_title_trinketsi_omen_mirror"><![CDATA[Cracked Ungaikyo]]></entry>	
    <entry id="str_inventory_title_trinketsi_shinigami_mask"><![CDATA[Face of Death]]></entry> 
	<entry id="str_inventory_title_trinketsi_namahage_garb"><![CDATA[Namahage Outfit]]></entry> 
	<entry id="buff_stat_tooltip_upgrade_discount_mirror_damage_reflect_loss_tooltip"><![CDATA[Hero was hit: {colour_start|debuff}Debuffs Self:{colour_end} -5%% Damage Reflection (Lasts 2 Battles)]]></entry>
	<entry id="buff_stat_tooltip_upgrade_discount_sagari_push_tooltip"><![CDATA[On Onslaught Hit: {colour_start|move}Move Self:{colour_end} Back 3]]></entry>
	<entry id="buff_rule_data_tooltip_rip_and_tear"><![CDATA[Rip and Tear]]></entry>
	<entry id="buff_rule_data_tooltip_onslaught"><![CDATA[Onslaught]]></entry>
	<entry id="buff_rule_data_tooltip_holy_water"><![CDATA[Holy Water]]></entry>
  </language>
  
  <language id="japanese">	
<entry id="str_inventory_title_trinketsi_duchess_glare"><![CDATA[Nobusuma's Glare]]></entry>
    <entry id="str_inventory_title_trinketsi_laughing_sagari"><![CDATA[Laughing Sagari]]></entry>
    <entry id="str_inventory_title_trinketsi_omen_mirror"><![CDATA[Cracked Ungaikyo]]></entry>	
    <entry id="str_inventory_title_trinketsi_shinigami_mask"><![CDATA[Face of Death]]></entry>  
	<entry id="str_inventory_title_trinketsi_namahage_garb"><![CDATA[Namahage Outfit]]></entry>
	<entry id="buff_stat_tooltip_upgrade_discount_mirror_damage_reflect_loss_tooltip"><![CDATA[Hero was hit: {colour_start|debuff}Debuffs Self:{colour_end} -5%% Damage Reflection (Lasts 2 Battles)]]></entry>
	<entry id="buff_stat_tooltip_upgrade_discount_sagari_push_tooltip"><![CDATA[On Onslaught Hit: {colour_start|move}Move Self:{colour_end} Back 3]]></entry>
	<entry id="buff_rule_data_tooltip_rip_and_tear"><![CDATA[Rip and Tear]]></entry>
	<entry id="buff_rule_data_tooltip_onslaught"><![CDATA[Onslaught]]></entry>
	<entry id="buff_rule_data_tooltip_holy_water"><![CDATA[Holy Water]]></entry>
  </language>
</root>

