<?xml version="1.0" encoding="UTF-8"?>
<root>
  <language id="english">
	<entry id="str_inventory_title_trinketeviscerating_dagger"><![CDATA[Eviscerating Dagger]]></entry>
	<entry id="str_inventory_title_trinketcarnivorous_bolts"><![CDATA[Carnivorous Bolts]]></entry>
	<entry id="str_inventory_title_trinketcarnivorous_musketball"><![CDATA[Carnivorous Musket Ball]]></entry>
	<entry id="str_inventory_title_trinketimmaculate_mask"><![CDATA[Marrowforge Mask]]></entry>
	<entry id="str_inventory_title_trinketbroken_anchor"><![CDATA[Broken Anchor]]></entry>
	<entry id="str_inventory_title_trinketsinging_blade"><![CDATA[Singing Blade]]></entry>
	<entry id="str_inventory_title_trinketdeceitful_mask"><![CDATA[Deceitful Mask]]></entry>
	<entry id="str_inventory_title_trinketdemonic_fragrance"><![CDATA[Demonic Fragrance ]]></entry>
	<entry id="str_inventory_set_title_incalc_deset"><![CDATA[ Protect me at any cost...  ]]></entry>
	<entry id="str_inventory_title_trinketeyestalk_bundle"><![CDATA[ Bundle of Eyestalks]]></entry>
	<entry id="str_inventory_title_trinketotherworldly_ingredients"><![CDATA[ Otherworldly Ingredients]]></entry>
	<entry id="str_inventory_title_trinketforbidden_hymns"><![CDATA[Forbidden Hymns]]></entry>
	<entry id="str_inventory_title_trinketsanguine_root"><![CDATA[Sanguine Root ]]></entry>
	<entry id="buff_stat_tooltip_stress_heal_received_percent_hero_crit"><![CDATA[%+d%% Stress Healed on Crit]]></entry>
    <entry id="buff_stat_tooltip_guard_duration_received_percent"><![CDATA[%+d%% {colour_start|guard}Guard{colour_end} Duration Received]]></entry>
    <entry id="buff_stat_tooltip_hp_dot_poison_amount_percent"><![CDATA[%+d%% {colour_start|blight}Blight{colour_end} Amount]]></entry>
	 <entry id="buff_stat_tooltip_hp_dot_bleed_amount_percent"><![CDATA[%+d%% {colour_start|bleed}Bleed{colour_end} Amount]]></entry>
    <entry id="buff_stat_tooltip_hp_dot_bleed_amount_received_percent"><![CDATA[%+d%% Received {colour_start|bleed}Bleed{colour_end} Amount]]></entry>
	<entry id="buff_stat_tooltip_upgrade_discount_EYBUNDLE_TOOLTIP"><![CDATA[ On hit: Target: 
-10%% {colour_start|blight}Blight{colour_end} Resist 
-10%% {colour_start|stun}Stun{colour_end} Resist 
+5%% {colour_start|guard}Prot{colour_end}]]></entry>
<entry id="buff_stat_tooltip_upgrade_discount_CARN_TOOLTIP"><![CDATA[On Kill: Spawn a Succulent Flesh In Rank 1
	On death the flesh will:
		{colour_start|healhp}Heal{colour_end} 8 HP]]></entry>
	<entry id="buff_stat_tooltip_torchlight_burn_percent"><![CDATA[%+d%% Torch Burn Percent]]></entry>
	<entry id="buff_rule_tooltip_skill_false"><![CDATA[All Skills except %s: %s]]></entry>
	<entry id="buff_rule_data_tooltip_opened_vein"><![CDATA[Open Vein]]></entry>
	<entry id="str_monstername_succulent_flesh_A"><![CDATA[Succulent Flesh]]></entry>
	
	<entry id="town_quest_name_plot_kill_formless_flesh_Musk"><![CDATA[Defeat the Unstable Flesh]]></entry>
	<entry id="town_quest_name_plot_kill_formless_flesh_Arb"><![CDATA[Defeat the Unstable Flesh]]></entry>
	<entry id="str_embarked_on_plot_kill_formless_flesh_Musk"><![CDATA[{?hero_names}%s embarked to put the Flesh out of its unnatural life. ({?difficulty}%s {?length}%s)]]></entry>
	<entry id="str_embarked_on_plot_kill_formless_flesh_Arb"><![CDATA[{?hero_names}%s embarked to put the Flesh out of its unnatural life. ({?difficulty}%s {?length}%s)]]></entry>
	<entry id="str_returned_from_plot_kill_formless_flesh_Arb_failure"><![CDATA[{?hero_names}%s were unable to stop the Unstable Flesh. ({?difficulty}%s {?length}%s)]]></entry>
    <entry id="str_returned_from_plot_kill_formless_flesh_Arb_success"><![CDATA[{?hero_names}%s stilled the heartbeat of the Unstable Flesh! ({?difficulty}%s {?length}%s)]]></entry>
	<entry id="str_returned_from_plot_kill_formless_flesh_Musk_failure"><![CDATA[{?hero_names}%s were unable to stop the Unstable Flesh. ({?difficulty}%s {?length}%s)]]></entry>
    <entry id="str_returned_from_plot_kill_formless_flesh_Musk_success"><![CDATA[{?hero_names}%s stilled the heartbeat of the Unstable Flesh! ({?difficulty}%s {?length}%s)]]></entry>
	<entry id="town_quest_progress_plot_kill_formless_flesh_Arb"><![CDATA[Slay the boss!]]></entry>
    <entry id="town_quest_progress_plot_kill_formless_flesh_Musk"><![CDATA[Slay the boss!]]></entry>
	<entry id="town_quest_description_plot_kill_formless_flesh_Arb"><![CDATA[Some things were never meant to live. Cleanse the sin of the Ancestor's experimentations and put this abomination into the abyss where it belongs.]]></entry>
	<entry id="town_quest_description_plot_kill_formless_flesh_Musk"><![CDATA[Some things were never meant to live. Cleanse the sin of the Ancestor's experimentations and put this abomination into the abyss where it belongs.]]></entry>
    <entry id="str_plot_kill_formless_flesh_Arb_audio_line"><![CDATA[The Sewer's Solution]]></entry>
    <entry id="str_plot_kill_formless_flesh_Arb_tip"><![CDATA[Ancestor's Memoirs - The Flesh (2 / 3)]]></entry>
	<entry id="str_plot_kill_formless_flesh_Musk_audio_line"><![CDATA[The Sewer's Solution]]></entry>
    <entry id="str_plot_kill_formless_flesh_Musk_tip"><![CDATA[Ancestor's Memoirs - The Flesh (2 / 3)]]></entry>
	<entry id="trinket_attack_skill_additional_effects_hit_miss"><![CDATA[On Attack:]]></entry>
    <entry id="trinket_attack_skill_additional_effects_hit"><![CDATA[On Attack Hit:]]></entry>
    <entry id="trinket_attack_skill_additional_effects_miss"><![CDATA[On Attack Miss:]]></entry>
    <entry id="trinket_friendly_skill_additional_effects"><![CDATA[Friendly Skill:]]></entry>

	</language>
  <language id="french">
	<entry id="str_inventory_title_trinketeviscerating_dagger"><![CDATA[Eviscerating Dagger]]></entry>
	<entry id="str_inventory_title_trinketcarnivorous_bolts"><![CDATA[Carnivorous Bolts]]></entry>
	<entry id="str_inventory_title_trinketcarnivorous_musketball"><![CDATA[Carnivorous Musket Ball]]></entry>
	<entry id="str_inventory_title_trinketimmaculate_mask"><![CDATA[Marrowforge Mask]]></entry>
	<entry id="str_inventory_title_trinketbroken_anchor"><![CDATA[Broken Anchor]]></entry>
	<entry id="str_inventory_title_trinketsinging_blade"><![CDATA[Singing Blade]]></entry>
	<entry id="str_inventory_title_trinketdeceitful_mask"><![CDATA[Deceitful Mask]]></entry>
	<entry id="str_inventory_title_trinketdemonic_fragrance"><![CDATA[Demonic Fragrance ]]></entry>
	<entry id="str_inventory_set_title_incalc_deset"><![CDATA[ Protect me at any cost...  ]]></entry>
	<entry id="str_inventory_title_trinketeyestalk_bundle"><![CDATA[ Bundle of Eyestalks]]></entry>
	<entry id="str_inventory_title_trinketotherworldly_ingredients"><![CDATA[ Otherworldly Ingredients]]></entry>
	<entry id="str_inventory_title_trinketforbidden_hymns"><![CDATA[Forbidden Hymns]]></entry>
	<entry id="str_inventory_title_trinketsanguine_root"><![CDATA[Sanguine Root ]]></entry>
	<entry id="buff_stat_tooltip_stress_heal_received_percent_hero_crit"><![CDATA[%+d%% Stress Healed on Crit]]></entry>
    <entry id="buff_stat_tooltip_guard_duration_received_percent"><![CDATA[%+d%% {colour_start|guard}Guard{colour_end} Duration Received]]></entry>
    <entry id="buff_stat_tooltip_hp_dot_poison_amount_percent"><![CDATA[%+d%% {colour_start|blight}Blight{colour_end} Amount]]></entry>
	 <entry id="buff_stat_tooltip_hp_dot_bleed_amount_percent"><![CDATA[%+d%% {colour_start|bleed}Bleed{colour_end} Amount]]></entry>
    <entry id="buff_stat_tooltip_hp_dot_bleed_amount_received_percent"><![CDATA[%+d%% Received {colour_start|bleed}Bleed{colour_end} Amount]]></entry>
	<entry id="buff_stat_tooltip_upgrade_discount_EYBUNDLE_TOOLTIP"><![CDATA[ On hit: Target: 
-10%% {colour_start|blight}Blight{colour_end} Resist 
-10%% {colour_start|stun}Stun{colour_end} Resist 
+5%% {colour_start|guard}Prot{colour_end}]]></entry>
<entry id="buff_stat_tooltip_upgrade_discount_CARN_TOOLTIP"><![CDATA[On Kill: Spawn a Succulent Flesh In Rank 1
	On death the flesh will:
		{colour_start|healhp}Heal{colour_end} 8 HP]]></entry>
	<entry id="buff_stat_tooltip_torchlight_burn_percent"><![CDATA[%+d%% Torch Burn Percent]]></entry>
	<entry id="buff_rule_tooltip_skill_false"><![CDATA[All Skills except %s: %s]]></entry>
	<entry id="buff_rule_data_tooltip_opened_vein"><![CDATA[Open Vein]]></entry>
	<entry id="str_monstername_succulent_flesh_A"><![CDATA[Succulent Flesh]]></entry>
	
	<entry id="town_quest_name_plot_kill_formless_flesh_Musk"><![CDATA[Defeat the Unstable Flesh]]></entry>
	<entry id="town_quest_name_plot_kill_formless_flesh_Arb"><![CDATA[Defeat the Unstable Flesh]]></entry>
	<entry id="str_embarked_on_plot_kill_formless_flesh_Musk"><![CDATA[{?hero_names}%s embarked to put the Flesh out of its unnatural life. ({?difficulty}%s {?length}%s)]]></entry>
	<entry id="str_embarked_on_plot_kill_formless_flesh_Arb"><![CDATA[{?hero_names}%s embarked to put the Flesh out of its unnatural life. ({?difficulty}%s {?length}%s)]]></entry>
	<entry id="str_returned_from_plot_kill_formless_flesh_Arb_failure"><![CDATA[{?hero_names}%s were unable to stop the Unstable Flesh. ({?difficulty}%s {?length}%s)]]></entry>
    <entry id="str_returned_from_plot_kill_formless_flesh_Arb_success"><![CDATA[{?hero_names}%s stilled the heartbeat of the Unstable Flesh! ({?difficulty}%s {?length}%s)]]></entry>
	<entry id="str_returned_from_plot_kill_formless_flesh_Musk_failure"><![CDATA[{?hero_names}%s were unable to stop the Unstable Flesh. ({?difficulty}%s {?length}%s)]]></entry>
    <entry id="str_returned_from_plot_kill_formless_flesh_Musk_success"><![CDATA[{?hero_names}%s stilled the heartbeat of the Unstable Flesh! ({?difficulty}%s {?length}%s)]]></entry>
	<entry id="town_quest_progress_plot_kill_formless_flesh_Arb"><![CDATA[Slay the boss!]]></entry>
    <entry id="town_quest_progress_plot_kill_formless_flesh_Musk"><![CDATA[Slay the boss!]]></entry>
	<entry id="town_quest_description_plot_kill_formless_flesh_Arb"><![CDATA[Some things were never meant to live. Cleanse the sin of the Ancestor's experimentations and put this abomination into the abyss where it belongs.]]></entry>
	<entry id="town_quest_description_plot_kill_formless_flesh_Musk"><![CDATA[Some things were never meant to live. Cleanse the sin of the Ancestor's experimentations and put this abomination into the abyss where it belongs.]]></entry>
    <entry id="str_plot_kill_formless_flesh_Arb_audio_line"><![CDATA[The Sewer's Solution]]></entry>
    <entry id="str_plot_kill_formless_flesh_Arb_tip"><![CDATA[Ancestor's Memoirs - The Flesh (2 / 3)]]></entry>
	<entry id="str_plot_kill_formless_flesh_Musk_audio_line"><![CDATA[The Sewer's Solution]]></entry>
    <entry id="str_plot_kill_formless_flesh_Musk_tip"><![CDATA[Ancestor's Memoirs - The Flesh (2 / 3)]]></entry>
	<entry id="trinket_attack_skill_additional_effects_hit_miss"><![CDATA[On Attack:]]></entry>
    <entry id="trinket_attack_skill_additional_effects_hit"><![CDATA[On Attack Hit:]]></entry>
    <entry id="trinket_attack_skill_additional_effects_miss"><![CDATA[On Attack Miss:]]></entry>
    <entry id="trinket_friendly_skill_additional_effects"><![CDATA[Friendly Skill:]]></entry>
	
  </language>
  <language id="german">
	<entry id="str_inventory_title_trinketeviscerating_dagger"><![CDATA[Eviscerating Dagger]]></entry>
	<entry id="str_inventory_title_trinketcarnivorous_bolts"><![CDATA[Carnivorous Bolts]]></entry>
	<entry id="str_inventory_title_trinketcarnivorous_musketball"><![CDATA[Carnivorous Musket Ball]]></entry>
	<entry id="str_inventory_title_trinketimmaculate_mask"><![CDATA[Marrowforge Mask]]></entry>
	<entry id="str_inventory_title_trinketbroken_anchor"><![CDATA[Broken Anchor]]></entry>
	<entry id="str_inventory_title_trinketsinging_blade"><![CDATA[Singing Blade]]></entry>
	<entry id="str_inventory_title_trinketdeceitful_mask"><![CDATA[Deceitful Mask]]></entry>
	<entry id="str_inventory_title_trinketdemonic_fragrance"><![CDATA[Demonic Fragrance ]]></entry>
	<entry id="str_inventory_set_title_incalc_deset"><![CDATA[ Protect me at any cost...  ]]></entry>
	<entry id="str_inventory_title_trinketeyestalk_bundle"><![CDATA[ Bundle of Eyestalks]]></entry>
	<entry id="str_inventory_title_trinketotherworldly_ingredients"><![CDATA[ Otherworldly Ingredients]]></entry>
	<entry id="str_inventory_title_trinketforbidden_hymns"><![CDATA[Forbidden Hymns]]></entry>
	<entry id="str_inventory_title_trinketsanguine_root"><![CDATA[Sanguine Root ]]></entry>
	<entry id="buff_stat_tooltip_stress_heal_received_percent_hero_crit"><![CDATA[%+d%% Stress Healed on Crit]]></entry>
    <entry id="buff_stat_tooltip_guard_duration_received_percent"><![CDATA[%+d%% {colour_start|guard}Guard{colour_end} Duration Received]]></entry>
    <entry id="buff_stat_tooltip_hp_dot_poison_amount_percent"><![CDATA[%+d%% {colour_start|blight}Blight{colour_end} Amount]]></entry>
	 <entry id="buff_stat_tooltip_hp_dot_bleed_amount_percent"><![CDATA[%+d%% {colour_start|bleed}Bleed{colour_end} Amount]]></entry>
    <entry id="buff_stat_tooltip_hp_dot_bleed_amount_received_percent"><![CDATA[%+d%% Received {colour_start|bleed}Bleed{colour_end} Amount]]></entry>
	<entry id="buff_stat_tooltip_upgrade_discount_EYBUNDLE_TOOLTIP"><![CDATA[ On hit: Target: 
-10%% {colour_start|blight}Blight{colour_end} Resist 
-10%% {colour_start|stun}Stun{colour_end} Resist 
+5%% {colour_start|guard}Prot{colour_end}]]></entry>
<entry id="buff_stat_tooltip_upgrade_discount_CARN_TOOLTIP"><![CDATA[On Kill: Spawn a Succulent Flesh In Rank 1
	On death the flesh will:
		{colour_start|healhp}Heal{colour_end} 8 HP]]></entry>
	<entry id="buff_stat_tooltip_torchlight_burn_percent"><![CDATA[%+d%% Torch Burn Percent]]></entry>
	<entry id="buff_rule_tooltip_skill_false"><![CDATA[All Skills except %s: %s]]></entry>
	<entry id="buff_rule_data_tooltip_opened_vein"><![CDATA[Open Vein]]></entry>
	<entry id="str_monstername_succulent_flesh_A"><![CDATA[Succulent Flesh]]></entry>
	
	<entry id="town_quest_name_plot_kill_formless_flesh_Musk"><![CDATA[Defeat the Unstable Flesh]]></entry>
	<entry id="town_quest_name_plot_kill_formless_flesh_Arb"><![CDATA[Defeat the Unstable Flesh]]></entry>
	<entry id="str_embarked_on_plot_kill_formless_flesh_Musk"><![CDATA[{?hero_names}%s embarked to put the Flesh out of its unnatural life. ({?difficulty}%s {?length}%s)]]></entry>
	<entry id="str_embarked_on_plot_kill_formless_flesh_Arb"><![CDATA[{?hero_names}%s embarked to put the Flesh out of its unnatural life. ({?difficulty}%s {?length}%s)]]></entry>
	<entry id="str_returned_from_plot_kill_formless_flesh_Arb_failure"><![CDATA[{?hero_names}%s were unable to stop the Unstable Flesh. ({?difficulty}%s {?length}%s)]]></entry>
    <entry id="str_returned_from_plot_kill_formless_flesh_Arb_success"><![CDATA[{?hero_names}%s stilled the heartbeat of the Unstable Flesh! ({?difficulty}%s {?length}%s)]]></entry>
	<entry id="str_returned_from_plot_kill_formless_flesh_Musk_failure"><![CDATA[{?hero_names}%s were unable to stop the Unstable Flesh. ({?difficulty}%s {?length}%s)]]></entry>
    <entry id="str_returned_from_plot_kill_formless_flesh_Musk_success"><![CDATA[{?hero_names}%s stilled the heartbeat of the Unstable Flesh! ({?difficulty}%s {?length}%s)]]></entry>
	<entry id="town_quest_progress_plot_kill_formless_flesh_Arb"><![CDATA[Slay the boss!]]></entry>
    <entry id="town_quest_progress_plot_kill_formless_flesh_Musk"><![CDATA[Slay the boss!]]></entry>
	<entry id="town_quest_description_plot_kill_formless_flesh_Arb"><![CDATA[Some things were never meant to live. Cleanse the sin of the Ancestor's experimentations and put this abomination into the abyss where it belongs.]]></entry>
	<entry id="town_quest_description_plot_kill_formless_flesh_Musk"><![CDATA[Some things were never meant to live. Cleanse the sin of the Ancestor's experimentations and put this abomination into the abyss where it belongs.]]></entry>
    <entry id="str_plot_kill_formless_flesh_Arb_audio_line"><![CDATA[The Sewer's Solution]]></entry>
    <entry id="str_plot_kill_formless_flesh_Arb_tip"><![CDATA[Ancestor's Memoirs - The Flesh (2 / 3)]]></entry>
	<entry id="str_plot_kill_formless_flesh_Musk_audio_line"><![CDATA[The Sewer's Solution]]></entry>
    <entry id="str_plot_kill_formless_flesh_Musk_tip"><![CDATA[Ancestor's Memoirs - The Flesh (2 / 3)]]></entry>
	<entry id="trinket_attack_skill_additional_effects_hit_miss"><![CDATA[On Attack:]]></entry>
    <entry id="trinket_attack_skill_additional_effects_hit"><![CDATA[On Attack Hit:]]></entry>
    <entry id="trinket_attack_skill_additional_effects_miss"><![CDATA[On Attack Miss:]]></entry>
    <entry id="trinket_friendly_skill_additional_effects"><![CDATA[Friendly Skill:]]></entry>

  </language>
  <language id="spanish">
	<entry id="str_inventory_title_trinketeviscerating_dagger"><![CDATA[Daga Destripadora]]></entry>
	<entry id="str_inventory_title_trinketcarnivorous_bolts"><![CDATA[Pernos Carnívoros]]></entry>
	<entry id="str_inventory_title_trinketcarnivorous_musketball"><![CDATA[Bola de Mosquete Carnívoro]]></entry>
	<entry id="str_inventory_title_trinketimmaculate_mask"><![CDATA[Máscara forjada con Médulas]]></entry>
	<entry id="str_inventory_title_trinketbroken_anchor"><![CDATA[Broken Anchor]]></entry>
	<entry id="str_inventory_title_trinketsinging_blade"><![CDATA[Hoja Cantante]]></entry>
	<entry id="str_inventory_title_trinketdeceitful_mask"><![CDATA[Máscara Engañosa]]></entry>
	<entry id="str_inventory_title_trinketdemonic_fragrance"><![CDATA[Fragancia Demoníaca ]]></entry>
	<entry id="str_inventory_set_title_incalc_deset"><![CDATA[ Protect me at any cost...  ]]></entry>
	<entry id="str_inventory_title_trinketeyestalk_bundle"><![CDATA[Ramo de Pedúnculos de Ojos]]></entry>
	<entry id="str_inventory_title_trinketotherworldly_ingredients"><![CDATA[Ingredientes del otro Mundo]]></entry>
	<entry id="str_inventory_title_trinketforbidden_hymns"><![CDATA[Hímnos Prohibidos]]></entry>
	<entry id="str_inventory_title_trinketsanguine_root"><![CDATA[ Raíz Sanguínarea]]></entry>
	<entry id="buff_stat_tooltip_stress_heal_received_percent_hero_crit"><![CDATA[%+d%% Stress Healed on Crit]]></entry>
    <entry id="buff_stat_tooltip_guard_duration_received_percent"><![CDATA[%+d%% {colour_start|guard}Guard{colour_end} Duration Received]]></entry>
    <entry id="buff_stat_tooltip_hp_dot_poison_amount_percent"><![CDATA[%+d%% {colour_start|blight}Blight{colour_end} Amount]]></entry>
	 <entry id="buff_stat_tooltip_hp_dot_bleed_amount_percent"><![CDATA[%+d%% {colour_start|bleed}Bleed{colour_end} Amount]]></entry>
    <entry id="buff_stat_tooltip_hp_dot_bleed_amount_received_percent"><![CDATA[%+d%% Received {colour_start|bleed}Bleed{colour_end} Amount]]></entry>
	<entry id="buff_stat_tooltip_upgrade_discount_EYBUNDLE_TOOLTIP"><![CDATA[ On hit: Target: 
-10%% {colour_start|blight}Blight{colour_end} Resist 
-10%% {colour_start|stun}Stun{colour_end} Resist 
+5%% {colour_start|guard}Prot{colour_end}]]></entry>
<entry id="buff_stat_tooltip_upgrade_discount_CARN_TOOLTIP"><![CDATA[On Kill: Spawn a Succulent Flesh In Rank 1
	On death the flesh will:
		{colour_start|healhp}Heal{colour_end} 8 HP]]></entry>
	<entry id="buff_stat_tooltip_torchlight_burn_percent"><![CDATA[%+d%% Torch Burn Percent]]></entry>
	<entry id="buff_rule_tooltip_skill_false"><![CDATA[All Skills except %s: %s]]></entry>
	<entry id="buff_rule_data_tooltip_opened_vein"><![CDATA[Open Vein]]></entry>
	<entry id="str_monstername_succulent_flesh_A"><![CDATA[Succulent Flesh]]></entry>
	
	<entry id="town_quest_name_plot_kill_formless_flesh_Musk"><![CDATA[Defeat the Unstable Flesh]]></entry>
	<entry id="town_quest_name_plot_kill_formless_flesh_Arb"><![CDATA[Defeat the Unstable Flesh]]></entry>
	<entry id="str_embarked_on_plot_kill_formless_flesh_Musk"><![CDATA[{?hero_names}%s embarked to put the Flesh out of its unnatural life. ({?difficulty}%s {?length}%s)]]></entry>
	<entry id="str_embarked_on_plot_kill_formless_flesh_Arb"><![CDATA[{?hero_names}%s embarked to put the Flesh out of its unnatural life. ({?difficulty}%s {?length}%s)]]></entry>
	<entry id="str_returned_from_plot_kill_formless_flesh_Arb_failure"><![CDATA[{?hero_names}%s were unable to stop the Unstable Flesh. ({?difficulty}%s {?length}%s)]]></entry>
    <entry id="str_returned_from_plot_kill_formless_flesh_Arb_success"><![CDATA[{?hero_names}%s stilled the heartbeat of the Unstable Flesh! ({?difficulty}%s {?length}%s)]]></entry>
	<entry id="str_returned_from_plot_kill_formless_flesh_Musk_failure"><![CDATA[{?hero_names}%s were unable to stop the Unstable Flesh. ({?difficulty}%s {?length}%s)]]></entry>
    <entry id="str_returned_from_plot_kill_formless_flesh_Musk_success"><![CDATA[{?hero_names}%s stilled the heartbeat of the Unstable Flesh! ({?difficulty}%s {?length}%s)]]></entry>
	<entry id="town_quest_progress_plot_kill_formless_flesh_Arb"><![CDATA[Slay the boss!]]></entry>
    <entry id="town_quest_progress_plot_kill_formless_flesh_Musk"><![CDATA[Slay the boss!]]></entry>
	<entry id="town_quest_description_plot_kill_formless_flesh_Arb"><![CDATA[Some things were never meant to live. Cleanse the sin of the Ancestor's experimentations and put this abomination into the abyss where it belongs.]]></entry>
	<entry id="town_quest_description_plot_kill_formless_flesh_Musk"><![CDATA[Some things were never meant to live. Cleanse the sin of the Ancestor's experimentations and put this abomination into the abyss where it belongs.]]></entry>
    <entry id="str_plot_kill_formless_flesh_Arb_audio_line"><![CDATA[The Sewer's Solution]]></entry>
    <entry id="str_plot_kill_formless_flesh_Arb_tip"><![CDATA[Ancestor's Memoirs - The Flesh (2 / 3)]]></entry>
	<entry id="str_plot_kill_formless_flesh_Musk_audio_line"><![CDATA[The Sewer's Solution]]></entry>
    <entry id="str_plot_kill_formless_flesh_Musk_tip"><![CDATA[Ancestor's Memoirs - The Flesh (2 / 3)]]></entry>
	<entry id="trinket_attack_skill_additional_effects_hit_miss"><![CDATA[On Attack:]]></entry>
    <entry id="trinket_attack_skill_additional_effects_hit"><![CDATA[On Attack Hit:]]></entry>
    <entry id="trinket_attack_skill_additional_effects_miss"><![CDATA[On Attack Miss:]]></entry>
    <entry id="trinket_friendly_skill_additional_effects"><![CDATA[Friendly Skill:]]></entry>

  </language>
  <language id="brazilian">
	<entry id="str_inventory_title_trinketeviscerating_dagger"><![CDATA[Eviscerating Dagger]]></entry>
	<entry id="str_inventory_title_trinketcarnivorous_bolts"><![CDATA[Carnivorous Bolts]]></entry>
	<entry id="str_inventory_title_trinketcarnivorous_musketball"><![CDATA[Carnivorous Musket Ball]]></entry>
	<entry id="str_inventory_title_trinketimmaculate_mask"><![CDATA[Marrowforge Mask]]></entry>
	<entry id="str_inventory_title_trinketbroken_anchor"><![CDATA[Broken Anchor]]></entry>
	<entry id="str_inventory_title_trinketsinging_blade"><![CDATA[Singing Blade]]></entry>
	<entry id="str_inventory_title_trinketdeceitful_mask"><![CDATA[Deceitful Mask]]></entry>
	<entry id="str_inventory_title_trinketdemonic_fragrance"><![CDATA[Demonic Fragrance ]]></entry>
	<entry id="str_inventory_set_title_incalc_deset"><![CDATA[ Protect me at any cost...  ]]></entry>
	<entry id="str_inventory_title_trinketeyestalk_bundle"><![CDATA[ Bundle of Eyestalks]]></entry>
	<entry id="str_inventory_title_trinketotherworldly_ingredients"><![CDATA[ Otherworldly Ingredients]]></entry>
	<entry id="str_inventory_title_trinketforbidden_hymns"><![CDATA[Forbidden Hymns]]></entry>
	<entry id="str_inventory_title_trinketsanguine_root"><![CDATA[Sanguine Root ]]></entry>
	<entry id="buff_stat_tooltip_stress_heal_received_percent_hero_crit"><![CDATA[%+d%% Stress Healed on Crit]]></entry>
    <entry id="buff_stat_tooltip_guard_duration_received_percent"><![CDATA[%+d%% {colour_start|guard}Guard{colour_end} Duration Received]]></entry>
    <entry id="buff_stat_tooltip_hp_dot_poison_amount_percent"><![CDATA[%+d%% {colour_start|blight}Blight{colour_end} Amount]]></entry>
	 <entry id="buff_stat_tooltip_hp_dot_bleed_amount_percent"><![CDATA[%+d%% {colour_start|bleed}Bleed{colour_end} Amount]]></entry>
    <entry id="buff_stat_tooltip_hp_dot_bleed_amount_received_percent"><![CDATA[%+d%% Received {colour_start|bleed}Bleed{colour_end} Amount]]></entry>
	<entry id="buff_stat_tooltip_upgrade_discount_EYBUNDLE_TOOLTIP"><![CDATA[ On hit: Target: 
-10%% {colour_start|blight}Blight{colour_end} Resist 
-10%% {colour_start|stun}Stun{colour_end} Resist 
+5%% {colour_start|guard}Prot{colour_end}]]></entry>
<entry id="buff_stat_tooltip_upgrade_discount_CARN_TOOLTIP"><![CDATA[On Kill: Spawn a Succulent Flesh In Rank 1
	On death the flesh will:
		{colour_start|healhp}Heal{colour_end} 8 HP]]></entry>
	<entry id="buff_stat_tooltip_torchlight_burn_percent"><![CDATA[%+d%% Torch Burn Percent]]></entry>
	<entry id="buff_rule_tooltip_skill_false"><![CDATA[All Skills except %s: %s]]></entry>
	<entry id="buff_rule_data_tooltip_opened_vein"><![CDATA[Open Vein]]></entry>
	<entry id="str_monstername_succulent_flesh_A"><![CDATA[Succulent Flesh]]></entry>
	
	<entry id="town_quest_name_plot_kill_formless_flesh_Musk"><![CDATA[Defeat the Unstable Flesh]]></entry>
	<entry id="town_quest_name_plot_kill_formless_flesh_Arb"><![CDATA[Defeat the Unstable Flesh]]></entry>
	<entry id="str_embarked_on_plot_kill_formless_flesh_Musk"><![CDATA[{?hero_names}%s embarked to put the Flesh out of its unnatural life. ({?difficulty}%s {?length}%s)]]></entry>
	<entry id="str_embarked_on_plot_kill_formless_flesh_Arb"><![CDATA[{?hero_names}%s embarked to put the Flesh out of its unnatural life. ({?difficulty}%s {?length}%s)]]></entry>
	<entry id="str_returned_from_plot_kill_formless_flesh_Arb_failure"><![CDATA[{?hero_names}%s were unable to stop the Unstable Flesh. ({?difficulty}%s {?length}%s)]]></entry>
    <entry id="str_returned_from_plot_kill_formless_flesh_Arb_success"><![CDATA[{?hero_names}%s stilled the heartbeat of the Unstable Flesh! ({?difficulty}%s {?length}%s)]]></entry>
	<entry id="str_returned_from_plot_kill_formless_flesh_Musk_failure"><![CDATA[{?hero_names}%s were unable to stop the Unstable Flesh. ({?difficulty}%s {?length}%s)]]></entry>
    <entry id="str_returned_from_plot_kill_formless_flesh_Musk_success"><![CDATA[{?hero_names}%s stilled the heartbeat of the Unstable Flesh! ({?difficulty}%s {?length}%s)]]></entry>
	<entry id="town_quest_progress_plot_kill_formless_flesh_Arb"><![CDATA[Slay the boss!]]></entry>
    <entry id="town_quest_progress_plot_kill_formless_flesh_Musk"><![CDATA[Slay the boss!]]></entry>
	<entry id="town_quest_description_plot_kill_formless_flesh_Arb"><![CDATA[Some things were never meant to live. Cleanse the sin of the Ancestor's experimentations and put this abomination into the abyss where it belongs.]]></entry>
	<entry id="town_quest_description_plot_kill_formless_flesh_Musk"><![CDATA[Some things were never meant to live. Cleanse the sin of the Ancestor's experimentations and put this abomination into the abyss where it belongs.]]></entry>
    <entry id="str_plot_kill_formless_flesh_Arb_audio_line"><![CDATA[The Sewer's Solution]]></entry>
    <entry id="str_plot_kill_formless_flesh_Arb_tip"><![CDATA[Ancestor's Memoirs - The Flesh (2 / 3)]]></entry>
	<entry id="str_plot_kill_formless_flesh_Musk_audio_line"><![CDATA[The Sewer's Solution]]></entry>
    <entry id="str_plot_kill_formless_flesh_Musk_tip"><![CDATA[Ancestor's Memoirs - The Flesh (2 / 3)]]></entry>
	<entry id="trinket_attack_skill_additional_effects_hit_miss"><![CDATA[On Attack:]]></entry>
    <entry id="trinket_attack_skill_additional_effects_hit"><![CDATA[On Attack Hit:]]></entry>
    <entry id="trinket_attack_skill_additional_effects_miss"><![CDATA[On Attack Miss:]]></entry>
    <entry id="trinket_friendly_skill_additional_effects"><![CDATA[Friendly Skill:]]></entry>

  </language>
  <language id="russian">
	<entry id="str_inventory_title_trinketeviscerating_dagger"><![CDATA[Eviscerating Dagger]]></entry>
	<entry id="str_inventory_title_trinketcarnivorous_bolts"><![CDATA[Carnivorous Bolts]]></entry>
	<entry id="str_inventory_title_trinketcarnivorous_musketball"><![CDATA[Carnivorous Musket Ball]]></entry>
	<entry id="str_inventory_title_trinketimmaculate_mask"><![CDATA[Marrowforge Mask]]></entry>
	<entry id="str_inventory_title_trinketbroken_anchor"><![CDATA[Broken Anchor]]></entry>
	<entry id="str_inventory_title_trinketsinging_blade"><![CDATA[Singing Blade]]></entry>
	<entry id="str_inventory_title_trinketdeceitful_mask"><![CDATA[Deceitful Mask]]></entry>
	<entry id="str_inventory_title_trinketdemonic_fragrance"><![CDATA[Demonic Fragrance ]]></entry>
	<entry id="str_inventory_set_title_incalc_deset"><![CDATA[ Protect me at any cost...  ]]></entry>
	<entry id="str_inventory_title_trinketeyestalk_bundle"><![CDATA[ Bundle of Eyestalks]]></entry>
	<entry id="str_inventory_title_trinketotherworldly_ingredients"><![CDATA[ Otherworldly Ingredients]]></entry>
	<entry id="str_inventory_title_trinketforbidden_hymns"><![CDATA[Forbidden Hymns]]></entry>
	<entry id="str_inventory_title_trinketsanguine_root"><![CDATA[Sanguine Root ]]></entry>
	<entry id="buff_stat_tooltip_stress_heal_received_percent_hero_crit"><![CDATA[%+d%% Stress Healed on Crit]]></entry>
    <entry id="buff_stat_tooltip_guard_duration_received_percent"><![CDATA[%+d%% {colour_start|guard}Guard{colour_end} Duration Received]]></entry>
    <entry id="buff_stat_tooltip_hp_dot_poison_amount_percent"><![CDATA[%+d%% {colour_start|blight}Blight{colour_end} Amount]]></entry>
	 <entry id="buff_stat_tooltip_hp_dot_bleed_amount_percent"><![CDATA[%+d%% {colour_start|bleed}Bleed{colour_end} Amount]]></entry>
    <entry id="buff_stat_tooltip_hp_dot_bleed_amount_received_percent"><![CDATA[%+d%% Received {colour_start|bleed}Bleed{colour_end} Amount]]></entry>
	<entry id="buff_stat_tooltip_upgrade_discount_EYBUNDLE_TOOLTIP"><![CDATA[ On hit: Target: 
-10%% {colour_start|blight}Blight{colour_end} Resist 
-10%% {colour_start|stun}Stun{colour_end} Resist 
+5%% {colour_start|guard}Prot{colour_end}]]></entry>
<entry id="buff_stat_tooltip_upgrade_discount_CARN_TOOLTIP"><![CDATA[On Kill: Spawn a Succulent Flesh In Rank 1
	On death the flesh will:
		{colour_start|healhp}Heal{colour_end} 8 HP]]></entry>
	<entry id="buff_stat_tooltip_torchlight_burn_percent"><![CDATA[%+d%% Torch Burn Percent]]></entry>
	<entry id="buff_rule_tooltip_skill_false"><![CDATA[All Skills except %s: %s]]></entry>
	<entry id="buff_rule_data_tooltip_opened_vein"><![CDATA[Open Vein]]></entry>
	<entry id="str_monstername_succulent_flesh_A"><![CDATA[Succulent Flesh]]></entry>
	
	<entry id="town_quest_name_plot_kill_formless_flesh_Musk"><![CDATA[Defeat the Unstable Flesh]]></entry>
	<entry id="town_quest_name_plot_kill_formless_flesh_Arb"><![CDATA[Defeat the Unstable Flesh]]></entry>
	<entry id="str_embarked_on_plot_kill_formless_flesh_Musk"><![CDATA[{?hero_names}%s embarked to put the Flesh out of its unnatural life. ({?difficulty}%s {?length}%s)]]></entry>
	<entry id="str_embarked_on_plot_kill_formless_flesh_Arb"><![CDATA[{?hero_names}%s embarked to put the Flesh out of its unnatural life. ({?difficulty}%s {?length}%s)]]></entry>
	<entry id="str_returned_from_plot_kill_formless_flesh_Arb_failure"><![CDATA[{?hero_names}%s were unable to stop the Unstable Flesh. ({?difficulty}%s {?length}%s)]]></entry>
    <entry id="str_returned_from_plot_kill_formless_flesh_Arb_success"><![CDATA[{?hero_names}%s stilled the heartbeat of the Unstable Flesh! ({?difficulty}%s {?length}%s)]]></entry>
	<entry id="str_returned_from_plot_kill_formless_flesh_Musk_failure"><![CDATA[{?hero_names}%s were unable to stop the Unstable Flesh. ({?difficulty}%s {?length}%s)]]></entry>
    <entry id="str_returned_from_plot_kill_formless_flesh_Musk_success"><![CDATA[{?hero_names}%s stilled the heartbeat of the Unstable Flesh! ({?difficulty}%s {?length}%s)]]></entry>
	<entry id="town_quest_progress_plot_kill_formless_flesh_Arb"><![CDATA[Slay the boss!]]></entry>
    <entry id="town_quest_progress_plot_kill_formless_flesh_Musk"><![CDATA[Slay the boss!]]></entry>
	<entry id="town_quest_description_plot_kill_formless_flesh_Arb"><![CDATA[Some things were never meant to live. Cleanse the sin of the Ancestor's experimentations and put this abomination into the abyss where it belongs.]]></entry>
	<entry id="town_quest_description_plot_kill_formless_flesh_Musk"><![CDATA[Some things were never meant to live. Cleanse the sin of the Ancestor's experimentations and put this abomination into the abyss where it belongs.]]></entry>
    <entry id="str_plot_kill_formless_flesh_Arb_audio_line"><![CDATA[The Sewer's Solution]]></entry>
    <entry id="str_plot_kill_formless_flesh_Arb_tip"><![CDATA[Ancestor's Memoirs - The Flesh (2 / 3)]]></entry>
	<entry id="str_plot_kill_formless_flesh_Musk_audio_line"><![CDATA[The Sewer's Solution]]></entry>
    <entry id="str_plot_kill_formless_flesh_Musk_tip"><![CDATA[Ancestor's Memoirs - The Flesh (2 / 3)]]></entry>
	<entry id="trinket_attack_skill_additional_effects_hit_miss"><![CDATA[On Attack:]]></entry>
    <entry id="trinket_attack_skill_additional_effects_hit"><![CDATA[On Attack Hit:]]></entry>
    <entry id="trinket_attack_skill_additional_effects_miss"><![CDATA[On Attack Miss:]]></entry>
    <entry id="trinket_friendly_skill_additional_effects"><![CDATA[Friendly Skill:]]></entry>

  </language>
  <language id="polish">
	<entry id="str_inventory_title_trinketeviscerating_dagger"><![CDATA[Eviscerating Dagger]]></entry>
	<entry id="str_inventory_title_trinketcarnivorous_bolts"><![CDATA[Carnivorous Bolts]]></entry>
	<entry id="str_inventory_title_trinketcarnivorous_musketball"><![CDATA[Carnivorous Musket Ball]]></entry>
	<entry id="str_inventory_title_trinketimmaculate_mask"><![CDATA[Marrowforge Mask]]></entry>
	<entry id="str_inventory_title_trinketbroken_anchor"><![CDATA[Broken Anchor]]></entry>
	<entry id="str_inventory_title_trinketsinging_blade"><![CDATA[Singing Blade]]></entry>
	<entry id="str_inventory_title_trinketdeceitful_mask"><![CDATA[Deceitful Mask]]></entry>
	<entry id="str_inventory_title_trinketdemonic_fragrance"><![CDATA[Demonic Fragrance ]]></entry>
	<entry id="str_inventory_set_title_incalc_deset"><![CDATA[ Protect me at any cost...  ]]></entry>
	<entry id="str_inventory_title_trinketeyestalk_bundle"><![CDATA[ Bundle of Eyestalks]]></entry>
	<entry id="str_inventory_title_trinketotherworldly_ingredients"><![CDATA[ Otherworldly Ingredients]]></entry>
	<entry id="str_inventory_title_trinketforbidden_hymns"><![CDATA[Forbidden Hymns]]></entry>
	<entry id="str_inventory_title_trinketsanguine_root"><![CDATA[Sanguine Root ]]></entry>
	<entry id="buff_stat_tooltip_stress_heal_received_percent_hero_crit"><![CDATA[%+d%% Stress Healed on Crit]]></entry>
    <entry id="buff_stat_tooltip_guard_duration_received_percent"><![CDATA[%+d%% {colour_start|guard}Guard{colour_end} Duration Received]]></entry>
    <entry id="buff_stat_tooltip_hp_dot_poison_amount_percent"><![CDATA[%+d%% {colour_start|blight}Blight{colour_end} Amount]]></entry>
	 <entry id="buff_stat_tooltip_hp_dot_bleed_amount_percent"><![CDATA[%+d%% {colour_start|bleed}Bleed{colour_end} Amount]]></entry>
    <entry id="buff_stat_tooltip_hp_dot_bleed_amount_received_percent"><![CDATA[%+d%% Received {colour_start|bleed}Bleed{colour_end} Amount]]></entry>
	<entry id="buff_stat_tooltip_upgrade_discount_EYBUNDLE_TOOLTIP"><![CDATA[ On hit: Target: 
-10%% {colour_start|blight}Blight{colour_end} Resist 
-10%% {colour_start|stun}Stun{colour_end} Resist 
+5%% {colour_start|guard}Prot{colour_end}]]></entry>
<entry id="buff_stat_tooltip_upgrade_discount_CARN_TOOLTIP"><![CDATA[On Kill: Spawn a Succulent Flesh In Rank 1
	On death the flesh will:
		{colour_start|healhp}Heal{colour_end} 8 HP]]></entry>
	<entry id="buff_stat_tooltip_torchlight_burn_percent"><![CDATA[%+d%% Torch Burn Percent]]></entry>
	<entry id="buff_rule_tooltip_skill_false"><![CDATA[All Skills except %s: %s]]></entry>
	<entry id="buff_rule_data_tooltip_opened_vein"><![CDATA[Open Vein]]></entry>
	<entry id="str_monstername_succulent_flesh_A"><![CDATA[Succulent Flesh]]></entry>
	
	<entry id="town_quest_name_plot_kill_formless_flesh_Musk"><![CDATA[Defeat the Unstable Flesh]]></entry>
	<entry id="town_quest_name_plot_kill_formless_flesh_Arb"><![CDATA[Defeat the Unstable Flesh]]></entry>
	<entry id="str_embarked_on_plot_kill_formless_flesh_Musk"><![CDATA[{?hero_names}%s embarked to put the Flesh out of its unnatural life. ({?difficulty}%s {?length}%s)]]></entry>
	<entry id="str_embarked_on_plot_kill_formless_flesh_Arb"><![CDATA[{?hero_names}%s embarked to put the Flesh out of its unnatural life. ({?difficulty}%s {?length}%s)]]></entry>
	<entry id="str_returned_from_plot_kill_formless_flesh_Arb_failure"><![CDATA[{?hero_names}%s were unable to stop the Unstable Flesh. ({?difficulty}%s {?length}%s)]]></entry>
    <entry id="str_returned_from_plot_kill_formless_flesh_Arb_success"><![CDATA[{?hero_names}%s stilled the heartbeat of the Unstable Flesh! ({?difficulty}%s {?length}%s)]]></entry>
	<entry id="str_returned_from_plot_kill_formless_flesh_Musk_failure"><![CDATA[{?hero_names}%s were unable to stop the Unstable Flesh. ({?difficulty}%s {?length}%s)]]></entry>
    <entry id="str_returned_from_plot_kill_formless_flesh_Musk_success"><![CDATA[{?hero_names}%s stilled the heartbeat of the Unstable Flesh! ({?difficulty}%s {?length}%s)]]></entry>
	<entry id="town_quest_progress_plot_kill_formless_flesh_Arb"><![CDATA[Slay the boss!]]></entry>
    <entry id="town_quest_progress_plot_kill_formless_flesh_Musk"><![CDATA[Slay the boss!]]></entry>
	<entry id="town_quest_description_plot_kill_formless_flesh_Arb"><![CDATA[Some things were never meant to live. Cleanse the sin of the Ancestor's experimentations and put this abomination into the abyss where it belongs.]]></entry>
	<entry id="town_quest_description_plot_kill_formless_flesh_Musk"><![CDATA[Some things were never meant to live. Cleanse the sin of the Ancestor's experimentations and put this abomination into the abyss where it belongs.]]></entry>
    <entry id="str_plot_kill_formless_flesh_Arb_audio_line"><![CDATA[The Sewer's Solution]]></entry>
    <entry id="str_plot_kill_formless_flesh_Arb_tip"><![CDATA[Ancestor's Memoirs - The Flesh (2 / 3)]]></entry>
	<entry id="str_plot_kill_formless_flesh_Musk_audio_line"><![CDATA[The Sewer's Solution]]></entry>
    <entry id="str_plot_kill_formless_flesh_Musk_tip"><![CDATA[Ancestor's Memoirs - The Flesh (2 / 3)]]></entry>
	<entry id="trinket_attack_skill_additional_effects_hit_miss"><![CDATA[On Attack:]]></entry>
    <entry id="trinket_attack_skill_additional_effects_hit"><![CDATA[On Attack Hit:]]></entry>
    <entry id="trinket_attack_skill_additional_effects_miss"><![CDATA[On Attack Miss:]]></entry>
    <entry id="trinket_friendly_skill_additional_effects"><![CDATA[Friendly Skill:]]></entry>

  </language>
  <language id="czech">
	<entry id="str_inventory_title_trinketeviscerating_dagger"><![CDATA[Eviscerating Dagger]]></entry>
	<entry id="str_inventory_title_trinketcarnivorous_bolts"><![CDATA[Carnivorous Bolts]]></entry>
	<entry id="str_inventory_title_trinketcarnivorous_musketball"><![CDATA[Carnivorous Musket Ball]]></entry>
	<entry id="str_inventory_title_trinketimmaculate_mask"><![CDATA[Marrowforge Mask]]></entry>
	<entry id="str_inventory_title_trinketbroken_anchor"><![CDATA[Broken Anchor]]></entry>
	<entry id="str_inventory_title_trinketsinging_blade"><![CDATA[Singing Blade]]></entry>
	<entry id="str_inventory_title_trinketdeceitful_mask"><![CDATA[Deceitful Mask]]></entry>
	<entry id="str_inventory_title_trinketdemonic_fragrance"><![CDATA[Demonic Fragrance ]]></entry>
	<entry id="str_inventory_set_title_incalc_deset"><![CDATA[ Protect me at any cost...  ]]></entry>
	<entry id="str_inventory_title_trinketeyestalk_bundle"><![CDATA[ Bundle of Eyestalks]]></entry>
	<entry id="str_inventory_title_trinketotherworldly_ingredients"><![CDATA[ Otherworldly Ingredients]]></entry>
	<entry id="str_inventory_title_trinketforbidden_hymns"><![CDATA[Forbidden Hymns]]></entry>
	<entry id="str_inventory_title_trinketsanguine_root"><![CDATA[Sanguine Root ]]></entry>
	<entry id="buff_stat_tooltip_stress_heal_received_percent_hero_crit"><![CDATA[%+d%% Stress Healed on Crit]]></entry>
    <entry id="buff_stat_tooltip_guard_duration_received_percent"><![CDATA[%+d%% {colour_start|guard}Guard{colour_end} Duration Received]]></entry>
    <entry id="buff_stat_tooltip_hp_dot_poison_amount_percent"><![CDATA[%+d%% {colour_start|blight}Blight{colour_end} Amount]]></entry>
	 <entry id="buff_stat_tooltip_hp_dot_bleed_amount_percent"><![CDATA[%+d%% {colour_start|bleed}Bleed{colour_end} Amount]]></entry>
    <entry id="buff_stat_tooltip_hp_dot_bleed_amount_received_percent"><![CDATA[%+d%% Received {colour_start|bleed}Bleed{colour_end} Amount]]></entry>
	<entry id="buff_stat_tooltip_upgrade_discount_EYBUNDLE_TOOLTIP"><![CDATA[ On hit: Target: 
-10%% {colour_start|blight}Blight{colour_end} Resist 
-10%% {colour_start|stun}Stun{colour_end} Resist 
+5%% {colour_start|guard}Prot{colour_end}]]></entry>
<entry id="buff_stat_tooltip_upgrade_discount_CARN_TOOLTIP"><![CDATA[On Kill: Spawn a Succulent Flesh In Rank 1
	On death the flesh will:
		{colour_start|healhp}Heal{colour_end} 8 HP]]></entry>
	<entry id="buff_stat_tooltip_torchlight_burn_percent"><![CDATA[%+d%% Torch Burn Percent]]></entry>
	<entry id="buff_rule_tooltip_skill_false"><![CDATA[All Skills except %s: %s]]></entry>
	<entry id="buff_rule_data_tooltip_opened_vein"><![CDATA[Open Vein]]></entry>
	<entry id="str_monstername_succulent_flesh_A"><![CDATA[Succulent Flesh]]></entry>
	
	<entry id="town_quest_name_plot_kill_formless_flesh_Musk"><![CDATA[Defeat the Unstable Flesh]]></entry>
	<entry id="town_quest_name_plot_kill_formless_flesh_Arb"><![CDATA[Defeat the Unstable Flesh]]></entry>
	<entry id="str_embarked_on_plot_kill_formless_flesh_Musk"><![CDATA[{?hero_names}%s embarked to put the Flesh out of its unnatural life. ({?difficulty}%s {?length}%s)]]></entry>
	<entry id="str_embarked_on_plot_kill_formless_flesh_Arb"><![CDATA[{?hero_names}%s embarked to put the Flesh out of its unnatural life. ({?difficulty}%s {?length}%s)]]></entry>
	<entry id="str_returned_from_plot_kill_formless_flesh_Arb_failure"><![CDATA[{?hero_names}%s were unable to stop the Unstable Flesh. ({?difficulty}%s {?length}%s)]]></entry>
    <entry id="str_returned_from_plot_kill_formless_flesh_Arb_success"><![CDATA[{?hero_names}%s stilled the heartbeat of the Unstable Flesh! ({?difficulty}%s {?length}%s)]]></entry>
	<entry id="str_returned_from_plot_kill_formless_flesh_Musk_failure"><![CDATA[{?hero_names}%s were unable to stop the Unstable Flesh. ({?difficulty}%s {?length}%s)]]></entry>
    <entry id="str_returned_from_plot_kill_formless_flesh_Musk_success"><![CDATA[{?hero_names}%s stilled the heartbeat of the Unstable Flesh! ({?difficulty}%s {?length}%s)]]></entry>
	<entry id="town_quest_progress_plot_kill_formless_flesh_Arb"><![CDATA[Slay the boss!]]></entry>
    <entry id="town_quest_progress_plot_kill_formless_flesh_Musk"><![CDATA[Slay the boss!]]></entry>
	<entry id="town_quest_description_plot_kill_formless_flesh_Arb"><![CDATA[Some things were never meant to live. Cleanse the sin of the Ancestor's experimentations and put this abomination into the abyss where it belongs.]]></entry>
	<entry id="town_quest_description_plot_kill_formless_flesh_Musk"><![CDATA[Some things were never meant to live. Cleanse the sin of the Ancestor's experimentations and put this abomination into the abyss where it belongs.]]></entry>
    <entry id="str_plot_kill_formless_flesh_Arb_audio_line"><![CDATA[The Sewer's Solution]]></entry>
    <entry id="str_plot_kill_formless_flesh_Arb_tip"><![CDATA[Ancestor's Memoirs - The Flesh (2 / 3)]]></entry>
	<entry id="str_plot_kill_formless_flesh_Musk_audio_line"><![CDATA[The Sewer's Solution]]></entry>
    <entry id="str_plot_kill_formless_flesh_Musk_tip"><![CDATA[Ancestor's Memoirs - The Flesh (2 / 3)]]></entry>
	<entry id="trinket_attack_skill_additional_effects_hit_miss"><![CDATA[On Attack:]]></entry>
    <entry id="trinket_attack_skill_additional_effects_hit"><![CDATA[On Attack Hit:]]></entry>
    <entry id="trinket_attack_skill_additional_effects_miss"><![CDATA[On Attack Miss:]]></entry>
    <entry id="trinket_friendly_skill_additional_effects"><![CDATA[Friendly Skill:]]></entry>
	
  </language>
  <language id="italian">
	<entry id="str_inventory_title_trinketeviscerating_dagger"><![CDATA[Eviscerating Dagger]]></entry>
	<entry id="str_inventory_title_trinketcarnivorous_bolts"><![CDATA[Carnivorous Bolts]]></entry>
	<entry id="str_inventory_title_trinketcarnivorous_musketball"><![CDATA[Carnivorous Musket Ball]]></entry>
	<entry id="str_inventory_title_trinketimmaculate_mask"><![CDATA[Marrowforge Mask]]></entry>
	<entry id="str_inventory_title_trinketbroken_anchor"><![CDATA[Broken Anchor]]></entry>
	<entry id="str_inventory_title_trinketsinging_blade"><![CDATA[Singing Blade]]></entry>
	<entry id="str_inventory_title_trinketdeceitful_mask"><![CDATA[Deceitful Mask]]></entry>
	<entry id="str_inventory_title_trinketdemonic_fragrance"><![CDATA[Demonic Fragrance ]]></entry>
	<entry id="str_inventory_set_title_incalc_deset"><![CDATA[ Protect me at any cost...  ]]></entry>
	<entry id="str_inventory_title_trinketeyestalk_bundle"><![CDATA[ Bundle of Eyestalks]]></entry>
	<entry id="str_inventory_title_trinketotherworldly_ingredients"><![CDATA[ Otherworldly Ingredients]]></entry>
	<entry id="str_inventory_title_trinketforbidden_hymns"><![CDATA[Forbidden Hymns]]></entry>
	<entry id="str_inventory_title_trinketsanguine_root"><![CDATA[Sanguine Root ]]></entry>
	<entry id="buff_stat_tooltip_stress_heal_received_percent_hero_crit"><![CDATA[%+d%% Stress Healed on Crit]]></entry>
    <entry id="buff_stat_tooltip_guard_duration_received_percent"><![CDATA[%+d%% {colour_start|guard}Guard{colour_end} Duration Received]]></entry>
    <entry id="buff_stat_tooltip_hp_dot_poison_amount_percent"><![CDATA[%+d%% {colour_start|blight}Blight{colour_end} Amount]]></entry>
	 <entry id="buff_stat_tooltip_hp_dot_bleed_amount_percent"><![CDATA[%+d%% {colour_start|bleed}Bleed{colour_end} Amount]]></entry>
    <entry id="buff_stat_tooltip_hp_dot_bleed_amount_received_percent"><![CDATA[%+d%% Received {colour_start|bleed}Bleed{colour_end} Amount]]></entry>
	<entry id="buff_stat_tooltip_upgrade_discount_EYBUNDLE_TOOLTIP"><![CDATA[ On hit: Target: 
-10%% {colour_start|blight}Blight{colour_end} Resist 
-10%% {colour_start|stun}Stun{colour_end} Resist 
+5%% {colour_start|guard}Prot{colour_end}]]></entry>
<entry id="buff_stat_tooltip_upgrade_discount_CARN_TOOLTIP"><![CDATA[On Kill: Spawn a Succulent Flesh In Rank 1
	On death the flesh will:
		{colour_start|healhp}Heal{colour_end} 8 HP]]></entry>
	<entry id="buff_stat_tooltip_torchlight_burn_percent"><![CDATA[%+d%% Torch Burn Percent]]></entry>
	<entry id="buff_rule_tooltip_skill_false"><![CDATA[All Skills except %s: %s]]></entry>
	<entry id="buff_rule_data_tooltip_opened_vein"><![CDATA[Open Vein]]></entry>
	<entry id="str_monstername_succulent_flesh_A"><![CDATA[Succulent Flesh]]></entry>
	
	<entry id="town_quest_name_plot_kill_formless_flesh_Musk"><![CDATA[Defeat the Unstable Flesh]]></entry>
	<entry id="town_quest_name_plot_kill_formless_flesh_Arb"><![CDATA[Defeat the Unstable Flesh]]></entry>
	<entry id="str_embarked_on_plot_kill_formless_flesh_Musk"><![CDATA[{?hero_names}%s embarked to put the Flesh out of its unnatural life. ({?difficulty}%s {?length}%s)]]></entry>
	<entry id="str_embarked_on_plot_kill_formless_flesh_Arb"><![CDATA[{?hero_names}%s embarked to put the Flesh out of its unnatural life. ({?difficulty}%s {?length}%s)]]></entry>
	<entry id="str_returned_from_plot_kill_formless_flesh_Arb_failure"><![CDATA[{?hero_names}%s were unable to stop the Unstable Flesh. ({?difficulty}%s {?length}%s)]]></entry>
    <entry id="str_returned_from_plot_kill_formless_flesh_Arb_success"><![CDATA[{?hero_names}%s stilled the heartbeat of the Unstable Flesh! ({?difficulty}%s {?length}%s)]]></entry>
	<entry id="str_returned_from_plot_kill_formless_flesh_Musk_failure"><![CDATA[{?hero_names}%s were unable to stop the Unstable Flesh. ({?difficulty}%s {?length}%s)]]></entry>
    <entry id="str_returned_from_plot_kill_formless_flesh_Musk_success"><![CDATA[{?hero_names}%s stilled the heartbeat of the Unstable Flesh! ({?difficulty}%s {?length}%s)]]></entry>
	<entry id="town_quest_progress_plot_kill_formless_flesh_Arb"><![CDATA[Slay the boss!]]></entry>
    <entry id="town_quest_progress_plot_kill_formless_flesh_Musk"><![CDATA[Slay the boss!]]></entry>
	<entry id="town_quest_description_plot_kill_formless_flesh_Arb"><![CDATA[Some things were never meant to live. Cleanse the sin of the Ancestor's experimentations and put this abomination into the abyss where it belongs.]]></entry>
	<entry id="town_quest_description_plot_kill_formless_flesh_Musk"><![CDATA[Some things were never meant to live. Cleanse the sin of the Ancestor's experimentations and put this abomination into the abyss where it belongs.]]></entry>
    <entry id="str_plot_kill_formless_flesh_Arb_audio_line"><![CDATA[The Sewer's Solution]]></entry>
    <entry id="str_plot_kill_formless_flesh_Arb_tip"><![CDATA[Ancestor's Memoirs - The Flesh (2 / 3)]]></entry>
	<entry id="str_plot_kill_formless_flesh_Musk_audio_line"><![CDATA[The Sewer's Solution]]></entry>
    <entry id="str_plot_kill_formless_flesh_Musk_tip"><![CDATA[Ancestor's Memoirs - The Flesh (2 / 3)]]></entry>
	<entry id="trinket_attack_skill_additional_effects_hit_miss"><![CDATA[On Attack:]]></entry>
    <entry id="trinket_attack_skill_additional_effects_hit"><![CDATA[On Attack Hit:]]></entry>
    <entry id="trinket_attack_skill_additional_effects_miss"><![CDATA[On Attack Miss:]]></entry>
    <entry id="trinket_friendly_skill_additional_effects"><![CDATA[Friendly Skill:]]></entry>

  </language>
  <language id="tchinese">
	<entry id="str_inventory_title_trinketeviscerating_dagger"><![CDATA[Eviscerating Dagger]]></entry>
	<entry id="str_inventory_title_trinketcarnivorous_bolts"><![CDATA[Carnivorous Bolts]]></entry>
	<entry id="str_inventory_title_trinketcarnivorous_musketball"><![CDATA[Carnivorous Musket Ball]]></entry>
	<entry id="str_inventory_title_trinketimmaculate_mask"><![CDATA[Marrowforge Mask]]></entry>
	<entry id="str_inventory_title_trinketbroken_anchor"><![CDATA[Broken Anchor]]></entry>
	<entry id="str_inventory_title_trinketsinging_blade"><![CDATA[Singing Blade]]></entry>
	<entry id="str_inventory_title_trinketdeceitful_mask"><![CDATA[Deceitful Mask]]></entry>
	<entry id="str_inventory_title_trinketdemonic_fragrance"><![CDATA[Demonic Fragrance ]]></entry>
	<entry id="str_inventory_set_title_incalc_deset"><![CDATA[ Protect me at any cost...  ]]></entry>
	<entry id="str_inventory_title_trinketeyestalk_bundle"><![CDATA[ Bundle of Eyestalks]]></entry>
	<entry id="str_inventory_title_trinketotherworldly_ingredients"><![CDATA[ Otherworldly Ingredients]]></entry>
	<entry id="str_inventory_title_trinketforbidden_hymns"><![CDATA[Forbidden Hymns]]></entry>
	<entry id="str_inventory_title_trinketsanguine_root"><![CDATA[Sanguine Root ]]></entry>
	<entry id="buff_stat_tooltip_stress_heal_received_percent_hero_crit"><![CDATA[%+d%% Stress Healed on Crit]]></entry>
    <entry id="buff_stat_tooltip_guard_duration_received_percent"><![CDATA[%+d%% {colour_start|guard}Guard{colour_end} Duration Received]]></entry>
    <entry id="buff_stat_tooltip_hp_dot_poison_amount_percent"><![CDATA[%+d%% {colour_start|blight}Blight{colour_end} Amount]]></entry>
	 <entry id="buff_stat_tooltip_hp_dot_bleed_amount_percent"><![CDATA[%+d%% {colour_start|bleed}Bleed{colour_end} Amount]]></entry>
    <entry id="buff_stat_tooltip_hp_dot_bleed_amount_received_percent"><![CDATA[%+d%% Received {colour_start|bleed}Bleed{colour_end} Amount]]></entry>
	<entry id="buff_stat_tooltip_upgrade_discount_EYBUNDLE_TOOLTIP"><![CDATA[ On hit: Target: 
-10%% {colour_start|blight}Blight{colour_end} Resist 
-10%% {colour_start|stun}Stun{colour_end} Resist 
+5%% {colour_start|guard}Prot{colour_end}]]></entry>
<entry id="buff_stat_tooltip_upgrade_discount_CARN_TOOLTIP"><![CDATA[On Kill: Spawn a Succulent Flesh In Rank 1
	On death the flesh will:
		{colour_start|healhp}Heal{colour_end} 8 HP]]></entry>
	<entry id="buff_stat_tooltip_torchlight_burn_percent"><![CDATA[%+d%% Torch Burn Percent]]></entry>
	<entry id="buff_rule_tooltip_skill_false"><![CDATA[All Skills except %s: %s]]></entry>
	<entry id="buff_rule_data_tooltip_opened_vein"><![CDATA[Open Vein]]></entry>
	<entry id="str_monstername_succulent_flesh_A"><![CDATA[Succulent Flesh]]></entry>
	
	<entry id="town_quest_name_plot_kill_formless_flesh_Musk"><![CDATA[Defeat the Unstable Flesh]]></entry>
	<entry id="town_quest_name_plot_kill_formless_flesh_Arb"><![CDATA[Defeat the Unstable Flesh]]></entry>
	<entry id="str_embarked_on_plot_kill_formless_flesh_Musk"><![CDATA[{?hero_names}%s embarked to put the Flesh out of its unnatural life. ({?difficulty}%s {?length}%s)]]></entry>
	<entry id="str_embarked_on_plot_kill_formless_flesh_Arb"><![CDATA[{?hero_names}%s embarked to put the Flesh out of its unnatural life. ({?difficulty}%s {?length}%s)]]></entry>
	<entry id="str_returned_from_plot_kill_formless_flesh_Arb_failure"><![CDATA[{?hero_names}%s were unable to stop the Unstable Flesh. ({?difficulty}%s {?length}%s)]]></entry>
    <entry id="str_returned_from_plot_kill_formless_flesh_Arb_success"><![CDATA[{?hero_names}%s stilled the heartbeat of the Unstable Flesh! ({?difficulty}%s {?length}%s)]]></entry>
	<entry id="str_returned_from_plot_kill_formless_flesh_Musk_failure"><![CDATA[{?hero_names}%s were unable to stop the Unstable Flesh. ({?difficulty}%s {?length}%s)]]></entry>
    <entry id="str_returned_from_plot_kill_formless_flesh_Musk_success"><![CDATA[{?hero_names}%s stilled the heartbeat of the Unstable Flesh! ({?difficulty}%s {?length}%s)]]></entry>
	<entry id="town_quest_progress_plot_kill_formless_flesh_Arb"><![CDATA[Slay the boss!]]></entry>
    <entry id="town_quest_progress_plot_kill_formless_flesh_Musk"><![CDATA[Slay the boss!]]></entry>
	<entry id="town_quest_description_plot_kill_formless_flesh_Arb"><![CDATA[Some things were never meant to live. Cleanse the sin of the Ancestor's experimentations and put this abomination into the abyss where it belongs.]]></entry>
	<entry id="town_quest_description_plot_kill_formless_flesh_Musk"><![CDATA[Some things were never meant to live. Cleanse the sin of the Ancestor's experimentations and put this abomination into the abyss where it belongs.]]></entry>
    <entry id="str_plot_kill_formless_flesh_Arb_audio_line"><![CDATA[The Sewer's Solution]]></entry>
    <entry id="str_plot_kill_formless_flesh_Arb_tip"><![CDATA[Ancestor's Memoirs - The Flesh (2 / 3)]]></entry>
	<entry id="str_plot_kill_formless_flesh_Musk_audio_line"><![CDATA[The Sewer's Solution]]></entry>
    <entry id="str_plot_kill_formless_flesh_Musk_tip"><![CDATA[Ancestor's Memoirs - The Flesh (2 / 3)]]></entry>
	<entry id="trinket_attack_skill_additional_effects_hit_miss"><![CDATA[On Attack:]]></entry>
    <entry id="trinket_attack_skill_additional_effects_hit"><![CDATA[On Attack Hit:]]></entry>
    <entry id="trinket_attack_skill_additional_effects_miss"><![CDATA[On Attack Miss:]]></entry>
    <entry id="trinket_friendly_skill_additional_effects"><![CDATA[Friendly Skill:]]></entry>
	
  </language>
  <language id="schinese">
	<entry id="str_inventory_title_trinketeviscerating_dagger"><![CDATA[剔骨匕首]]></entry>
	<entry id="str_inventory_title_trinketcarnivorous_bolts"><![CDATA[嗜肉骨栓]]></entry>
	<entry id="str_inventory_title_trinketcarnivorous_musketball"><![CDATA[嗜肉火枪弹丸]]></entry>
	<entry id="str_inventory_title_trinketimmaculate_mask"><![CDATA[髓铸面具]]></entry>
	<entry id="str_inventory_title_trinketbroken_anchor"><![CDATA[破损的锚]]></entry>
	<entry id="str_inventory_title_trinketsinging_blade"><![CDATA[歌咏之刃]]></entry>
	<entry id="str_inventory_title_trinketdeceitful_mask"><![CDATA[虚诈假面]]></entry>
	<entry id="str_inventory_title_trinketdemonic_fragrance"><![CDATA[恶魔香水]]></entry>
	<entry id="str_inventory_set_title_incalc_deset"><![CDATA[不惜代价的保护我……]]></entry>
	<entry id="str_inventory_title_trinketeyestalk_bundle"><![CDATA[一束眼柄]]></entry>
	<entry id="str_inventory_title_trinketotherworldly_ingredients"><![CDATA[异界配料]]></entry>
	<entry id="str_inventory_title_trinketforbidden_hymns"><![CDATA[禁忌赞歌]]></entry>
	<entry id="str_inventory_title_trinketsanguine_root"><![CDATA[血腥之根]]></entry>
	<entry id="buff_stat_tooltip_stress_heal_received_percent_hero_crit"><![CDATA[%+d%%压力治疗 来自暴击]]></entry>
    <entry id="buff_stat_tooltip_guard_duration_received_percent"><![CDATA[%+d%%受到的{colour_start|guard}守护{colour_end}持续回合]]></entry>
    <entry id="buff_stat_tooltip_hp_dot_poison_amount_percent"><![CDATA[%+d%%{colour_start|blight}腐蚀{colour_end}量]]></entry>
	 <entry id="buff_stat_tooltip_hp_dot_bleed_amount_percent"><![CDATA[%+d%%{colour_start|bleed}流血{colour_end}量]]></entry>
    <entry id="buff_stat_tooltip_hp_dot_bleed_amount_received_percent"><![CDATA[%+d%%受到的{colour_start|bleed}流血{colour_end}量]]></entry>
	<entry id="buff_stat_tooltip_upgrade_discount_EYBUNDLE_TOOLTIP"><![CDATA[命中时：目标：
-10%%{colour_start|blight}腐蚀{colour_end}抗性 
-10%%{colour_start|stun}眩晕{colour_end}抗性
+5%%{colour_start|guard}防御{colour_end}]]></entry>
<entry id="buff_stat_tooltip_upgrade_discount_CARN_TOOLTIP"><![CDATA[击杀时：生成一个多汁血肉 于位置1
	死亡时 血肉会：
		{colour_start|healhp}治疗{colour_end}8生命]]></entry>
	<entry id="buff_stat_tooltip_torchlight_burn_percent"><![CDATA[%+d%%火把燃烧速率]]></entry>
	<entry id="buff_rule_tooltip_skill_false"><![CDATA[全部技能 除了%s：%s]]></entry>
	<entry id="buff_rule_data_tooltip_opened_vein"><![CDATA[切开血管]]></entry>
	<entry id="str_monstername_succulent_flesh_A"><![CDATA[多汁血肉]]></entry>
	
	<entry id="town_quest_name_plot_kill_formless_flesh_Musk"><![CDATA[击败不定之血肉]]></entry>
	<entry id="town_quest_name_plot_kill_formless_flesh_Arb"><![CDATA[击败不定之血肉]]></entry>
	<entry id="str_embarked_on_plot_kill_formless_flesh_Musk"><![CDATA[{?hero_names}%s出发以终结那血肉魔物那不合常理的可憎生命。（{?difficulty}%s {?length}%s）]]></entry>
	<entry id="str_embarked_on_plot_kill_formless_flesh_Arb"><![CDATA[{?hero_names}%s出发以终结那血肉魔物那不合常理的可憎生命。（{?difficulty}%s {?length}%s）]]></entry>
	<entry id="str_returned_from_plot_kill_formless_flesh_Arb_failure"><![CDATA[{?hero_names}%s没能阻止不定之血肉。（{?difficulty}%s {?length}%s）]]></entry>
    <entry id="str_returned_from_plot_kill_formless_flesh_Arb_success"><![CDATA[{?hero_names}%s令不定血肉的心脏不再跳动！（{?difficulty}%s {?length}%s）]]></entry>
	<entry id="str_returned_from_plot_kill_formless_flesh_Musk_failure"><![CDATA[{?hero_names}%s没能阻止不定之血肉。（{?difficulty}%s {?length}%s）]]></entry>
    <entry id="str_returned_from_plot_kill_formless_flesh_Musk_success"><![CDATA[{?hero_names}%s令不定血肉的心脏不再跳动！（{?difficulty}%s {?length}%s）]]></entry>
	<entry id="town_quest_progress_plot_kill_formless_flesh_Arb"><![CDATA[击杀首领!]]></entry>
    <entry id="town_quest_progress_plot_kill_formless_flesh_Musk"><![CDATA[击杀首领!]]></entry>
	<entry id="town_quest_description_plot_kill_formless_flesh_Arb"><![CDATA[有些东西永远不应“活过来”。清洗先祖疯狂实验的罪行并将这个可憎之物放逐回到它所属的异界深渊。]]></entry>
	<entry id="town_quest_description_plot_kill_formless_flesh_Musk"><![CDATA[有些东西永远不应“活过来”。清洗先祖疯狂实验的罪行并将这个可憎之物放逐回到它所属的异界深渊。]]></entry>
    <entry id="str_plot_kill_formless_flesh_Arb_audio_line"><![CDATA[弃之古水道]]></entry>
    <entry id="str_plot_kill_formless_flesh_Arb_tip"><![CDATA[祖先的记忆——无形血肉（2/3）]]></entry>
	<entry id="str_plot_kill_formless_flesh_Musk_audio_line"><![CDATA[弃之古水道]]></entry>
    <entry id="str_plot_kill_formless_flesh_Musk_tip"><![CDATA[祖先的记忆——无形血肉（2/3）]]></entry>
	<entry id="trinket_attack_skill_additional_effects_hit_miss"><![CDATA[攻击时：]]></entry>
    <entry id="trinket_attack_skill_additional_effects_hit"><![CDATA[攻击命中：]]></entry>
    <entry id="trinket_attack_skill_additional_effects_miss"><![CDATA[攻击未中：]]></entry>
    <entry id="trinket_friendly_skill_additional_effects"><![CDATA[友军技能：]]></entry>
  </language>
</root>

