 <?xml version="1.0" encoding="UTF-8"?>
<root>
  <language id="schinese">

	<entry id="hero_class_name_cook"><![CDATA[巡回厨师]]></entry>

	<entry id="action_verbose_body_guild_cook"><![CDATA[巡回厨师用她提供的丰盛的治愈性伙食给她的盟友们带来急需的安慰。根据她的食谱，从她的煮锅里冒出来的令人垂涎的蒸汽能够对变得她的敌人来说十分致命。当她不给战友们下命令的时候，她会分享她的丰富经验，对于如何引诱并屠宰任何野兽……或人。]]></entry>
    <entry id="action_verbose_body_blacksmith_cook"><![CDATA[巡回厨师从不离开她的厨刀，因为它的致命程度和它的实用程度旗鼓相当。她还带来了她最喜欢的勺子，还有永远都会带着的一小瓶她自己的能增加了独特的口味的秘密配方。她的围裙虽然很实用，但几乎不能起到防护作用。]]></entry>
    <entry id="action_verbose_body_camping_trainer_cook"><![CDATA[没有比篝火更好的地方可以让巡回厨师充分展示她高超技艺的潜能了，她能把一个临时的露营地变成一个豪华的宴会厅。在她的同伴饱餐一顿之后，她还可以用一些奇怪的混合物帮助他们净化自己的肠胃。]]></entry>	

	<entry id="town_event_title_first_cook"><![CDATA[给穷人的汤]]></entry>
	<entry id="town_event_description_first_cook"><![CDATA[有人开始在贫民窟分发免费食物。在这个艰苦的时代，必须充分利用各行各业的人才。]]></entry>
	<entry id="town_event_title_gourmets"><![CDATA[美味佳肴]]></entry>
	<entry id="town_event_description_gourmets"><![CDATA[巡回厨师已宣布举办美食周，以准备丰盛的宴会与精致的菜肴来感谢丰收。我们的新兵可不会抱怨吃得比平时要更好。]]></entry>

	<entry id="str_inventory_title_trinketcook_fish_bones"><![CDATA[鱼骨]]></entry>
	<entry id="str_inventory_title_trinketcook_cleaver"><![CDATA[剁肉刀]]></entry>
	<entry id="str_inventory_title_trinketcook_bottled_snake"><![CDATA[瓶装蛇]]></entry>
	<entry id="str_inventory_title_trinketcook_spices"><![CDATA[香料收藏]]></entry>
	<entry id="str_inventory_title_trinketcook_knives"><![CDATA[厨刀套组]]></entry>
	<entry id="str_inventory_set_title_cc_cook"><![CDATA[“成功的秘密配方。”]]></entry>
	<entry id="str_inventory_title_trinketcook_cockade"><![CDATA[厨王帽章]]></entry>
	<entry id="str_inventory_title_trinketcook_pendant"><![CDATA[一瓶独特的原料]]></entry>
	<entry id="str_inventory_title_trinketcook_glasses"><![CDATA[维度眼镜]]></entry>
	<entry id="str_inventory_title_trinketcook_head"><![CDATA[巴贝特的头颅]]></entry>
	<entry id="str_inventory_title_trinketcook_furin"><![CDATA[风铃]]></entry>

    <entry id="combat_skill_name_cook_maincourse"><![CDATA[主菜]]></entry>
	<entry id="combat_skill_name_cook_butcher"><![CDATA[屠夫片肉]]></entry>
    <entry id="combat_skill_name_cook_condiment"><![CDATA[神秘调料]]></entry>
    <entry id="combat_skill_name_cook_entremet"><![CDATA[附加菜]]></entry>
    <entry id="combat_skill_name_cook_choicepiece"><![CDATA[精挑细选]]></entry>
    <entry id="combat_skill_name_cook_poisonedbait"><![CDATA[毒饵]]></entry>
    <entry id="combat_skill_name_cook_commis"><![CDATA[厨助]]></entry>
    <entry id="combat_skill_name_cook_move"><![CDATA[移动]]></entry>
    <entry id="upgrade_tree_name_cook.maincourse"><![CDATA[主菜]]></entry>
    <entry id="upgrade_tree_name_cook.butcher"><![CDATA[屠夫片肉]]></entry>
    <entry id="upgrade_tree_name_cook.condiment"><![CDATA[神秘调料]]></entry>
    <entry id="upgrade_tree_name_cook.entremet"><![CDATA[附加菜]]></entry>
    <entry id="upgrade_tree_name_cook.choicepiece"><![CDATA[精挑细选]]></entry>
    <entry id="upgrade_tree_name_cook.poisonedbait"><![CDATA[毒饵]]></entry>
    <entry id="upgrade_tree_name_cook.commis"><![CDATA[厨助]]></entry>

    <entry id="camping_skill_name_abundance"><![CDATA[盛宴]]></entry>
    <entry id="camping_skill_name_purge"><![CDATA[通便香料]]></entry>
    <entry id="camping_skill_name_apetizer"><![CDATA[开胃菜]]></entry>
    <entry id="camping_skill_name_light_bearer"><![CDATA[挑灯人]]></entry>
	
	<entry id="cook_weapon_0"><![CDATA[旧餐具]]></entry>
    <entry id="cook_weapon_1"><![CDATA[整齐的餐具]]></entry>
    <entry id="cook_weapon_2"><![CDATA[银制餐具]]></entry>
    <entry id="cook_weapon_3"><![CDATA[厨师的餐具]]></entry>
    <entry id="cook_weapon_4"><![CDATA[“味之机敏”]]></entry>
    <entry id="upgrade_tree_name_cook.weapon"><![CDATA[餐具]]></entry>

    <entry id="cook_armour_0"><![CDATA[破旧的围裙]]></entry>
    <entry id="cook_armour_1"><![CDATA[肮脏的围棋]]></entry>
    <entry id="cook_armour_2"><![CDATA[厨房的围裙]]></entry>
    <entry id="cook_armour_3"><![CDATA[大厨的围裙]]></entry>
    <entry id="cook_armour_4"><![CDATA[“五星级”]]></entry>
    <entry id="upgrade_tree_name_cook.armour"><![CDATA[围裙]]></entry>

    <entry id="actor_mode_name_nocooking"><![CDATA[战斗]]></entry>
    <entry id="actor_mode_name_cooking"><![CDATA[烹饪]]></entry>
    <entry id="str_skill_mode_info_nocooking"><![CDATA[{colour_start|specificclass}战斗：{colour_end}]]></entry>
    <entry id="str_skill_mode_info_cooking"><![CDATA[{colour_start|specificclass}烹饪：{colour_end}]]></entry>
	<entry id="buff_rule_data_tooltip_nocooking"><![CDATA[战斗]]></entry>
	<entry id="buff_rule_data_tooltip_cooking"><![CDATA[烹饪]]></entry>
	<entry id="buff_rule_tooltip_in_mode_false"><![CDATA[%s 如果不在%s模式]]></entry>

	<entry id="effect_tooltip_target_enemy_group"><![CDATA[敌方队伍：]]></entry>
	<entry id="buff_bsrc_notspecified"><![CDATA[]]></entry>
    <entry id="buff_stat_tooltip_hp_dot_poison_amount_percent"><![CDATA[+%d%%{colour_start|blight}腐蚀{colour_end}技能效果]]></entry>
	<entry id="buff_stat_tooltip_hp_dot_bleed_amount_percent"><![CDATA[+%d%%{colour_start|bleed}流血{colour_end}技能效果]]></entry>
	<entry id="buff_stat_tooltip_hp_heal_dot_amount_percent"><![CDATA[+%d%%{colour_start|healhp}恢复{colour_end}技能效果]]></entry>
	<entry id="buff_stat_tooltip_hp_heal_dot_duration_percent"><![CDATA[+%d%%{colour_start|healhp}恢复{colour_end}技能持续时间]]></entry>
	<entry id="buff_stat_tooltip_hp_heal_dot_amount_received_percent"><![CDATA[+%d%%受到的{colour_start|healhp}恢复{colour_end}技能效果]]></entry>
	<entry id="buff_stat_tooltip_hp_heal_dot_duration_received_percent"><![CDATA[+%d%%受到的{colour_start|healhp}恢复{colour_end}技能持续时间]]></entry>
	<entry id="buff_rule_data_tooltip_maincourse"><![CDATA[主菜]]></entry>
	<entry id="buff_rule_data_tooltip_butcher"><![CDATA[屠夫片肉]]></entry>
    <entry id="str_quirk_name_binge"><![CDATA[暴饮暴食]]></entry>
	<entry id="buff_rule_data_tooltip_binge"><![CDATA[暴饮暴食]]></entry>	

	<entry id="buff_stat_tooltip_upgrade_discount_TT_Cook_StealHeal"><![CDATA[窃取{colour_start|healhp}恢复{colour_end}]]></entry>
	<entry id="buff_stat_tooltip_upgrade_discount_TT_MCourse_MoveBlock"><![CDATA[移动不可用]]></entry>
	<entry id="buff_stat_tooltip_upgrade_discount_TT_MCourse_HealBuff"><![CDATA[{colour_start|skill_unselectable}仅在战斗结束前{colour_end}]]></entry>
	<entry id="buff_stat_tooltip_upgrade_discount_TT_MCourse_HealStop"><![CDATA[结束{colour_start|healhp}恢复{colour_end}]]></entry>
	<entry id="buff_stat_tooltip_upgrade_discount_TT_MCourse_FinalBlight_1"><![CDATA[敌方队伍：
	{colour_start|blight}腐蚀{colour_end}{colour_start|skill_unselectable}（90%%基础概率）{colour_end}
	6伤害/回合 持续1回合]]></entry>
	<entry id="buff_stat_tooltip_upgrade_discount_TT_MCourse_FinalBlight_2"><![CDATA[敌方队伍：
	{colour_start|blight}腐蚀{colour_end} {colour_start|skill_unselectable}（100%%基础概率）{colour_end}
	7伤害/回合 持续1回合]]></entry>
	<entry id="buff_stat_tooltip_upgrade_discount_TT_MCourse_FinalBlight_3"><![CDATA[敌方队伍：
	{colour_start|blight}腐蚀{colour_end} {colour_start|skill_unselectable}（110%%基础概率）{colour_end}
	8伤害/回合 持续1回合]]></entry>
	<entry id="buff_stat_tooltip_upgrade_discount_TT_MCourse_FinalBlight_4"><![CDATA[敌方队伍：
	{colour_start|blight}腐蚀{colour_end} {colour_start|skill_unselectable}（120%%基础概率）{colour_end}
	9伤害/回合 持续1回合]]></entry>
	<entry id="buff_stat_tooltip_upgrade_discount_TT_MCourse_FinalBlight_5"><![CDATA[敌方队伍：
	{colour_start|blight}腐蚀{colour_end} {colour_start|skill_unselectable}（130%%基础概率）{colour_end}
	10伤害/回合 持续1回合]]></entry>
	<entry id="buff_stat_tooltip_upgrade_discount_TT_Condiment_Cont"><![CDATA[{colour_start|notable}继续回合{colour_end}]]></entry>
	<entry id="buff_stat_tooltip_upgrade_discount_TT_Condiment_2"><![CDATA[{colour_start|healhp}治疗{colour_end}1-2生命/回合 持续2回合]]></entry>
	<entry id="buff_stat_tooltip_upgrade_discount_TT_Condiment_4"><![CDATA[{colour_start|healhp}治疗{colour_end}2-3生命/回合 持续2回合]]></entry>
	<entry id="buff_stat_tooltip_upgrade_discount_TT_Entremet_2"><![CDATA[{colour_start|healhp}治疗{colour_end}2-3生命/回合 持续3回合]]></entry>
	<entry id="buff_stat_tooltip_upgrade_discount_TT_Entremet_4"><![CDATA[{colour_start|healhp}治疗{colour_end}3-4生命/回合 持续3回合]]></entry>
	<entry id="buff_stat_tooltip_upgrade_discount_TT_CPiece_EffRes"><![CDATA[-%d%%全部抗性]]></entry>
	<entry id="buff_stat_tooltip_upgrade_discount_TT_T_Spices_Heal"><![CDATA[友军技能：{colour_start|healhp}治疗{colour_end}0-2生命]]></entry>
	<entry id="buff_stat_tooltip_upgrade_discount_TT_T_Pendant_DMG"><![CDATA[友军技能：伤害1-2生命]]></entry>
	<entry id="buff_stat_tooltip_upgrade_discount_TT_T_Glasses_DDHeal"><![CDATA[-%d%%受到的{colour_start|healhp}治疗{colour_end}量 来自技能]]></entry>

    <entry id="cook+str_bark_encourage"><![CDATA[我知道你能肩负你的重担的。]]></entry>
    <entry id="cook+str_bark_encourage"><![CDATA[你是个坚强的人。你很容易能活到和我一样老。]]></entry>
    <entry id="cook+str_bark_encourage"><![CDATA[每个人都背负着他们沉重的过去。]]></entry>
    <entry id="cook+str_bark_first_aid"><![CDATA[我知道我有些药藏在某处……]]></entry>
    <entry id="cook+str_bark_first_aid"><![CDATA[我要用包里的一根带子做个绷带。]]></entry>
    <entry id="cook+str_bark_first_aid"><![CDATA[拿着这个然后站起来，我装得东西太重了，背不动你了。]]></entry>
    <entry id="cook+str_bark_pep_talk"><![CDATA[如果我能活这么久，那么你们也可以。我想。]]></entry>
    <entry id="cook+str_bark_pep_talk"><![CDATA[别碰我的包。每个人都可以拿到他们相应的份额的。]]></entry>
    <entry id="cook+str_bark_pep_talk"><![CDATA[我已经看过更糟的东西了。我们继续吧。]]></entry>

    <entry id="cook+str_bark_abundance"><![CDATA[配额足够。我们应该好好地对待自己了！]]></entry>
	<entry id="cook+str_bark_abundance"><![CDATA[那就是他们口中的食物？我会告诉你该怎么做出真正的食物的。]]></entry>
	<entry id="cook+str_bark_abundance"><![CDATA[如果死亡等着我们，我们不应该当个饿死鬼。]]></entry>
    <entry id="cook+str_bark_purge"><![CDATA[你需要排空你自己以便再次饱餐。]]></entry>
	<entry id="cook+str_bark_purge"><![CDATA[告诉过你了。你应该小心的。现在吃了那个吧。]]></entry>
	<entry id="cook+str_bark_purge"><![CDATA[空腹感应该会回来的，我说，但你实际的情况……]]></entry>
    <entry id="cook+str_bark_apetizer"><![CDATA[这会给你对于所烹饪之物的一瞥。]]></entry>
	<entry id="cook+str_bark_apetizer"><![CDATA[可能有点咸？但仍然是美味的开胃菜。]]></entry>
	<entry id="cook+str_bark_apetizer"><![CDATA[这可以让你摆脱掉上次战斗时留下的糟糕品味。]]></entry>
    <entry id="cook+str_bark_light_bearer"><![CDATA[我可以安装便携式的火盆。]]></entry>
	<entry id="cook+str_bark_light_bearer"><![CDATA[如果我设法能别烧掉我的包的话，我们应该能看得更清楚点。]]></entry>
	<entry id="cook+str_bark_light_bearer"><![CDATA[点燃火盆。我们的道路将被照亮。]]></entry>

	<entry id="cook+str_critbyhero"><![CDATA[那甚至都不能吃吧？]]></entry>
    <entry id="cook+str_critbyhero"><![CDATA[我们应该尝一小块吗？]]></entry>
    <entry id="cook+str_critbyhero"><![CDATA[你被款待了！]]></entry>
    <entry id="cook+str_critbyhero"><![CDATA[很有品位的一击。]]></entry>
    <entry id="cook+str_critbyhero"><![CDATA[对我的浓汤来说还不够好。]]></entry>
    <entry id="cook+str_critbyhero"><![CDATA[你只是块生肉而已。]]></entry>
    <entry id="cook+str_critbyhero"><![CDATA[尝尝那个！]]></entry>
    <entry id="cook+str_critbyhero"><![CDATA[哈！足够容易消化了吧？]]></entry>

    <entry id="str_cook_maincourse"><![CDATA[祝你好胃口！]]></entry>
    <entry id="str_cook_maincourse"><![CDATA[你坐这。]]></entry>
    <entry id="str_cook_maincourse"><![CDATA[晚餐准备好了。]]></entry>
    <entry id="str_cook_maincourse"><![CDATA[注意点，这很烫的。]]></entry>
    <entry id="str_cook_maincourse"><![CDATA[算是厨师的一点敬意。]]></entry>
    <entry id="str_cook_maincourse"><![CDATA[食物准备好了，拿好你的盘子。]]></entry>
    <entry id="str_cook_maincourse"><![CDATA[让我们吃一点吧。]]></entry>
    <entry id="str_cook_maincourse"><![CDATA[在你说它不好之前先尝尝。]]></entry>

    <entry id="str_cook_overfed"><![CDATA[*打嗝*]]></entry>
    <entry id="str_cook_overfed"><![CDATA[我再也吃不下了……]]></entry>
    <entry id="str_cook_overfed"><![CDATA[哦……我饱了。]]></entry>
    <entry id="str_cook_overfed"><![CDATA[那真的是……太多了。]]></entry>
    <entry id="str_cook_overfed"><![CDATA[我已经吃饱了，但是我就是停不下来。]]></entry>
    <entry id="str_cook_overfed"><![CDATA[为什么能这么好吃。]]></entry>

	<entry id="cook+str_monster_user_selected_targets_kill_pill"><![CDATA[我已经活了很久了……但我可不想像这样离世！]]></entry>
    <entry id="cook+str_bark_deathsdoor"><![CDATA[至少，我准备好去那头了……]]></entry>

    <entry id="cook+str_afflicted_abusive"><![CDATA[对你的长辈表示点尊敬！]]></entry>
	<entry id="cook+str_afflicted_paranoid"><![CDATA[你永远别想得到我的秘方！]]></entry>
    <entry id="cook+str_afflicted_selfish"><![CDATA[我应该得到更好的份额。是我背着所有的东西呢！]]></entry>
    <entry id="cook+str_afflicted_depressed"><![CDATA[要问我怎么想的？我可没有预料到。]]></entry>
    <entry id="cook+str_afflicted_irrational"><![CDATA[放点这个……加上那个……然后也许再放更多盐？！]]></entry>
    <entry id="cook+str_afflicted_fearful"><![CDATA[我希望你享受你最后的一餐……]]></entry>
    <entry id="cook+str_afflicted_masochistic"><![CDATA[让痛苦都来吧！我就再也不会感受倒我的背痛了。]]></entry>

	<entry id="str_inventory_title_supplycook_common_A"><![CDATA[蛀尸蠕虫]]></entry>
	<entry id="str_inventory_title_supplycook_common_B"><![CDATA[恶臭胆汁]]></entry>
	<entry id="str_inventory_title_supplycook_common_C"><![CDATA[片腰子]]></entry>
	<entry id="str_inventory_title_supplycook_crypts_A"><![CDATA[肱骨香粉]]></entry>
	<entry id="str_inventory_title_supplycook_crypts_B"><![CDATA[老化毛发]]></entry>
	<entry id="str_inventory_title_supplycook_cove_A"><![CDATA[鱼眼]]></entry>
	<entry id="str_inventory_title_supplycook_cove_B"><![CDATA[肝油]]></entry>
	<entry id="str_inventory_title_supplycook_warrens_A"><![CDATA[无污肋排]]></entry>
	<entry id="str_inventory_title_supplycook_warrens_B"><![CDATA[猪尾巴]]></entry>
	<entry id="str_inventory_title_supplycook_weald_A"><![CDATA[突变羊肚菌]]></entry>
	<entry id="str_inventory_title_supplycook_weald_B"><![CDATA[变异蜜环菌]]></entry>
	<entry id="str_inventory_title_supplycook_courtyard_A"><![CDATA[泡制水蛭]]></entry>
	<entry id="str_inventory_title_supplycook_courtyard_B"><![CDATA[奇怪的醋]]></entry>
	<entry id="str_inventory_title_supplycook_farm_A"><![CDATA[水晶胡萝卜]]></entry>
	<entry id="str_inventory_title_supplycook_farm_B"><![CDATA[宇宙果冻]]></entry>
	<entry id="str_inventory_title_supplycook_SI_A"><![CDATA[奇怪的黄瓜]]></entry>
	<entry id="str_inventory_title_supplycook_SI_B"><![CDATA[妖怪精华]]></entry>

	<entry id="str_inventory_description_supplycook_common_A"><![CDATA[看起来能吃，大概吧。]]></entry>
	<entry id="str_inventory_description_supplycook_common_B"><![CDATA[看起来能吃，大概吧。]]></entry>
	<entry id="str_inventory_description_supplycook_common_C"><![CDATA[看起来能吃，大概吧。]]></entry>
	<entry id="str_inventory_description_supplycook_crypts_A"><![CDATA[看起来能吃，大概吧。]]></entry>
	<entry id="str_inventory_description_supplycook_crypts_B"><![CDATA[看起来能吃，大概吧。]]></entry>
	<entry id="str_inventory_description_supplycook_cove_A"><![CDATA[看起来能吃，大概吧。]]></entry>
	<entry id="str_inventory_description_supplycook_cove_B"><![CDATA[看起来能吃，大概吧。]]></entry>
	<entry id="str_inventory_description_supplycook_warrens_A"><![CDATA[看起来能吃，大概吧。]]></entry>
	<entry id="str_inventory_description_supplycook_warrens_B"><![CDATA[看起来能吃，大概吧。]]></entry>
	<entry id="str_inventory_description_supplycook_weald_A"><![CDATA[看起来能吃，大概吧。]]></entry>
	<entry id="str_inventory_description_supplycook_weald_B"><![CDATA[看起来能吃，大概吧。]]></entry>
	<entry id="str_inventory_description_supplycook_courtyard_A"><![CDATA[看起来能吃，大概吧。]]></entry>
	<entry id="str_inventory_description_supplycook_courtyard_B"><![CDATA[看起来能吃，大概吧。]]></entry>
	<entry id="str_inventory_description_supplycook_farm_A"><![CDATA[看起来能吃，大概吧。]]></entry>
	<entry id="str_inventory_description_supplycook_farm_B"><![CDATA[看起来能吃，大概吧。]]></entry>
	<entry id="str_inventory_description_supplycook_SI_A"><![CDATA[看起来能吃，大概吧。]]></entry>
	<entry id="str_inventory_description_supplycook_SI_B"><![CDATA[看起来能吃，大概吧。]]></entry>


	<entry id="str_cook_supply"><![CDATA[我一定要吃那个吗？]]></entry>
	<entry id="str_cook_supply"><![CDATA[呃……我能做到的。]]></entry>
	<entry id="str_cook_supply"><![CDATA[看起来很奇怪，但是挺不错。]]></entry>
	<entry id="str_cook_supply"><![CDATA[粘糊糊的……但还算满意。]]></entry>
	<entry id="str_cook_supply"><![CDATA[哦……其实没那么难吃。]]></entry>
	<entry id="str_cook_supply"><![CDATA[恶心。等等……我感觉好多了！]]></entry>
	<entry id="str_cook_supply"><![CDATA[我不能否认它的恢复作用。]]></entry>
	<entry id="cook+str_cook_supply"><![CDATA[好吃！]]></entry>
	<entry id="cook+str_cook_supply"><![CDATA[你们不知道你们都错过些了什么。]]></entry>
	<entry id="cook+str_cook_supply"><![CDATA[都是好吃的菜！]]></entry>
	<entry id="cook+str_cook_supply"><![CDATA[*吞咽*你们也来一口！]]></entry>
	<entry id="cook+str_cook_supply"><![CDATA[*吞咽*哦……你们想来一些吗？]]></entry>

  </language>

</root>